x value,timestamp,topic,value
0.5000000007263924,1766740132.106816383,/ground_truth.poses[1].position.y,0.5
0.5000000007263924,1766740132.124018833,/ground_truth.poses[1].position.y,0.5
0.5000000007263924,1766740132.145772988,/ground_truth.poses[1].position.y,0.5
0.5000000007263924,1766740132.164072476,/ground_truth.poses[1].position.y,0.5
0.5000000007263924,1766740132.184561360,/ground_truth.poses[1].position.y,0.5
0.5000000007263924,1766740132.204306115,/ground_truth.poses[1].position.y,0.5
0.5000000007263924,1766740132.224101725,/ground_truth.poses[1].position.y,0.5
0.5000000007263924,1766740132.244753622,/ground_truth.poses[1].position.y,0.5
0.5000000007263924,1766740132.263705789,/ground_truth.poses[1].position.y,0.5
0.5000000007263924,1766740132.283997344,/ground_truth.poses[1].position.y,0.5
0.5000000007263924,1766740132.304584461,/ground_truth.poses[1].position.y,0.5
0.5000000007263924,1766740132.324330158,/ground_truth.poses[1].position.y,0.5
0.5000000007263924,1766740132.344706050,/ground_truth.poses[1].position.y,0.5
0.5000000007263924,1766740132.364649556,/ground_truth.poses[1].position.y,0.5
0.5000000007263924,1766740132.384114990,/ground_truth.poses[1].position.y,0.5
0.5000000007263924,1766740132.404635272,/ground_truth.poses[1].position.y,0.5
0.5000000007263924,1766740132.424506814,/ground_truth.poses[1].position.y,0.5
0.5000000007263924,1766740132.444169876,/ground_truth.poses[1].position.y,0.5
0.5000000007263924,1766740132.464668278,/ground_truth.poses[1].position.y,0.5
0.5000000007263924,1766740132.484455813,/ground_truth.poses[1].position.y,0.5
0.5000000007263924,1766740132.504601726,/ground_truth.poses[1].position.y,0.5
0.5000000007263924,1766740132.524812892,/ground_truth.poses[1].position.y,0.5
0.5000000007263924,1766740132.545027283,/ground_truth.poses[1].position.y,0.5
0.5000000007263924,1766740132.564514938,/ground_truth.poses[1].position.y,0.5
0.5000000007263924,1766740132.584673095,/ground_truth.poses[1].position.y,0.5
0.5000000007263924,1766740132.605346723,/ground_truth.poses[1].position.y,0.5
0.5000000007263924,1766740132.624529549,/ground_truth.poses[1].position.y,0.5
0.5000000007263924,1766740132.644828518,/ground_truth.poses[1].position.y,0.5
0.5000000007263924,1766740132.664887720,/ground_truth.poses[1].position.y,0.5
0.5000000007263924,1766740132.685240380,/ground_truth.poses[1].position.y,0.5
0.5000000007263924,1766740132.704900867,/ground_truth.poses[1].position.y,0.5
0.5000000007263924,1766740132.725143702,/ground_truth.poses[1].position.y,0.5
0.5000000007263924,1766740132.745333267,/ground_truth.poses[1].position.y,0.5
0.5000000007263924,1766740132.764839256,/ground_truth.poses[1].position.y,0.5
0.5000000007263924,1766740132.785161720,/ground_truth.poses[1].position.y,0.5
0.5000000007263924,1766740132.805414733,/ground_truth.poses[1].position.y,0.5
0.5000000007263924,1766740132.825291514,/ground_truth.poses[1].position.y,0.5
0.5000000007263924,1766740132.845715998,/ground_truth.poses[1].position.y,0.5
0.5000000007263924,1766740132.865171303,/ground_truth.poses[1].position.y,0.5
0.5000000007263924,1766740132.885747700,/ground_truth.poses[1].position.y,0.5
0.5000000007263924,1766740132.906011433,/ground_truth.poses[1].position.y,0.5
0.5000000007263924,1766740132.925628089,/ground_truth.poses[1].position.y,0.5
0.5000000007263924,1766740132.945498659,/ground_truth.poses[1].position.y,0.5
0.5000000007263924,1766740132.965514379,/ground_truth.poses[1].position.y,0.5
0.5000000007263924,1766740132.985475739,/ground_truth.poses[1].position.y,0.5
0.5000000007263924,1766740133.006110705,/ground_truth.poses[1].position.y,0.5
0.5000000007263924,1766740133.025654916,/ground_truth.poses[1].position.y,0.5
0.5000000007263924,1766740133.046069841,/ground_truth.poses[1].position.y,0.5
0.5000000007263924,1766740133.065976228,/ground_truth.poses[1].position.y,0.5
0.5000000007263924,1766740133.085866635,/ground_truth.poses[1].position.y,0.5
0.5000000007263924,1766740133.106871832,/ground_truth.poses[1].position.y,0.5
0.5000000007263924,1766740133.125842563,/ground_truth.poses[1].position.y,0.5
0.5000000007263924,1766740133.146484101,/ground_truth.poses[1].position.y,0.5
0.5000000007263924,1766740133.166045363,/ground_truth.poses[1].position.y,0.5
0.5000000007263924,1766740133.186278951,/ground_truth.poses[1].position.y,0.5
0.5000000007263924,1766740133.206488974,/ground_truth.poses[1].position.y,0.5
0.5000000007263924,1766740133.226223760,/ground_truth.poses[1].position.y,0.5
0.5000000007263924,1766740133.246136309,/ground_truth.poses[1].position.y,0.5
0.5000000007263924,1766740133.266357432,/ground_truth.poses[1].position.y,0.5
0.5000000007263924,1766740133.286270041,/ground_truth.poses[1].position.y,0.5
0.5000000007263924,1766740133.306394054,/ground_truth.poses[1].position.y,0.5
0.5000000007263924,1766740133.326475266,/ground_truth.poses[1].position.y,0.5
0.5000000007263924,1766740133.346695759,/ground_truth.poses[1].position.y,0.5
0.5000000007263924,1766740133.366574855,/ground_truth.poses[1].position.y,0.5
0.5000000007263924,1766740133.386534932,/ground_truth.poses[1].position.y,0.5
0.5000000007263924,1766740133.406910795,/ground_truth.poses[1].position.y,0.5
0.5000000007263924,1766740133.426834573,/ground_truth.poses[1].position.y,0.5
0.5000000007263924,1766740133.446968905,/ground_truth.poses[1].position.y,0.5
0.5000000007263924,1766740133.466625185,/ground_truth.poses[1].position.y,0.5
0.5000000007263924,1766740133.487129698,/ground_truth.poses[1].position.y,0.5
0.5000000007263924,1766740133.507386108,/ground_truth.poses[1].position.y,0.5
0.5000000007263924,1766740133.526979501,/ground_truth.poses[1].position.y,0.5
0.5000000007263924,1766740133.547558663,/ground_truth.poses[1].position.y,0.5
0.5000000007263924,1766740133.566890397,/ground_truth.poses[1].position.y,0.5
0.5000000007263924,1766740133.586967121,/ground_truth.poses[1].position.y,0.5
0.5000000007263924,1766740133.607898561,/ground_truth.poses[1].position.y,0.5
0.5000000007263924,1766740133.627177356,/ground_truth.poses[1].position.y,0.5
0.5000000007263924,1766740133.647762349,/ground_truth.poses[1].position.y,0.5
0.5000000007263924,1766740133.666967998,/ground_truth.poses[1].position.y,0.5
0.5000000007263924,1766740133.687504561,/ground_truth.poses[1].position.y,0.5
0.5000000007263924,1766740133.707986612,/ground_truth.poses[1].position.y,0.5
0.5000000007263924,1766740133.727309089,/ground_truth.poses[1].position.y,0.5
0.5000000007263924,1766740133.748046536,/ground_truth.poses[1].position.y,0.5
0.5000000007263924,1766740133.767601938,/ground_truth.poses[1].position.y,0.5
0.5000000007263924,1766740133.787654607,/ground_truth.poses[1].position.y,0.5
0.5000000007263924,1766740133.808024098,/ground_truth.poses[1].position.y,0.5
0.5000000007263924,1766740133.827693272,/ground_truth.poses[1].position.y,0.5
0.5000000007263924,1766740133.847915518,/ground_truth.poses[1].position.y,0.5
0.5000000007263924,1766740133.867773885,/ground_truth.poses[1].position.y,0.5
0.5000000007263924,1766740133.887733361,/ground_truth.poses[1].position.y,0.5
0.5000000007263924,1766740133.908692662,/ground_truth.poses[1].position.y,0.5
0.5000000007263924,1766740133.927629710,/ground_truth.poses[1].position.y,0.5
0.5000000007263924,1766740133.948369933,/ground_truth.poses[1].position.y,0.5
0.5000000007263924,1766740133.968065386,/ground_truth.poses[1].position.y,0.5
0.5000000007263924,1766740133.988057803,/ground_truth.poses[1].position.y,0.5
0.5000000007263924,1766740134.008368514,/ground_truth.poses[1].position.y,0.5
0.5000000007263924,1766740134.028364268,/ground_truth.poses[1].position.y,0.5
0.5000000007263924,1766740134.048423359,/ground_truth.poses[1].position.y,0.5
0.5000000007263924,1766740134.068202549,/ground_truth.poses[1].position.y,0.5
0.5000000007263924,1766740134.088514442,/ground_truth.poses[1].position.y,0.5
0.5000000007263924,1766740134.108643364,/ground_truth.poses[1].position.y,0.5
0.5000000007263924,1766740134.128597069,/ground_truth.poses[1].position.y,0.5
0.5000000007263924,1766740134.148607029,/ground_truth.poses[1].position.y,0.5
0.5000000007263924,1766740134.168533643,/ground_truth.poses[1].position.y,0.5
0.5000000007263924,1766740134.188797787,/ground_truth.poses[1].position.y,0.5
0.5000000007263924,1766740134.208585492,/ground_truth.poses[1].position.y,0.5
0.5000000007263924,1766740134.228630417,/ground_truth.poses[1].position.y,0.5
0.5000000007263924,1766740134.249038591,/ground_truth.poses[1].position.y,0.5
0.5000000007263924,1766740134.268278403,/ground_truth.poses[1].position.y,0.5
0.5000000007263924,1766740134.288723445,/ground_truth.poses[1].position.y,0.5
0.5000000007263924,1766740134.309214553,/ground_truth.poses[1].position.y,0.5
0.5000000007263924,1766740134.328368616,/ground_truth.poses[1].position.y,0.5
0.5000000007263924,1766740134.348932469,/ground_truth.poses[1].position.y,0.5
0.5000000007263924,1766740134.368579993,/ground_truth.poses[1].position.y,0.5
0.5000000007263924,1766740134.388864184,/ground_truth.poses[1].position.y,0.5
0.5000000007263924,1766740134.409491637,/ground_truth.poses[1].position.y,0.5
0.5000000007263924,1766740134.428620362,/ground_truth.poses[1].position.y,0.5
0.5000000007263924,1766740134.449083668,/ground_truth.poses[1].position.y,0.5
0.5000000007263924,1766740134.468560824,/ground_truth.poses[1].position.y,0.5
0.5000000007263924,1766740134.488909435,/ground_truth.poses[1].position.y,0.5
0.5000000007263924,1766740134.509658515,/ground_truth.poses[1].position.y,0.5
0.5000000007263924,1766740134.528810223,/ground_truth.poses[1].position.y,0.5
0.5000000007263924,1766740134.549166700,/ground_truth.poses[1].position.y,0.5
0.5000000007263924,1766740134.569274221,/ground_truth.poses[1].position.y,0.5
0.5000000007263924,1766740134.589213660,/ground_truth.poses[1].position.y,0.5
0.5000000007263924,1766740134.609785398,/ground_truth.poses[1].position.y,0.5
0.5000000007263924,1766740134.629350027,/ground_truth.poses[1].position.y,0.5
0.5000000007263924,1766740134.649539011,/ground_truth.poses[1].position.y,0.5
0.5000000007263924,1766740134.669357754,/ground_truth.poses[1].position.y,0.5
0.5000000007263924,1766740134.689273799,/ground_truth.poses[1].position.y,0.5
0.5000000007263924,1766740134.710068663,/ground_truth.poses[1].position.y,0.5
0.5000000007263924,1766740134.730220268,/ground_truth.poses[1].position.y,0.5
0.5000000007263924,1766740134.750086169,/ground_truth.poses[1].position.y,0.5
0.5000000007263924,1766740134.769697154,/ground_truth.poses[1].position.y,0.5
0.5000000007263924,1766740134.789514705,/ground_truth.poses[1].position.y,0.5
0.5000000007263924,1766740134.809727043,/ground_truth.poses[1].position.y,0.5
0.5000000007263924,1766740134.829971550,/ground_truth.poses[1].position.y,0.5
0.5000000007263924,1766740134.849808016,/ground_truth.poses[1].position.y,0.5
0.5000000007263924,1766740134.869903656,/ground_truth.poses[1].position.y,0.5
0.5000000007263924,1766740134.889814671,/ground_truth.poses[1].position.y,0.5
0.5000000007263924,1766740134.909758708,/ground_truth.poses[1].position.y,0.5
0.5000000007263924,1766740134.930179054,/ground_truth.poses[1].position.y,0.5
0.5000000007263924,1766740134.950834298,/ground_truth.poses[1].position.y,0.5
0.5000000007263924,1766740134.969783448,/ground_truth.poses[1].position.y,0.5
0.5000000007263924,1766740134.990203964,/ground_truth.poses[1].position.y,0.5
0.5000000007263924,1766740135.010512001,/ground_truth.poses[1].position.y,0.5
0.5000000007263924,1766740135.030178239,/ground_truth.poses[1].position.y,0.5
0.5000000007263924,1766740135.050237902,/ground_truth.poses[1].position.y,0.5
0.5000000007263924,1766740135.070488320,/ground_truth.poses[1].position.y,0.5
0.5000000007263924,1766740135.090275074,/ground_truth.poses[1].position.y,0.5
0.5000000007263924,1766740135.110397684,/ground_truth.poses[1].position.y,0.5
0.5000000007263924,1766740135.130550761,/ground_truth.poses[1].position.y,0.5
0.5000000007263924,1766740135.150975104,/ground_truth.poses[1].position.y,0.5
0.5000000007263924,1766740135.170649197,/ground_truth.poses[1].position.y,0.5
0.5000000007263924,1766740135.190818074,/ground_truth.poses[1].position.y,0.5
0.5000000007263924,1766740135.211439074,/ground_truth.poses[1].position.y,0.5
0.5000000007263924,1766740135.230504191,/ground_truth.poses[1].position.y,0.5
0.5000000007263924,1766740135.250913235,/ground_truth.poses[1].position.y,0.5
0.5000000007263924,1766740135.270676064,/ground_truth.poses[1].position.y,0.5
0.5000000007263924,1766740135.290965666,/ground_truth.poses[1].position.y,0.5
0.5000000007263924,1766740135.311747045,/ground_truth.poses[1].position.y,0.5
0.5000000007263924,1766740135.330711003,/ground_truth.poses[1].position.y,0.5
0.5000000007263924,1766740135.351396764,/ground_truth.poses[1].position.y,0.5
0.5000000007263924,1766740135.371505970,/ground_truth.poses[1].position.y,0.5
0.5000000007263924,1766740135.390752024,/ground_truth.poses[1].position.y,0.5
0.5000000007263924,1766740135.411793890,/ground_truth.poses[1].position.y,0.5
0.5000000007263924,1766740135.431261017,/ground_truth.poses[1].position.y,0.5
0.5000000007263924,1766740135.451321230,/ground_truth.poses[1].position.y,0.5
0.5005047671477038,1766740135.471549017,/ground_truth.poses[1].position.y,0.500000000082478
0.5021865922273817,1766740135.491419166,/ground_truth.poses[1].position.y,0.5000000003572849
0.5045407168475873,1766740135.511993960,/ground_truth.poses[1].position.y,0.5000000007419438
0.5068948414681771,1766740135.531414820,/ground_truth.poses[1].position.y,0.5000000011266028
0.5092489660888252,1766740135.551761649,/ground_truth.poses[1].position.y,0.5000000015112618
0.5116030907095308,1766740135.571740210,/ground_truth.poses[1].position.y,0.5000000018959208
0.513957215330289,1766740135.591339353,/ground_truth.poses[1].position.y,0.5000000022805797
0.516311339951097,1766740135.612007692,/ground_truth.poses[1].position.y,0.5000000026652387
0.5182172795081302,1766740135.631883882,/ground_truth.poses[1].position.y,0.5000000029766654
0.5203473042697601,1766740135.651946490,/ground_truth.poses[1].position.y,0.500000003324707
0.5224773388010678,1766740135.671619401,/ground_truth.poses[1].position.y,0.5000000036727502
0.5248314585371896,1766740135.691929481,/ground_truth.poses[1].position.y,0.5000000040574084
0.5267374029791693,1766740135.712203774,/ground_truth.poses[1].position.y,0.5000000043688358
0.5281951477028504,1766740135.731677915,/ground_truth.poses[1].position.y,0.5000000046070286
0.5305492625539988,1766740135.751929415,/ground_truth.poses[1].position.y,0.5000000049916861
0.5329033871751496,1766740135.771864395,/ground_truth.poses[1].position.y,0.500000005376345
0.5352575117963471,1766740135.791779939,/ground_truth.poses[1].position.y,0.500000005761004
0.537387546328057,1766740135.812107522,/ground_truth.poses[1].position.y,0.5000000061090473
0.5392934810006395,1766740135.831863868,/ground_truth.poses[1].position.y,0.500000006420473
0.5398548605561647,1766740135.852802612,/ground_truth.poses[1].position.y,0.500000006512202
0.5404162254567569,1766740135.871796595,/ground_truth.poses[1].position.y,0.5000000066039286
0.5409775903573462,1766740135.892095064,/ground_truth.poses[1].position.y,0.5000000066956553
0.5409775903573462,1766740135.913175411,/ground_truth.poses[1].position.y,0.5000000066956553
0.5409775903573462,1766740135.932097070,/ground_truth.poses[1].position.y,0.5000000066956553
0.5409775903573462,1766740135.952637570,/ground_truth.poses[1].position.y,0.5000000066956553
0.5409775903573462,1766740135.972296535,/ground_truth.poses[1].position.y,0.5000000066956553
0.5410341796877473,1766740135.992476492,/ground_truth.poses[1].position.y,0.5000000067049027
0.5411473546487365,1766740136.013162393,/ground_truth.poses[1].position.y,0.5000000067233962
0.5417087146642563,1766740136.032491373,/ground_truth.poses[1].position.y,0.500000006815122
0.5422700795647528,1766740136.052889667,/ground_truth.poses[1].position.y,0.5000000069068486
0.5428314444652476,1766740136.072385117,/ground_truth.poses[1].position.y,0.5000000069985753
0.5433928093657431,1766740136.092544135,/ground_truth.poses[1].position.y,0.5000000070903019
0.543954174266238,1766740136.113666361,/ground_truth.poses[1].position.y,0.5000000071820285
0.5445155391667317,1766740136.132532406,/ground_truth.poses[1].position.y,0.5000000072737552
0.5450769040672249,1766740136.152763478,/ground_truth.poses[1].position.y,0.5000000073654818
0.545638268967718,1766740136.173159769,/ground_truth.poses[1].position.y,0.5000000074572084
0.5461996338682107,1766740136.192506582,/ground_truth.poses[1].position.y,0.500000007548935
0.5467609987687033,1766740136.213259849,/ground_truth.poses[1].position.y,0.5000000076406617
0.5473223636691951,1766740136.232818036,/ground_truth.poses[1].position.y,0.5000000077323883
0.5478837285696866,1766740136.253009364,/ground_truth.poses[1].position.y,0.5000000078241149
0.5484450934701772,1766740136.272918285,/ground_truth.poses[1].position.y,0.5000000079158415
0.549006458370668,1766740136.293136624,/ground_truth.poses[1].position.y,0.5000000080075682
0.5495678232711584,1766740136.313691611,/ground_truth.poses[1].position.y,0.5000000080992948
0.5501291881716486,1766740136.333321462,/ground_truth.poses[1].position.y,0.5000000081910214
0.5506905530721374,1766740136.353189848,/ground_truth.poses[1].position.y,0.500000008282748
0.5512519179726267,1766740136.373407525,/ground_truth.poses[1].position.y,0.5000000083744747
0.5518132828731153,1766740136.393370177,/ground_truth.poses[1].position.y,0.5000000084662013
0.5523746477736043,1766740136.413279850,/ground_truth.poses[1].position.y,0.5000000085579279
0.5529360126740915,1766740136.433105546,/ground_truth.poses[1].position.y,0.5000000086496545
0.5534973775745783,1766740136.453427618,/ground_truth.poses[1].position.y,0.5000000087413812
0.5540587424750648,1766740136.473159800,/ground_truth.poses[1].position.y,0.5000000088331078
0.5546201073755511,1766740136.493503703,/ground_truth.poses[1].position.y,0.5000000089248344
0.5551814722760379,1766740136.513589725,/ground_truth.poses[1].position.y,0.500000009016561
0.5557428371765242,1766740136.533139115,/ground_truth.poses[1].position.y,0.5000000091082877
0.5563042020770096,1766740136.553832380,/ground_truth.poses[1].position.y,0.5000000092000143
0.5568655669774948,1766740136.573469184,/ground_truth.poses[1].position.y,0.5000000092917409
0.55742693187798,1766740136.593817575,/ground_truth.poses[1].position.y,0.5000000093834676
0.5579882967784646,1766740136.613904289,/ground_truth.poses[1].position.y,0.5000000094751942
0.5585496616789487,1766740136.633686353,/ground_truth.poses[1].position.y,0.5000000095669208
0.5591110265794326,1766740136.653695531,/ground_truth.poses[1].position.y,0.5000000096586474
0.5596723914799158,1766740136.673813984,/ground_truth.poses[1].position.y,0.5000000097503741
0.5602337563803992,1766740136.693828993,/ground_truth.poses[1].position.y,0.5000000098421007
0.5607951212808822,1766740136.714455073,/ground_truth.poses[1].position.y,0.5000000099338273
0.5611323960964893,1766740136.733653408,/ground_truth.poses[1].position.y,0.5000000099889381
0.5612455710575811,1766740136.753688485,/ground_truth.poses[1].position.y,0.5000000100074316
0.5612455710575811,1766740136.773772784,/ground_truth.poses[1].position.y,0.5000000100074316
0.5612455710575811,1766740136.793931882,/ground_truth.poses[1].position.y,0.5000000100074316
0.5612455710575811,1766740136.814470538,/ground_truth.poses[1].position.y,0.5000000100074316
0.5612455710575811,1766740136.833485702,/ground_truth.poses[1].position.y,0.5000000100074316
0.5612455710575811,1766740136.854022495,/ground_truth.poses[1].position.y,0.5000000100074316
0.5612455710575811,1766740136.873807295,/ground_truth.poses[1].position.y,0.5000000100074316
0.5612455710575811,1766740136.893830790,/ground_truth.poses[1].position.y,0.5000000100074316
0.5612455710575811,1766740136.914842479,/ground_truth.poses[1].position.y,0.5000000100074316
0.5612455710575811,1766740136.934151862,/ground_truth.poses[1].position.y,0.5000000100074316
0.5612455710575811,1766740136.954395017,/ground_truth.poses[1].position.y,0.5000000100074316
0.5612455710575811,1766740136.974273862,/ground_truth.poses[1].position.y,0.5000000100074316
0.5612455710575811,1766740136.993946182,/ground_truth.poses[1].position.y,0.5000000100074316
0.5612455710575811,1766740137.014767827,/ground_truth.poses[1].position.y,0.5000000100074316
0.5607416766958521,1766740137.034372591,/ground_truth.poses[1].position.y,0.500000009925096
0.5597338657459234,1766740137.054460115,/ground_truth.poses[1].position.y,0.5000000097604212
0.5560234923148121,1766740137.074666001,/ground_truth.poses[1].position.y,0.5000000095968957
0.5496329466740649,1766740137.094641797,/ground_truth.poses[1].position.y,0.500000008696968
0.5396524187891267,1766740137.114780337,/ground_truth.poses[1].position.y,0.5000000074044152
0.526763125652966,1766740137.134930027,/ground_truth.poses[1].position.y,0.5000000054768505
0.5127533320842028,1766740137.154844069,/ground_truth.poses[1].position.y,0.5000000033052632
0.49740344749819715,1766740137.174850121,/ground_truth.poses[1].position.y,0.5000000007636249
0.48115270386499814,1766740137.194634059,/ground_truth.poses[1].position.y,0.4999999982208322
0.4631136850810161,1766740137.215187313,/ground_truth.poses[1].position.y,0.49999999523036986
0.4446264712334222,1766740137.234972023,/ground_truth.poses[1].position.y,0.4999999921656036
0.42523839827680837,1766740137.254790656,/ground_truth.poses[1].position.y,0.4999999890983578
0.4045102343030793,1766740137.274694487,/ground_truth.poses[1].position.y,0.49999998565869397
0.38378206552709765,1766740137.294704939,/ground_truth.poses[1].position.y,0.49999998221902614
0.3630538967506579,1766740137.315043481,/ground_truth.poses[1].position.y,0.49999997877935837
0.3423257279737936,1766740137.334736049,/ground_truth.poses[1].position.y,0.4999999753396906
0.32159755919648714,1766740137.355181512,/ground_truth.poses[1].position.y,0.49999997190002293
0.300869390418753,1766740137.374971982,/ground_truth.poses[1].position.y,0.49999996846035527
0.2801412216406215,1766740137.395017519,/ground_truth.poses[1].position.y,0.4999999650206876
0.260309423585748,1766740137.415323471,/ground_truth.poses[1].position.y,0.49999996172976524
0.24182218102044614,1766740137.435074688,/ground_truth.poses[1].position.y,0.4999999586619607
0.22423134277644144,1766740137.455194673,/ground_truth.poses[1].position.y,0.4999999557428993
0.20983538069287877,1766740137.474978511,/ground_truth.poses[1].position.y,0.4999999531609921
0.19605415597022985,1766740137.495191670,/ground_truth.poses[1].position.y,0.49999995087003585
0.18272111660953788,1766740137.515823080,/ground_truth.poses[1].position.y,0.49999994865358477
0.16961217725692893,1766740137.535194548,/ground_truth.poses[1].position.y,0.4999999464743875
0.15829597815957147,1766740137.555425050,/ground_truth.poses[1].position.y,0.49999994459321073
0.1481002474928892,1766740137.575785915,/ground_truth.poses[1].position.y,0.49999994289592514
0.1402030577806891,1766740137.595392342,/ground_truth.poses[1].position.y,0.49999994139242665
0.13701802735883412,1766740137.616148003,/ground_truth.poses[1].position.y,0.49999993990720887
0.13701802735883412,1766740137.635422971,/ground_truth.poses[1].position.y,0.49999993990720887
0.13701802735883412,1766740137.656020798,/ground_truth.poses[1].position.y,0.49999993990720887
0.13701802735883412,1766740137.675421782,/ground_truth.poses[1].position.y,0.49999993990720887
0.13701802735883412,1766740137.695322548,/ground_truth.poses[1].position.y,0.49999993990720887
0.13701802735883412,1766740137.715571735,/ground_truth.poses[1].position.y,0.49999993990720887
0.13701802735883412,1766740137.735433137,/ground_truth.poses[1].position.y,0.49999993990720887
0.13701802735883412,1766740137.755585473,/ground_truth.poses[1].position.y,0.49999993990720887
0.13701802735883412,1766740137.775672507,/ground_truth.poses[1].position.y,0.49999993990720887
0.13701802735883412,1766740137.795663070,/ground_truth.poses[1].position.y,0.49999993990720887
0.13701802735883412,1766740137.816323724,/ground_truth.poses[1].position.y,0.49999993990720887
0.13701802735883412,1766740137.835767558,/ground_truth.poses[1].position.y,0.49999993990720887
0.13701802735883412,1766740137.855835837,/ground_truth.poses[1].position.y,0.49999993990720887
0.13701802735883412,1766740137.876036683,/ground_truth.poses[1].position.y,0.49999993990720887
0.13701802735883412,1766740137.896082620,/ground_truth.poses[1].position.y,0.49999993990720887
0.13701802735883412,1766740137.916164805,/ground_truth.poses[1].position.y,0.49999993990720887
0.13701802735883412,1766740137.936238443,/ground_truth.poses[1].position.y,0.49999993990720887
0.13701802735883412,1766740137.956406248,/ground_truth.poses[1].position.y,0.49999993990720887
0.13701802735883412,1766740137.976465610,/ground_truth.poses[1].position.y,0.49999993990720887
0.13701802735883412,1766740137.996395801,/ground_truth.poses[1].position.y,0.49999993990720887
0.13701802735883412,1766740138.016393037,/ground_truth.poses[1].position.y,0.49999993990720887
0.13701802735883412,1766740138.036277032,/ground_truth.poses[1].position.y,0.49999993990720887
0.13701802735883412,1766740138.056916276,/ground_truth.poses[1].position.y,0.49999993990720887
0.13701802735883412,1766740138.076810029,/ground_truth.poses[1].position.y,0.49999993990720887
0.13701802735883412,1766740138.096951455,/ground_truth.poses[1].position.y,0.49999993990720887
0.13701802735883412,1766740138.117393391,/ground_truth.poses[1].position.y,0.49999993990720887
0.13701802735883412,1766740138.137286252,/ground_truth.poses[1].position.y,0.49999993990720887
0.13701802735883412,1766740138.157064079,/ground_truth.poses[1].position.y,0.49999993990720887
0.13701802735883412,1766740138.177281466,/ground_truth.poses[1].position.y,0.49999993990720887
0.13701800828344826,1766740138.197375343,/ground_truth.poses[1].position.y,0.49999993993407355
0.13701800827910712,1766740138.217626042,/ground_truth.poses[1].position.y,0.4999999399545876
0.13701800827495483,1766740138.237252135,/ground_truth.poses[1].position.y,0.49999993995636943
0.13701800827034036,1766740138.257537940,/ground_truth.poses[1].position.y,0.49999993993476655
0.13701800826615154,1766740138.277345192,/ground_truth.poses[1].position.y,0.4999999399324651
0.13701800826321728,1766740138.297549555,/ground_truth.poses[1].position.y,0.4999999399495002
0.13701800825648958,1766740138.317820451,/ground_truth.poses[1].position.y,0.49999993991136915
0.13701800824876223,1766740138.337516676,/ground_truth.poses[1].position.y,0.4999999398711505
0.13701800823988977,1766740138.357667359,/ground_truth.poses[1].position.y,0.4999999398288898
0.13701800822493454,1766740138.377561773,/ground_truth.poses[1].position.y,0.49999993975225476
0.13701800820288595,1766740138.397393029,/ground_truth.poses[1].position.y,0.49999993964328143
0.1370180081782311,1766740138.417685747,/ground_truth.poses[1].position.y,0.49999993953503974
0.13701800815099385,1766740138.437475336,/ground_truth.poses[1].position.y,0.4999999394275883
0.13701800812119486,1766740138.457726656,/ground_truth.poses[1].position.y,0.4999999393209855
0.137018008088859,1766740138.477965974,/ground_truth.poses[1].position.y,0.49999993921528957
0.1370180080540125,1766740138.497664954,/ground_truth.poses[1].position.y,0.4999999391105564
0.13701800801668118,1766740138.517989410,/ground_truth.poses[1].position.y,0.49999993900684414
0.1370180079768928,1766740138.538079760,/ground_truth.poses[1].position.y,0.4999999389042083
0.13701800793467694,1766740138.558074141,/ground_truth.poses[1].position.y,0.4999999388027051
0.13701800789006394,1766740138.578166295,/ground_truth.poses[1].position.y,0.499999938702388
0.13701800784308454,1766740138.598080496,/ground_truth.poses[1].position.y,0.4999999386033114
0.1370180077937717,1766740138.618257167,/ground_truth.poses[1].position.y,0.49999993850552843
0.13701800774457318,1766740138.638282566,/ground_truth.poses[1].position.y,0.4999999384140193
0.13701800769225791,1766740138.658357046,/ground_truth.poses[1].position.y,0.49999993832169054
0.13701800764973376,1766740138.678366595,/ground_truth.poses[1].position.y,0.49999993825226247
0.13701800763073554,1766740138.698445414,/ground_truth.poses[1].position.y,0.49999993822626226
0.13701800759780228,1766740138.718517590,/ground_truth.poses[1].position.y,0.4999999381756979
0.13701800759780228,1766740138.738470603,/ground_truth.poses[1].position.y,0.4999999381756979
0.13701800759780228,1766740138.758554301,/ground_truth.poses[1].position.y,0.4999999381756979
0.13701800759780228,1766740138.778483590,/ground_truth.poses[1].position.y,0.4999999381756979
0.13701800759780228,1766740138.798819990,/ground_truth.poses[1].position.y,0.4999999381756979
0.13701800759780228,1766740138.818764768,/ground_truth.poses[1].position.y,0.4999999381756979
0.13701800759780228,1766740138.838562602,/ground_truth.poses[1].position.y,0.4999999381756979
0.13701800759780228,1766740138.859003426,/ground_truth.poses[1].position.y,0.4999999381756979
0.13881289392299676,1766740138.878796972,/ground_truth.poses[1].position.y,0.4989529926152628
0.14162452481949253,1766740138.898997047,/ground_truth.poses[1].position.y,0.4973129864499505
0.1475487641050003,1766740138.919062280,/ground_truth.poses[1].position.y,0.49385741552448864
0.15656627139196325,1766740138.939006798,/ground_truth.poses[1].position.y,0.4885975619517351
0.16634262479942033,1766740138.959243831,/ground_truth.poses[1].position.y,0.48289507928695136
0.1761189782075358,1766740138.978933955,/ground_truth.poses[1].position.y,0.47719259662178853
0.18589533161592145,1766740138.999253482,/ground_truth.poses[1].position.y,0.47149011395646273
0.19567168502457466,1766740139.019807798,/ground_truth.poses[1].position.y,0.4657876312909752
0.20544803843346923,1766740139.039112562,/ground_truth.poses[1].position.y,0.46008514862534206
0.21522439184263217,1766740139.059377087,/ground_truth.poses[1].position.y,0.4543826659595523
0.22500074525203384,1766740139.079071227,/ground_truth.poses[1].position.y,0.4486801832936076
0.2347770986616823,1766740139.099181575,/ground_truth.poses[1].position.y,0.44297770062751934
0.24494059185501238,1766740139.119833943,/ground_truth.poses[1].position.y,0.43704940187096913
0.2547169494847555,1766740139.139231781,/ground_truth.poses[1].position.y,0.43134691674331277
0.26449330289511225,1766740139.159470859,/ground_truth.poses[1].position.y,0.4256444340767976
0.27426965630569533,1766740139.179657268,/ground_truth.poses[1].position.y,0.4199419514101518
0.28404600971649624,1766740139.199653302,/ground_truth.poses[1].position.y,0.41423946874336853
0.293822363127518,1766740139.219999349,/ground_truth.poses[1].position.y,0.4085369860764522
0.30359871653874293,1766740139.239430409,/ground_truth.poses[1].position.y,0.40283450340940813
0.3133750699501655,1766740139.259589657,/ground_truth.poses[1].position.y,0.39713202074224485
0.32315142336179636,1766740139.279601210,/ground_truth.poses[1].position.y,0.39142953807496217
0.3329277767736313,1766740139.299699355,/ground_truth.poses[1].position.y,0.385727055407562
0.34270413018565365,1766740139.319617934,/ground_truth.poses[1].position.y,0.38002457274004264
0.3524804835978719,1766740139.339790868,/ground_truth.poses[1].position.y,0.3743220900724105
0.36225683701027883,1766740139.359703276,/ground_truth.poses[1].position.y,0.3686196074046537
0.3720331904228579,1766740139.379807622,/ground_truth.poses[1].position.y,0.3629171247367985
0.3818095438356237,1766740139.400276909,/ground_truth.poses[1].position.y,0.3572146420688258
0.3915858972485543,1766740139.419915917,/ground_truth.poses[1].position.y,0.35151215940075353
0.40136225066166453,1766740139.439988824,/ground_truth.poses[1].position.y,0.3458096767325901
0.41113860407494646,1766740139.459974209,/ground_truth.poses[1].position.y,0.3401071940643232
0.42091495748839697,1766740139.479913216,/ground_truth.poses[1].position.y,0.33440471139594896
0.43069131090200236,1766740139.500290812,/ground_truth.poses[1].position.y,0.3287022287274813
0.44046766431576856,1766740139.520227966,/ground_truth.poses[1].position.y,0.3229997460589059
0.4502440177296942,1766740139.540244669,/ground_truth.poses[1].position.y,0.3172972633902393
0.46002037114376376,1766740139.560435777,/ground_truth.poses[1].position.y,0.31159478072147545
0.4697967245579976,1766740139.580257315,/ground_truth.poses[1].position.y,0.30589229805262425
0.4795730779723698,1766740139.600579027,/ground_truth.poses[1].position.y,0.3001898153836887
0.48934943138689124,1766740139.620539154,/ground_truth.poses[1].position.y,0.29448733271466315
0.49912578480153796,1766740139.640459006,/ground_truth.poses[1].position.y,0.2887848500455452
0.5089021382163255,1766740139.660799773,/ground_truth.poses[1].position.y,0.2830823673763647
0.5186784916312566,1766740139.680527877,/ground_truth.poses[1].position.y,0.27737988470709285
0.52845484504631,1766740139.700789527,/ground_truth.poses[1].position.y,0.27167740203774166
0.538231198461501,1766740139.721344053,/ground_truth.poses[1].position.y,0.2659749193683131
0.548007551876805,1766740139.740798897,/ground_truth.poses[1].position.y,0.2602724366988044
0.5577839052922393,1766740139.761107925,/ground_truth.poses[1].position.y,0.25456995402921206
0.567560258707819,1766740139.780776778,/ground_truth.poses[1].position.y,0.2488674713595657
0.5773366121235054,1766740139.801189840,/ground_truth.poses[1].position.y,0.2431649886898382
0.5871129655393101,1766740139.821497656,/ground_truth.poses[1].position.y,0.23746250602004454
0.5968893189552372,1766740139.840965525,/ground_truth.poses[1].position.y,0.23176002335017742
0.6066656723712589,1766740139.861283129,/ground_truth.poses[1].position.y,0.22605754068024717
0.6164420257873978,1766740139.881210515,/ground_truth.poses[1].position.y,0.22035505801025163
0.6262183792036511,1766740139.901239079,/ground_truth.poses[1].position.y,0.21465257534018123
0.635994732620012,1766740139.921860019,/ground_truth.poses[1].position.y,0.20895009267004577
0.6457710860364811,1766740139.941288374,/ground_truth.poses[1].position.y,0.20324760999985061
0.6555474394530464,1766740139.961587173,/ground_truth.poses[1].position.y,0.19754512732959795
0.6653237928697175,1766740139.981655171,/ground_truth.poses[1].position.y,0.19184264465928155
0.6751001462864902,1766740140.001631208,/ground_truth.poses[1].position.y,0.1861401619888986
0.6848764997033364,1766740140.021974740,/ground_truth.poses[1].position.y,0.18043767931845991
0.6946528531202946,1766740140.041699919,/ground_truth.poses[1].position.y,0.17473519664795428
0.7044292065373455,1766740140.061769410,/ground_truth.poses[1].position.y,0.16903271397740874
0.7141668870216601,1766740140.081931103,/ground_truth.poses[1].position.y,0.16333775177834736
0.7238770128999931,1766740140.101715342,/ground_truth.poses[1].position.y,0.15759594213245642
0.7333798804031014,1766740140.122067420,/ground_truth.poses[1].position.y,0.15184010830697292
0.7428307866704424,1766740140.142069455,/ground_truth.poses[1].position.y,0.14593767710323327
0.7520017465865898,1766740140.162035754,/ground_truth.poses[1].position.y,0.13992492255267586
0.7610022511115214,1766740140.182077112,/ground_truth.poses[1].position.y,0.1337140233938332
0.770549008215117,1766740140.202270444,/ground_truth.poses[1].position.y,0.12675953885774943
0.7796301667296225,1766740140.222515303,/ground_truth.poses[1].position.y,0.11998296865541062
0.788325306685233,1766740140.242333665,/ground_truth.poses[1].position.y,0.1131349699732209
0.7966509489646126,1766740140.262353884,/ground_truth.poses[1].position.y,0.10603993585947197
0.8043584159105506,1766740140.282291850,/ground_truth.poses[1].position.y,0.0990181597530218
0.8106328911927787,1766740140.302624923,/ground_truth.poses[1].position.y,0.09327009561797826
0.8150215089821938,1766740140.323103036,/ground_truth.poses[1].position.y,0.08884276911039463
0.8171494162824633,1766740140.342435252,/ground_truth.poses[1].position.y,0.08667522192063473
0.8184132770345872,1766740140.362786939,/ground_truth.poses[1].position.y,0.0852647982550924
0.8189632972596959,1766740140.382582178,/ground_truth.poses[1].position.y,0.0846095294041358
0.8191909075516874,1766740140.402886588,/ground_truth.poses[1].position.y,0.08433980854881619
0.8195272825693553,1766740140.423197269,/ground_truth.poses[1].position.y,0.08387228465470571
0.8198890057192616,1766740140.442861624,/ground_truth.poses[1].position.y,0.08338622280715881
0.8200020371156991,1766740140.463241845,/ground_truth.poses[1].position.y,0.08321151343057727
0.8200020371782581,1766740140.483045610,/ground_truth.poses[1].position.y,0.08321151331121725
0.8200020371374482,1766740140.503169192,/ground_truth.poses[1].position.y,0.08321151329315901
0.8200020370654203,1766740140.523740199,/ground_truth.poses[1].position.y,0.08321151325966394
0.8200020369917622,1766740140.543206064,/ground_truth.poses[1].position.y,0.08321151322804418
0.8200020369165352,1766740140.564579268,/ground_truth.poses[1].position.y,0.08321151319837355
0.8200020368398034,1766740140.584661132,/ground_truth.poses[1].position.y,0.08321151317072317
0.8200020367616349,1766740140.604780947,/ground_truth.poses[1].position.y,0.08321151314516151
0.8200020366820984,1766740140.624734281,/ground_truth.poses[1].position.y,0.0832115131217546
0.8200020366012664,1766740140.644359984,/ground_truth.poses[1].position.y,0.08321151310056557
0.820002036519213,1766740140.664656168,/ground_truth.poses[1].position.y,0.0832115130816544
0.8200020364360162,1766740140.684744825,/ground_truth.poses[1].position.y,0.08321151306507868
0.8200020363517545,1766740140.704584136,/ground_truth.poses[1].position.y,0.08321151305089199
0.8200020362692505,1766740140.724963075,/ground_truth.poses[1].position.y,0.08321151303945004
0.8200020361839571,1766740140.744942047,/ground_truth.poses[1].position.y,0.08321151303001391
0.8200020360978642,1766740140.765012470,/ground_truth.poses[1].position.y,0.08321151302302571
0.820002036043705,1766740140.785078094,/ground_truth.poses[1].position.y,0.08321151302231758
0.8200020359577687,1766740140.804851001,/ground_truth.poses[1].position.y,0.08321151302063913
0.8200020358697682,1766740140.824766856,/ground_truth.poses[1].position.y,0.08321151302131433
0.8200020357897784,1766740140.844814526,/ground_truth.poses[1].position.y,0.08321151302408157
0.8200020357155322,1766740140.864688212,/ground_truth.poses[1].position.y,0.08321151302832473
0.8200020356956157,1766740140.884845026,/ground_truth.poses[1].position.y,0.08321151302891917
0.8200020356653648,1766740140.905068063,/ground_truth.poses[1].position.y,0.08321151302880783
0.8200020356653648,1766740140.924711629,/ground_truth.poses[1].position.y,0.08321151302880783
0.8200020356653648,1766740140.944999127,/ground_truth.poses[1].position.y,0.08321151302880783
0.8200020356653648,1766740140.965052609,/ground_truth.poses[1].position.y,0.08321151302880783
0.8200020356653648,1766740140.984908451,/ground_truth.poses[1].position.y,0.08321151302880783
0.8199453017643269,1766740141.005233629,/ground_truth.poses[1].position.y,0.08220356457139676
0.8198885672209929,1766740141.025448361,/ground_truth.poses[1].position.y,0.0811956051510964
0.8197814588443963,1766740141.045182376,/ground_truth.poses[1].position.y,0.079292692240946
0.8196617565966129,1766740141.065450879,/ground_truth.poses[1].position.y,0.0771660336237711
0.8195294604776585,1766740141.085587836,/ground_truth.poses[1].position.y,0.07481562929988242
0.8193971643586544,1766740141.105550638,/ground_truth.poses[1].position.y,0.07246522497591693
0.8192648682396062,1766740141.125898569,/ground_truth.poses[1].position.y,0.07011482065198285
0.8191325721205162,1766740141.145808922,/ground_truth.poses[1].position.y,0.06776441632807875
0.8190002760013848,1766740141.166009629,/ground_truth.poses[1].position.y,0.06541401200420059
0.8188679798822119,1766740141.186003629,/ground_truth.poses[1].position.y,0.06306360768035281
0.8187356837629982,1766740141.206049015,/ground_truth.poses[1].position.y,0.06071320335653134
0.8186033876437468,1766740141.226567333,/ground_truth.poses[1].position.y,0.05836279903273565
0.8184710915244575,1766740141.245782069,/ground_truth.poses[1].position.y,0.056012394708966434
0.8183387954051332,1766740141.266142063,/ground_truth.poses[1].position.y,0.0536619903852252
0.8182064992857699,1766740141.285833208,/ground_truth.poses[1].position.y,0.05131158606150819
0.818074203166372,1766740141.306489293,/ground_truth.poses[1].position.y,0.04896118173781378
0.8179419070469391,1766740141.326947229,/ground_truth.poses[1].position.y,0.046610777414146785
0.8178096109274716,1766740141.346170672,/ground_truth.poses[1].position.y,0.044260373090500994
0.8176773148079692,1766740141.366402115,/ground_truth.poses[1].position.y,0.0419099687668791
0.8175198320442443,1766740141.386395314,/ground_truth.poses[1].position.y,0.03911209253817353
0.8173245682161383,1766740141.406345953,/ground_truth.poses[1].position.y,0.03564298894342989
0.8171167105168634,1766740141.426797076,/ground_truth.poses[1].position.y,0.03195013964171571
0.816921446139648,1766740141.446417739,/ground_truth.poses[1].position.y,0.028481026292435332
0.8167261823114257,1766740141.466599019,/ground_truth.poses[1].position.y,0.025011922697345177
0.8165183246120526,1766740141.486905833,/ground_truth.poses[1].position.y,0.021319073395608294
0.8163104669126446,1766740141.506431579,/ground_truth.poses[1].position.y,0.017626224093759257
0.8161026092132058,1766740141.526646091,/ground_truth.poses[1].position.y,0.01393337479189209
0.8158946593784511,1766740141.546697158,/ground_truth.poses[1].position.y,0.010263606222279772
0.8156814622759406,1766740141.566881684,/ground_truth.poses[1].position.y,0.006599279464889981
0.8154611851724555,1766740141.587210238,/ground_truth.poses[1].position.y,0.0029405130370916445
0.815232917813805,1766740141.606780007,/ground_truth.poses[1].position.y,-0.000717763577446682
0.8149966612888011,1766740141.627169164,/ground_truth.poses[1].position.y,-0.0043755329291096275
0.8147524167243614,1766740141.647146173,/ground_truth.poses[1].position.y,-0.008032777570694661
0.8145002786817723,1766740141.667021391,/ground_truth.poses[1].position.y,-0.011679198550367562
0.8142376037707004,1766740141.687551442,/ground_truth.poses[1].position.y,-0.015335165405641909
0.8139672385973516,1766740141.707333046,/ground_truth.poses[1].position.y,-0.018969988365419795
0.8136844527350647,1766740141.727385104,/ground_truth.poses[1].position.y,-0.022598718592515006
0.8133874503089376,1766740141.747311989,/ground_truth.poses[1].position.y,-0.026221163136991077
0.813076067803375,1766740141.767331276,/ground_truth.poses[1].position.y,-0.029811493596382892
0.8127438172441411,1766740141.787424782,/ground_truth.poses[1].position.y,-0.033384491861534596
0.8123854772691511,1766740141.807599239,/ground_truth.poses[1].position.y,-0.03693949108968099
0.8119983940608473,1766740141.827699788,/ground_truth.poses[1].position.y,-0.04048115022922677
0.8115816243266244,1766740141.847539931,/ground_truth.poses[1].position.y,-0.0440039373718707
0.8111301072953099,1766740141.867795390,/ground_truth.poses[1].position.y,-0.04750691254722413
0.8106403524439167,1766740141.887869770,/ground_truth.poses[1].position.y,-0.0510047465761468
0.8101552484959473,1766740141.907839274,/ground_truth.poses[1].position.y,-0.05421884301690617
0.8097263462072684,1766740141.928496612,/ground_truth.poses[1].position.y,-0.056859886080182415
0.8091217234140575,1766740141.947806837,/ground_truth.poses[1].position.y,-0.06033968426293797
0.8084800690061785,1766740141.968163824,/ground_truth.poses[1].position.y,-0.06380764633051797
0.8077998037254766,1766740141.988070822,/ground_truth.poses[1].position.y,-0.06726300970376421
0.8070810384248089,1766740142.008018375,/ground_truth.poses[1].position.y,-0.07070008396530872
0.8063190341764866,1766740142.028441496,/ground_truth.poses[1].position.y,-0.07413308761021009
0.8055155413856431,1766740142.048080494,/ground_truth.poses[1].position.y,-0.07756189151650401
0.8046723430802603,1766740142.068310024,/ground_truth.poses[1].position.y,-0.08098114779683048
0.8037895526417022,1766740142.088533432,/ground_truth.poses[1].position.y,-0.08439039667807212
0.8028672887751115,1766740142.108463653,/ground_truth.poses[1].position.y,-0.08778917973277339
0.8019056754934601,1766740142.128648960,/ground_truth.poses[1].position.y,-0.09117703994078385
0.8009048421008544,1766740142.148279763,/ground_truth.poses[1].position.y,-0.09455352175068595
0.7998649231752013,1766740142.168369421,/ground_truth.poses[1].position.y,-0.09791817114108468
0.7987834790696378,1766740142.188955667,/ground_truth.poses[1].position.y,-0.10128048870500732
0.7977102855793107,1766740142.208442130,/ground_truth.poses[1].position.y,-0.10449742409909973
0.7966273532833529,1766740142.228656051,/ground_truth.poses[1].position.y,-0.10762842128656717
0.7954375752589612,1766740142.248665309,/ground_truth.poses[1].position.y,-0.11095394845624924
0.7942115418151535,1766740142.268522143,/ground_truth.poses[1].position.y,-0.11426628067104933
0.7929493992503074,1766740142.288863612,/ground_truth.poses[1].position.y,-0.11756502268164144
0.7919050616009237,1766740142.308535271,/ground_truth.poses[1].position.y,-0.12020859035441274
0.7906332308580604,1766740142.328780009,/ground_truth.poses[1].position.y,-0.12335423386568882
0.7893485740337041,1766740142.348756957,/ground_truth.poses[1].position.y,-0.12640288697428453
0.7879386373087954,1766740142.368663985,/ground_truth.poses[1].position.y,-0.12965240927592078
0.7864969985434676,1766740142.389091905,/ground_truth.poses[1].position.y,-0.132882371577446
0.7850218078681566,1766740142.409203635,/ground_truth.poses[1].position.y,-0.1360971506291505
0.783514305458977,1766740142.429147331,/ground_truth.poses[1].position.y,-0.1392912293996799
0.7819218877903054,1766740142.449195543,/ground_truth.poses[1].position.y,-0.14258262602760766
0.7803108716070306,1766740142.469003225,/ground_truth.poses[1].position.y,-0.14586495956850273
0.7786728300484652,1766740142.489187881,/ground_truth.poses[1].position.y,-0.1491811562817982
0.7770347883494579,1766740142.509359643,/ground_truth.poses[1].position.y,-0.15249735292602964
0.7749997709986299,1766740142.529403707,/ground_truth.poses[1].position.y,-0.15661722222602753
0.7728655064896471,1766740142.549254650,/ground_truth.poses[1].position.y,-0.16093801625977683
0.7706319948226428,1766740142.569454013,/ground_truth.poses[1].position.y,-0.1654597350269944
0.7678030195458773,1766740142.589628170,/ground_truth.poses[1].position.y,-0.17118696304520314
0.7649740377788157,1766740142.609643169,/ground_truth.poses[1].position.y,-0.17691420420286694
0.7623435439695632,1766740142.629690298,/ground_truth.poses[1].position.y,-0.1822396087654899
0.7587186251252871,1766740142.649444341,/ground_truth.poses[1].position.y,-0.189578215419378
0.7546987078828681,1766740142.669722952,/ground_truth.poses[1].position.y,-0.19771649179747744
0.7504802963244207,1766740142.689548688,/ground_truth.poses[1].position.y,-0.20625661764283912
0.7458649093781612,1766740142.709502904,/ground_truth.poses[1].position.y,-0.2156004156099716
0.7413487608702374,1766740142.729734228,/ground_truth.poses[1].position.y,-0.22474330649626603
0.7369318594541262,1766740142.749458384,/ground_truth.poses[1].position.y,-0.23368527278281068
0.7325149580379744,1766740142.769695688,/ground_truth.poses[1].position.y,-0.2426272390693677
0.7280980566217361,1766740142.789749580,/ground_truth.poses[1].position.y,-0.2515692053560413
0.7236811552053992,1766740142.809649094,/ground_truth.poses[1].position.y,-0.26051117164283755
0.7190657660951755,1766740142.829877802,/ground_truth.poses[1].position.y,-0.2698549739904663
0.7145496175866971,1766740142.849736490,/ground_truth.poses[1].position.y,-0.27899786487746797
0.7101327161700705,1766740142.869901449,/ground_truth.poses[1].position.y,-0.28793983116469635
0.7057158147533977,1766740142.890333076,/ground_truth.poses[1].position.y,-0.2968817974519278
0.7012989133366463,1766740142.909955002,/ground_truth.poses[1].position.y,-0.3058237637392682
0.696882011919819,1766740142.930226620,/ground_truth.poses[1].position.y,-0.3147657300267125
0.6924651105029057,1766740142.949972397,/ground_truth.poses[1].position.y,-0.3237076963142537
0.6878497213921109,1766740142.970035817,/ground_truth.poses[1].position.y,-0.33305149866261585
0.6833335728830799,1766740142.990560227,/ground_truth.poses[1].position.y,-0.3421943895503221
0.6789166714659028,1766740143.010154792,/ground_truth.poses[1].position.y,-0.35113635583825026
0.674499770048693,1766740143.030512381,/ground_truth.poses[1].position.y,-0.36007832212617263
0.6700828686314154,1766740143.050529073,/ground_truth.poses[1].position.y,-0.3690202884141893
0.6656659672140766,1766740143.070360180,/ground_truth.poses[1].position.y,-0.3779622547022876
0.6612490657966654,1766740143.090754737,/ground_truth.poses[1].position.y,-0.38690422099047306
0.6568321643791871,1766740143.110476670,/ground_truth.poses[1].position.y,-0.39584618727874554
0.652415262961637,1766740143.130642951,/ground_truth.poses[1].position.y,-0.40478815356709585
0.6479983615440372,1766740143.150629538,/ground_truth.poses[1].position.y,-0.4137301198555188
0.6435814601263804,1766740143.170511860,/ground_truth.poses[1].position.y,-0.4226720861440303
0.6391645587086466,1766740143.190973222,/ground_truth.poses[1].position.y,-0.43161405243261364
0.6347476572908755,1766740143.210850184,/ground_truth.poses[1].position.y,-0.4405560187212763
0.6303307558730381,1766740143.230845907,/ground_truth.poses[1].position.y,-0.4494979850100102
0.6259138544551359,1766740143.251016407,/ground_truth.poses[1].position.y,-0.45843995129882276
0.6214969530371779,1766740143.271057304,/ground_truth.poses[1].position.y,-0.46738191758770636
0.6170800516191649,1766740143.291073386,/ground_truth.poses[1].position.y,-0.47632388387664976
0.6126631502011065,1766740143.311308346,/ground_truth.poses[1].position.y,-0.4852658501656635
0.608246248782993,1766740143.331200506,/ground_truth.poses[1].position.y,-0.4942078164547396
0.6038293473648183,1766740143.351207089,/ground_truth.poses[1].position.y,-0.5031497827438814
0.5994124459466048,1766740143.371496250,/ground_truth.poses[1].position.y,-0.5120917490330831
0.5949955445283406,1766740143.391495761,/ground_truth.poses[1].position.y,-0.5210337153223495
0.5905786431100256,1766740143.411463753,/ground_truth.poses[1].position.y,-0.5299756816116821
0.586161741691661,1766740143.431974437,/ground_truth.poses[1].position.y,-0.5389176479010691
0.5818440852018152,1766740143.451489433,/ground_truth.poses[1].position.y,-0.5476586939703457
0.5774271837834178,1766740143.471793021,/ground_truth.poses[1].position.y,-0.5566006602597596
0.5730102823649129,1766740143.491628225,/ground_truth.poses[1].position.y,-0.5655426265493193
0.5685933809463759,1766740143.511716922,/ground_truth.poses[1].position.y,-0.5744845928389385
0.5641764795277991,1766740143.531961230,/ground_truth.poses[1].position.y,-0.5834265591285965
0.5599580658029892,1766740143.551755036,/ground_truth.poses[1].position.y,-0.5919666893575871
0.5557396542415498,1766740143.571999845,/ground_truth.poses[1].position.y,-0.6005068152068279
0.551521242680078,1766740143.592826268,/ground_truth.poses[1].position.y,-0.6090469410561034
0.5473028311185709,1766740143.612079135,/ground_truth.poses[1].position.y,-0.6175870669054214
0.5430844195570296,1766740143.632273129,/ground_truth.poses[1].position.y,-0.6261271927547704
0.5388660079954524,1766740143.652189604,/ground_truth.poses[1].position.y,-0.634667318604163
0.5346475964338568,1766740143.672275225,/ground_truth.poses[1].position.y,-0.6432074444536007
0.5304291848722197,1766740143.693908915,/ground_truth.poses[1].position.y,-0.6517475703030682
0.5262107733105477,1766740143.713314908,/ground_truth.poses[1].position.y,-0.6602876961525695
0.5219923617488501,1766740143.733556901,/ground_truth.poses[1].position.y,-0.6688278220021147
0.5177739501871227,1766740143.753532597,/ground_truth.poses[1].position.y,-0.6773679478516933
0.5135555386253586,1766740143.773358053,/ground_truth.poses[1].position.y,-0.6859080737013031
0.5093371270635664,1766740143.793870641,/ground_truth.poses[1].position.y,-0.6944481995509534
0.5051187155017443,1766740143.813356934,/ground_truth.poses[1].position.y,-0.7029883254006396
0.5009003039399007,1766740143.833445480,/ground_truth.poses[1].position.y,-0.7115284512503538
0.49668189237802335,1766740143.853625608,/ground_truth.poses[1].position.y,-0.7200685771000949
0.4924634808161161,1766740143.873657689,/ground_truth.poses[1].position.y,-0.728608702949874
0.4882450692541908,1766740143.893940829,/ground_truth.poses[1].position.y,-0.7371488287996764
0.4840266576922366,1766740143.913900665,/ground_truth.poses[1].position.y,-0.7456889546495051
0.47980824613025375,1766740143.933850633,/ground_truth.poses[1].position.y,-0.7542290804993615
0.4755898345682491,1766740143.953534515,/ground_truth.poses[1].position.y,-0.7627692063492493
0.4713714230062228,1766740143.973408942,/ground_truth.poses[1].position.y,-0.7713093321991695
0.4671530114441696,1766740143.993621119,/ground_truth.poses[1].position.y,-0.7798494580491243
0.4629345998821084,1766740144.013867971,/ground_truth.poses[1].position.y,-0.7883895838991024
0.4587161883200128,1766740144.033663071,/ground_truth.poses[1].position.y,-0.7969297097491125
0.45449777675790204,1766740144.054027201,/ground_truth.poses[1].position.y,-0.805469835599143
0.4502793651957672,1766740144.073911848,/ground_truth.poses[1].position.y,-0.8140099614492033
0.44606095363359705,1766740144.093966220,/ground_truth.poses[1].position.y,-0.82255008729928
0.44184254207141355,1766740144.114293332,/ground_truth.poses[1].position.y,-0.8310902131493841
0.4376241305092034,1766740144.134502264,/ground_truth.poses[1].position.y,-0.839630338999514
0.43340571894697066,1766740144.154525959,/ground_truth.poses[1].position.y,-0.8481704648496633
0.42918730738472766,1766740144.174483852,/ground_truth.poses[1].position.y,-0.8567105906998346
0.4249688958224602,1766740144.194644333,/ground_truth.poses[1].position.y,-0.8652507165500387
0.4207504842601659,1766740144.214658451,/ground_truth.poses[1].position.y,-0.8737908424002532
0.4165320726978686,1766740144.234810055,/ground_truth.poses[1].position.y,-0.8823309682504945
0.4123136611355407,1766740144.254622827,/ground_truth.poses[1].position.y,-0.890871094100754
0.40809525125349155,1766740144.274809236,/ground_truth.poses[1].position.y,-0.8994112172652039
0.40387944136318066,1766740144.294577505,/ground_truth.poses[1].position.y,-0.9078810897724652
0.39963965439497773,1766740144.314670170,/ground_truth.poses[1].position.y,-0.9162929734281727
0.3953382615200978,1766740144.334987844,/ground_truth.poses[1].position.y,-0.9246691731318651
0.3909811580874349,1766740144.354622474,/ground_truth.poses[1].position.y,-0.932939801659833
0.38653195521584943,1766740144.374846863,/ground_truth.poses[1].position.y,-0.941149573033144
0.3820762530780076,1766740144.395211335,/ground_truth.poses[1].position.y,-0.9491976996245489
0.3776542060391437,1766740144.415109997,/ground_truth.poses[1].position.y,-0.9569049084642335
0.3729100029431636,1766740144.435359955,/ground_truth.poses[1].position.y,-0.9649120142439795
0.3680519006033868,1766740144.455660227,/ground_truth.poses[1].position.y,-0.9728505418101974
0.36308089476971855,1766740144.475360148,/ground_truth.poses[1].position.y,-0.9807188630582931
0.3579979998352364,1766740144.495607461,/ground_truth.poses[1].position.y,-0.988515372363428
0.3528071317307166,1766740144.515244245,/ground_truth.poses[1].position.y,-0.9962342308602538
0.347505593398671,1766740144.535503851,/ground_truth.poses[1].position.y,-1.0038712476585172
0.34209042219789004,1766740144.555637973,/ground_truth.poses[1].position.y,-1.011428115735136
0.33632995503943397,1766740144.575447749,/ground_truth.poses[1].position.y,-1.01919892330482
0.330522464533298,1766740144.595757669,/ground_truth.poses[1].position.y,-1.026777052648829
0.32475346345132544,1766740144.615514246,/ground_truth.poses[1].position.y,-1.0339833157904061
0.3188363231475716,1766740144.635506283,/ground_truth.poses[1].position.y,-1.0410202683556902
0.31277364247290057,1766740144.655805472,/ground_truth.poses[1].position.y,-1.0479185565830378
0.3065687764349148,1766740144.675515683,/ground_truth.poses[1].position.y,-1.0546683415814915
0.3002188360762629,1766740144.695968529,/ground_truth.poses[1].position.y,-1.0612533049200152
0.293716957401493,1766740144.715861912,/ground_truth.poses[1].position.y,-1.0676663607166201
0.2870523413374203,1766740144.735758831,/ground_truth.poses[1].position.y,-1.0739101254922168
0.280229394051743,1766740144.755932326,/ground_truth.poses[1].position.y,-1.0799804711319156
0.27325948550386736,1766740144.775903173,/ground_truth.poses[1].position.y,-1.0858655839633706
0.26596487389307355,1766740144.795961654,/ground_truth.poses[1].position.y,-1.0917004221355255
0.25849360193824733,1766740144.816076920,/ground_truth.poses[1].position.y,-1.0974394491001456
0.2510848477516266,1766740144.835968679,/ground_truth.poses[1].position.y,-1.1027915283153218
0.24355410163223312,1766740144.856049101,/ground_truth.poses[1].position.y,-1.1078543048102445
0.2358995918381806,1766740144.876291906,/ground_truth.poses[1].position.y,-1.1126636542073813
0.22809620250364987,1766740144.896119275,/ground_truth.poses[1].position.y,-1.117227476043962
0.21995856467728603,1766740144.916292279,/ground_truth.poses[1].position.y,-1.1216441146083869
0.21149623092139846,1766740144.936636032,/ground_truth.poses[1].position.y,-1.1258896478223106
0.20289799508058476,1766740144.956196513,/ground_truth.poses[1].position.y,-1.129852724908715
0.19451357277781495,1766740144.976487317,/ground_truth.poses[1].position.y,-1.1335264884038674
0.18607993330210046,1766740144.996285762,/ground_truth.poses[1].position.y,-1.1367723377429553
0.17755186608112997,1766740145.016417880,/ground_truth.poses[1].position.y,-1.1397087114131559
0.16893126970572195,1766740145.036794685,/ground_truth.poses[1].position.y,-1.1423611704569625
0.1602275933367985,1766740145.056638806,/ground_truth.poses[1].position.y,-1.1447268074756178
0.15145037720053717,1766740145.076665487,/ground_truth.poses[1].position.y,-1.146803029460024
0.14261901498957735,1766740145.097238127,/ground_truth.poses[1].position.y,-1.1485840433609729
0.1337325379709843,1766740145.116632578,/ground_truth.poses[1].position.y,-1.1500657620136572
0.12480108598617573,1766740145.136969148,/ground_truth.poses[1].position.y,-1.1512464945842256
0.11582477193806334,1766740145.156686712,/ground_truth.poses[1].position.y,-1.1521274042641776
0.10682933956432955,1766740145.176879934,/ground_truth.poses[1].position.y,-1.1527103978546365
0.0978245364815257,1766740145.197505984,/ground_truth.poses[1].position.y,-1.1529905502742606
0.0888051294928412,1766740145.216950208,/ground_truth.poses[1].position.y,-1.1529678940144312
0.07979654186037226,1766740145.237158428,/ground_truth.poses[1].position.y,-1.1526469049735144
0.0708089655092304,1766740145.257349737,/ground_truth.poses[1].position.y,-1.1520236592354391
0.061847567031914616,1766740145.277193677,/ground_truth.poses[1].position.y,-1.1510972137478694
0.05291749465672703,1766740145.297842038,/ground_truth.poses[1].position.y,-1.1498678830218716
0.0440281898736317,1766740145.316946188,/ground_truth.poses[1].position.y,-1.148341291648862
0.035204661550424204,1766740145.337176409,/ground_truth.poses[1].position.y,-1.146521864029408
0.026447618780252702,1766740145.357299380,/ground_truth.poses[1].position.y,-1.1444054600492555
0.017767053765969865,1766740145.377172895,/ground_truth.poses[1].position.y,-1.1419944944932074
0.009172871689483853,1766740145.397835553,/ground_truth.poses[1].position.y,-1.1392917184555125
0.0006748791632471118,1766740145.417412495,/ground_truth.poses[1].position.y,-1.1363002160082876
-0.007717226959862965,1766740145.437474462,/ground_truth.poses[1].position.y,-1.1330234006823459
-0.015993870651398,1766740145.457790744,/ground_truth.poses[1].position.y,-1.12946501157209
-0.024145607634224957,1766740145.477605730,/ground_truth.poses[1].position.y,-1.1256291090689199
-0.03216313615925253,1766740145.497857090,/ground_truth.poses[1].position.y,-1.1215200702280468
-0.04003730761941841,1766740145.517696091,/ground_truth.poses[1].position.y,-1.1171425837739188
-0.047759136988897735,1766740145.537649015,/ground_truth.poses[1].position.y,-1.1125016447500187
-0.05531981307575697,1766740145.557706624,/ground_truth.poses[1].position.y,-1.1076025488191839
-0.06271070857612102,1766740145.577826499,/ground_truth.poses[1].position.y,-1.1024508862208022
-0.06993252459599822,1766740145.598025712,/ground_truth.poses[1].position.y,-1.0970475919478988
-0.07696753904130825,1766740145.617994916,/ground_truth.poses[1].position.y,-1.0914114357450644
-0.08380523316816357,1766740145.637896985,/ground_truth.poses[1].position.y,-1.0855453550399587
-0.0904494928549743,1766740145.657998866,/ground_truth.poses[1].position.y,-1.07944584450013
-0.09688819859974197,1766740145.678242532,/ground_truth.poses[1].position.y,-1.0731297310602297
-0.10311429273130804,1766740145.698202499,/ground_truth.poses[1].position.y,-1.0666039381954275
-0.10912095073743523,1766740145.718231935,/ground_truth.poses[1].position.y,-1.0598756189221676
-0.11490158863297101,1766740145.738410070,/ground_truth.poses[1].position.y,-1.052952148249019
-0.12044987017670794,1766740145.758222531,/ground_truth.poses[1].position.y,-1.0458411150928038
-0.12575971381662812,1766740145.778471898,/ground_truth.poses[1].position.y,-1.0385503139603203
-0.13081827550375527,1766740145.798507666,/ground_truth.poses[1].position.y,-1.031095387905892
-0.13563432497488337,1766740145.818506946,/ground_truth.poses[1].position.y,-1.0234572519342096
-0.1404163481835346,1766740145.838675201,/ground_truth.poses[1].position.y,-1.0153446892725166
-0.144869391742682,1766740145.858486000,/ground_truth.poses[1].position.y,-1.0073553609372194
-0.1496416646246733,1766740145.878662220,/ground_truth.poses[1].position.y,-0.9986124700098904
-0.1539855837615559,1766740145.899178735,/ground_truth.poses[1].position.y,-0.9906424016002221
-0.15832949820708264,1766740145.918658306,/ground_truth.poses[1].position.y,-0.982672341601349
-0.1626734126523651,1766740145.938977963,/ground_truth.poses[1].position.y,-0.9747022816023097
-0.16701732709741038,1766740145.958639543,/ground_truth.poses[1].position.y,-0.9667322216031118
-0.17136124154223684,1766740145.978815273,/ground_truth.poses[1].position.y,-0.9587621616037652
-0.17591964144809769,1766740145.999374618,/ground_truth.poses[1].position.y,-0.9503985712935213
-0.18026355823025556,1766740146.018992035,/ground_truth.poses[1].position.y,-0.9424285070045992
-0.18460747267441022,1766740146.039091753,/ground_truth.poses[1].position.y,-0.9344584470048047
-0.18895138711835693,1766740146.059314440,/ground_truth.poses[1].position.y,-0.9264883870048618
-0.19329530156209482,1766740146.079158951,/ground_truth.poses[1].position.y,-0.9185183270047906
-0.19763921600563905,1766740146.099402838,/ground_truth.poses[1].position.y,-0.9105482670045737
-0.20219761591024704,1766740146.119130942,/ground_truth.poses[1].position.y,-0.9021846766934777
-0.20664877659063965,1766740146.139269321,/ground_truth.poses[1].position.y,-0.8940178451038098
-0.21099269103365412,1766740146.159424001,/ground_truth.poses[1].position.y,-0.8860477851031064
-0.21555109093769728,1766740146.179309870,/ground_truth.poses[1].position.y,-0.8776841947916181
-0.22010949317932815,1766740146.199630800,/ground_truth.poses[1].position.y,-0.8693206001907293
-0.22445340995951987,1766740146.219604062,/ground_truth.poses[1].position.y,-0.861350535900458
-0.22879732440175932,1766740146.239527350,/ground_truth.poses[1].position.y,-0.853380475899343
-0.23314123884381935,1766740146.259676981,/ground_truth.poses[1].position.y,-0.8454104158981083
-0.23769963874697853,1766740146.280127773,/ground_truth.poses[1].position.y,-0.8370468255860025
-0.24225804098776088,1766740146.299904709,/ground_truth.poses[1].position.y,-0.8286832309845179
-0.24681644322838117,1766740146.319923795,/ground_truth.poses[1].position.y,-0.8203196363829055
-0.25136317896768573,1766740146.339807580,/ground_truth.poses[1].position.y,-0.812009610274052
-0.25585726495037536,1766740146.359819073,/ground_truth.poses[1].position.y,-0.8039264598660048
-0.2602550161696132,1766740146.380332272,/ground_truth.poses[1].position.y,-0.7962351175614731
-0.26475862248554577,1766740146.400119847,/ground_truth.poses[1].position.y,-0.788618384020274
-0.26949330547485895,1766740146.420082439,/ground_truth.poses[1].position.y,-0.780879151178444
-0.2744623057709308,1766740146.440462660,/ground_truth.poses[1].position.y,-0.7730217579917555
-0.2795454693745661,1766740146.460039060,/ground_truth.poses[1].position.y,-0.7652438626905369
-0.28464339383760145,1766740146.480441633,/ground_truth.poses[1].position.y,-0.757642029405856
-0.28993234955348374,1766740146.500372736,/ground_truth.poses[1].position.y,-0.7500964637724098
-0.29529651492835474,1766740146.520354093,/ground_truth.poses[1].position.y,-0.7427379453660073
-0.30073673297947034,1766740146.540731418,/ground_truth.poses[1].position.y,-0.7355834407067404
-0.30621920731107083,1766740146.560449935,/ground_truth.poses[1].position.y,-0.7286296206641714
-0.31212183505052654,1766740146.580615916,/ground_truth.poses[1].position.y,-0.721593956908677
-0.3179108831611418,1766740146.601246003,/ground_truth.poses[1].position.y,-0.7148931924191902
-0.3239726648814489,1766740146.620622100,/ground_truth.poses[1].position.y,-0.7082954208922764
-0.330334757969684,1766740146.640934294,/ground_truth.poses[1].position.y,-0.7016723166488427
-0.3368433097768135,1766740146.660701682,/ground_truth.poses[1].position.y,-0.6951930812265656
-0.3433696093440571,1766740146.681007443,/ground_truth.poses[1].position.y,-0.6889183892356741
-0.3498324276278456,1766740146.701398725,/ground_truth.poses[1].position.y,-0.6830026921955565
-0.3567616686479734,1766740146.720873035,/ground_truth.poses[1].position.y,-0.6769754891144273
-0.36381994949030616,1766740146.741184749,/ground_truth.poses[1].position.y,-0.6711079354643017
-0.3710064938109005,1766740146.761180462,/ground_truth.poses[1].position.y,-0.665406466087616
-0.37832241165239816,1766740146.781202024,/ground_truth.poses[1].position.y,-0.6598719816080535
-0.38563128253314854,1766740146.801429259,/ground_truth.poses[1].position.y,-0.6545461537258359
-0.3928325143916556,1766740146.822160545,/ground_truth.poses[1].position.y,-0.6495712019472527
-0.40014644197552524,1766740146.842279769,/ground_truth.poses[1].position.y,-0.6447944838299919
-0.4077562850780796,1766740146.862781056,/ground_truth.poses[1].position.y,-0.6400652075049984
-0.41566222429111904,1766740146.882392472,/ground_truth.poses[1].position.y,-0.6353921075315361
-0.4236624448009269,1766740146.902684389,/ground_truth.poses[1].position.y,-0.6309032714705936
-0.4317684468945947,1766740146.922264697,/ground_truth.poses[1].position.y,-0.6265974529124193
-0.4399739457565219,1766740146.942436449,/ground_truth.poses[1].position.y,-0.6224729497157171
-0.44809631836154307,1766740146.962695614,/ground_truth.poses[1].position.y,-0.6186055917195608
-0.45612986962062047,1766740146.982575521,/ground_truth.poses[1].position.y,-0.6149579441313738
-0.4644355138522952,1766740147.002498329,/ground_truth.poses[1].position.y,-0.6113480984025832
-0.47318745743850954,1766740147.022719893,/ground_truth.poses[1].position.y,-0.6075888196366256
-0.48152760025931296,1766740147.042632091,/ground_truth.poses[1].position.y,-0.6040064244160447
-0.48986773859169974,1766740147.062950096,/ground_truth.poses[1].position.y,-0.6004240311234262
-0.49820787692410157,1766740147.082680244,/ground_truth.poses[1].position.y,-0.5968416378308333
-0.5069598185838935,1766740147.102818784,/ground_truth.poses[1].position.y,-0.5930823600048767
-0.515505865312587,1766740147.123248597,/ground_truth.poses[1].position.y,-0.5894115215537512
-0.5238460036451795,1766740147.143063433,/ground_truth.poses[1].position.y,-0.5858291282611608
-0.532392041397245,1766740147.162934434,/ground_truth.poses[1].position.y,-0.5821582936658755
-0.5411439875454765,1766740147.183280481,/ground_truth.poses[1].position.y,-0.5783990139120828
-0.5498959336938355,1766740147.203164676,/ground_truth.poses[1].position.y,-0.5746397341582468
-0.5586478798422312,1766740147.222991144,/ground_truth.poses[1].position.y,-0.5708804544044376
-0.5673998259906572,1766740147.243200977,/ground_truth.poses[1].position.y,-0.5671211746506389
-0.5761517721391053,1766740147.263021413,/ground_truth.poses[1].position.y,-0.5633618948968409
-0.5849037182875867,1766740147.283238490,/ground_truth.poses[1].position.y,-0.55960261514306
-0.5936556615145565,1766740147.303214086,/ground_truth.poses[1].position.y,-0.5558433365740865
-0.6022586078689378,1766740147.323068135,/ground_truth.poses[1].position.y,-0.5520821503734803
-0.6108492988322417,1766740147.343337198,/ground_truth.poses[1].position.y,-0.5482271462526436
-0.6194373821929361,1766740147.363343532,/ground_truth.poses[1].position.y,-0.5442131842523803
-0.6281122751906512,1766740147.383298359,/ground_truth.poses[1].position.y,-0.5399568702415372
-0.6366790834390949,1766740147.403819042,/ground_truth.poses[1].position.y,-0.5355315804610841
-0.6451356575800875,1766740147.423339418,/ground_truth.poses[1].position.y,-0.5309170453473399
-0.6533892942567446,1766740147.443773820,/ground_truth.poses[1].position.y,-0.526123463845466
-0.6614999204089095,1766740147.463900779,/ground_truth.poses[1].position.y,-0.5211014600114916
-0.6694246608468021,1766740147.483961824,/ground_truth.poses[1].position.y,-0.5158682017113331
-0.677168048853352,1766740147.503941678,/ground_truth.poses[1].position.y,-0.5103939151452281
-0.6847266605626847,1766740147.523672226,/ground_truth.poses[1].position.y,-0.5046757236671726
-0.69210484075689,1766740147.543888291,/ground_truth.poses[1].position.y,-0.49871018352704793
-0.6992415716076233,1766740147.564212438,/ground_truth.poses[1].position.y,-0.4925869440396886
-0.7059935491440088,1766740147.583963484,/ground_truth.poses[1].position.y,-0.4864525154678806
-0.7123639910673375,1766740147.604265880,/ground_truth.poses[1].position.y,-0.48027732930546707
-0.717633275480762,1766740147.624079964,/ground_truth.poses[1].position.y,-0.4749608654844738
-0.7197378639507412,1766740147.643991190,/ground_truth.poses[1].position.y,-0.4728412014560148
-0.7201920517337301,1766740147.664173061,/ground_truth.poses[1].position.y,-0.4723251944726074
-0.7201920517337301,1766740147.684341226,/ground_truth.poses[1].position.y,-0.4723251944726074
-0.7201920517337301,1766740147.704445763,/ground_truth.poses[1].position.y,-0.4723251944726074
-0.7201920517337301,1766740147.724501498,/ground_truth.poses[1].position.y,-0.4723251944726074
-0.7201920517337301,1766740147.744286168,/ground_truth.poses[1].position.y,-0.4723251944726074
-0.7201920517337301,1766740147.763999855,/ground_truth.poses[1].position.y,-0.4723251944726074
-0.7201920517337301,1766740147.784358516,/ground_truth.poses[1].position.y,-0.4723251944726074
-0.7201920517337301,1766740147.804293706,/ground_truth.poses[1].position.y,-0.4723251944726074
-0.7201920517337301,1766740147.824396820,/ground_truth.poses[1].position.y,-0.4723251944726074
-0.7201920517337301,1766740147.844276577,/ground_truth.poses[1].position.y,-0.4723251944726074
-0.7201920517337301,1766740147.864214593,/ground_truth.poses[1].position.y,-0.4723251944726074
-0.7201920517337301,1766740147.884508433,/ground_truth.poses[1].position.y,-0.4723251944726074
-0.7201920517337301,1766740147.904653425,/ground_truth.poses[1].position.y,-0.4723251944726074
-0.7201920517337301,1766740147.924400474,/ground_truth.poses[1].position.y,-0.4723251944726074
-0.7201920517337301,1766740147.944764184,/ground_truth.poses[1].position.y,-0.4723251944726074
-0.7201920517337301,1766740147.964535469,/ground_truth.poses[1].position.y,-0.4723251944726074
-0.7201920517337301,1766740147.984911312,/ground_truth.poses[1].position.y,-0.4723251944726074
-0.7201920517337301,1766740148.005010819,/ground_truth.poses[1].position.y,-0.4723251944726074
-0.7201920517337301,1766740148.025019577,/ground_truth.poses[1].position.y,-0.4723251944726074
-0.7201920517337301,1766740148.045459479,/ground_truth.poses[1].position.y,-0.4723251944726074
-0.7201920517337301,1766740148.065355867,/ground_truth.poses[1].position.y,-0.4723251944726074
-0.7201920517337301,1766740148.085408347,/ground_truth.poses[1].position.y,-0.4723251944726074
-0.7184117354115035,1766740148.106034607,/ground_truth.poses[1].position.y,-0.47435848052219626
-0.7142576452318296,1766740148.125469634,/ground_truth.poses[1].position.y,-0.47910283537440695
-0.7077297894888521,1766740148.145712719,/ground_truth.poses[1].position.y,-0.48655824948034576
-0.6988281676945401,1766740148.165530801,/ground_truth.poses[1].position.y,-0.4967247230483342
-0.6881229326481897,1766740148.185578221,/ground_truth.poses[1].position.y,-0.508951085700064
-0.6765348938560783,1766740148.206013805,/ground_truth.poses[1].position.y,-0.522185691010283
-0.664946851900228,1766740148.225760554,/ground_truth.poses[1].position.y,-0.5354202999336813
-0.6527683217922396,1766740148.245964456,/ground_truth.poses[1].position.y,-0.5493293005959565
-0.6405897852478709,1766740148.266360727,/ground_truth.poses[1].position.y,-0.5632383086091044
-0.6284112487031303,1766740148.285963497,/ground_truth.poses[1].position.y,-0.5771473166226235
-0.6159374680821329,1766740148.306474121,/ground_truth.poses[1].position.y,-0.591393520505746
-0.6034636842427495,1766740148.326156540,/ground_truth.poses[1].position.y,-0.6056397280644986
-0.5911375208319907,1766740148.346226963,/ground_truth.poses[1].position.y,-0.6197173395265397
-0.5789589842856964,1766740148.366977495,/ground_truth.poses[1].position.y,-0.6336263475415721
-0.5667804477391347,1766740148.386287138,/ground_truth.poses[1].position.y,-0.6475353555568623
-0.5543066671163587,1766740148.406684401,/ground_truth.poses[1].position.y,-0.6617815594417269
-0.5419805037042508,1766740148.426434957,/ground_truth.poses[1].position.y,-0.675859170905085
-0.5298019671565902,1766740148.446326717,/ground_truth.poses[1].position.y,-0.689768178921435
-0.5176234306086839,1766740148.466693673,/ground_truth.poses[1].position.y,-0.7036771869380118
-0.5054448940604783,1766740148.486382674,/ground_truth.poses[1].position.y,-0.7175861949548895
-0.49326635751195747,1766740148.506561028,/ground_truth.poses[1].position.y,-0.7314952029720632
-0.4810878209631262,1766740148.526695631,/ground_truth.poses[1].position.y,-0.7454042109895276
-0.4689092844140014,1766740148.546468719,/ground_truth.poses[1].position.y,-0.7593132190072882
-0.45673074786460804,1766740148.566370126,/ground_truth.poses[1].position.y,-0.7732222270253302
-0.4451426994666965,1766740148.586724479,/ground_truth.poses[1].position.y,-0.7864568433051601
-0.43355465750452227,1766740148.606782890,/ground_truth.poses[1].position.y,-0.7996914522347062
-0.42314759027501053,1766740148.626751753,/ground_truth.poses[1].position.y,-0.8115772794812774
-0.41351657492716776,1766740148.646689648,/ground_truth.poses[1].position.y,-0.8225767838634966
-0.4060619766255492,1766740148.666813060,/ground_truth.poses[1].position.y,-0.8310906202400243
-0.4009355104604038,1766740148.686971126,/ground_truth.poses[1].position.y,-0.8369455147865404
-0.39891319911355155,1766740148.707058952,/ground_truth.poses[1].position.y,-0.8392551777381136
-0.39891319911355155,1766740148.727085402,/ground_truth.poses[1].position.y,-0.8392551777381136
-0.39891319911355155,1766740148.747169882,/ground_truth.poses[1].position.y,-0.8392551777381136
-0.39891319911355155,1766740148.766993654,/ground_truth.poses[1].position.y,-0.8392551777381136
-0.39891319911355155,1766740148.787227612,/ground_truth.poses[1].position.y,-0.8392551777381136
-0.39891319911355155,1766740148.807574210,/ground_truth.poses[1].position.y,-0.8392551777381136
-0.39891319911355155,1766740148.827159889,/ground_truth.poses[1].position.y,-0.8392551777381136
-0.39891319911355155,1766740148.847563744,/ground_truth.poses[1].position.y,-0.8392551777381136
-0.39891319911355155,1766740148.867281639,/ground_truth.poses[1].position.y,-0.8392551777381136
-0.39891319911355155,1766740148.887307078,/ground_truth.poses[1].position.y,-0.8392551777381136
-0.39891319911355155,1766740148.907998750,/ground_truth.poses[1].position.y,-0.8392551777381136
-0.39891319911355155,1766740148.927490433,/ground_truth.poses[1].position.y,-0.8392551777381136
-0.39891319911355155,1766740148.947666643,/ground_truth.poses[1].position.y,-0.8392551777381136
-0.39891319911355155,1766740148.967611031,/ground_truth.poses[1].position.y,-0.8392551777381136
-0.39891319911355155,1766740148.987615701,/ground_truth.poses[1].position.y,-0.8392551777381136
-0.39891319911355155,1766740149.008013645,/ground_truth.poses[1].position.y,-0.8392551777381136
-0.39891319911355155,1766740149.027709379,/ground_truth.poses[1].position.y,-0.8392551777381136
-0.39891319911355155,1766740149.047783238,/ground_truth.poses[1].position.y,-0.8392551777381136
-0.39891319911355155,1766740149.068195519,/ground_truth.poses[1].position.y,-0.8392551777381136
-0.39891319911355155,1766740149.087791837,/ground_truth.poses[1].position.y,-0.8392551777381136
-0.39891319911355155,1766740149.108301089,/ground_truth.poses[1].position.y,-0.8392551777381136
-0.39891319911355155,1766740149.128140661,/ground_truth.poses[1].position.y,-0.8392551777381136
-0.39891319911355155,1766740149.147994560,/ground_truth.poses[1].position.y,-0.8392551777381136
-0.39891319911355155,1766740149.168214311,/ground_truth.poses[1].position.y,-0.8392551777381136
-0.39891319911355155,1766740149.188077207,/ground_truth.poses[1].position.y,-0.8392551777381136
-0.39891319911355155,1766740149.208273715,/ground_truth.poses[1].position.y,-0.8392551777381136
-0.39891319911355155,1766740149.228304955,/ground_truth.poses[1].position.y,-0.8392551777381136
-0.39891319911355155,1766740149.248253370,/ground_truth.poses[1].position.y,-0.8392551777381136
-0.39891319911355155,1766740149.268427166,/ground_truth.poses[1].position.y,-0.8392551777381136
-0.39891319911355155,1766740149.288615378,/ground_truth.poses[1].position.y,-0.8392551777381136
-0.39891319911355155,1766740149.308560056,/ground_truth.poses[1].position.y,-0.8392551777381136
-0.39891319911355155,1766740149.328630319,/ground_truth.poses[1].position.y,-0.8392551777381136
-0.39891319911355155,1766740149.348453741,/ground_truth.poses[1].position.y,-0.8392551777381136
-0.39891319911355155,1766740149.368602300,/ground_truth.poses[1].position.y,-0.8392551777381136
-0.39891319911355155,1766740149.388818875,/ground_truth.poses[1].position.y,-0.8392551777381136
-0.39891319911355155,1766740149.408644812,/ground_truth.poses[1].position.y,-0.8392551777381136
-0.39891319911355155,1766740149.428555316,/ground_truth.poses[1].position.y,-0.8392551777381136
-0.39891319911355155,1766740149.448536894,/ground_truth.poses[1].position.y,-0.8392551777381136
-0.39891319911355155,1766740149.468802530,/ground_truth.poses[1].position.y,-0.8392551777381136
-0.39891319911355155,1766740149.488720880,/ground_truth.poses[1].position.y,-0.8392551777381136
-0.39891319911355155,1766740149.509029668,/ground_truth.poses[1].position.y,-0.8392551777381136
-0.39891319911355155,1766740149.528761198,/ground_truth.poses[1].position.y,-0.8392551777381136
-0.39891319911355155,1766740149.549091005,/ground_truth.poses[1].position.y,-0.8392551777381136
-0.39891319911355155,1766740149.568985009,/ground_truth.poses[1].position.y,-0.8392551777381136
-0.39891319911355155,1766740149.589012451,/ground_truth.poses[1].position.y,-0.8392551777381136
-0.39891319911355155,1766740149.609408912,/ground_truth.poses[1].position.y,-0.8392551777381136
-0.39891319911355155,1766740149.629123611,/ground_truth.poses[1].position.y,-0.8392551777381136
-0.39891319911355155,1766740149.649435695,/ground_truth.poses[1].position.y,-0.8392551777381136
-0.39891319911355155,1766740149.669366377,/ground_truth.poses[1].position.y,-0.8392551777381136
-0.39891319911355155,1766740149.689265400,/ground_truth.poses[1].position.y,-0.8392551777381136
-0.39891319911355155,1766740149.709865221,/ground_truth.poses[1].position.y,-0.8392551777381136
-0.39891319911355155,1766740149.729438196,/ground_truth.poses[1].position.y,-0.8392551777381136
-0.39891319911355155,1766740149.749744699,/ground_truth.poses[1].position.y,-0.8392551777381136
-0.39891319911355155,1766740149.769787861,/ground_truth.poses[1].position.y,-0.8392551777381136
-0.39891319911355155,1766740149.789759931,/ground_truth.poses[1].position.y,-0.8392551777381136
-0.39891319911355155,1766740149.810236822,/ground_truth.poses[1].position.y,-0.8392551777381136
-0.39891319911355155,1766740149.829752840,/ground_truth.poses[1].position.y,-0.8392551777381136
-0.39891319911355155,1766740149.850084821,/ground_truth.poses[1].position.y,-0.8392551777381136
-0.39891319911355155,1766740149.870209525,/ground_truth.poses[1].position.y,-0.8392551777381136
-0.39891319911355155,1766740149.890038938,/ground_truth.poses[1].position.y,-0.8392551777381136
-0.39891319911355155,1766740149.910380768,/ground_truth.poses[1].position.y,-0.8392551777381136
-0.39891319911355155,1766740149.930360902,/ground_truth.poses[1].position.y,-0.8392551777381136
-0.39891319911355155,1766740149.951209738,/ground_truth.poses[1].position.y,-0.8392551777381136
-0.39891319911355155,1766740149.971494841,/ground_truth.poses[1].position.y,-0.8392551777381136
-0.39891319911355155,1766740149.991546850,/ground_truth.poses[1].position.y,-0.8392551777381136
-0.39891319911355155,1766740150.011357548,/ground_truth.poses[1].position.y,-0.8392551777381136
-0.39891319911355155,1766740150.030916106,/ground_truth.poses[1].position.y,-0.8392551777381136
-0.39891319911355155,1766740150.051416922,/ground_truth.poses[1].position.y,-0.8392551777381136
-0.39891319911355155,1766740150.071760614,/ground_truth.poses[1].position.y,-0.8392551777381136
-0.39891319911355155,1766740150.092009030,/ground_truth.poses[1].position.y,-0.8392551777381136
-0.39891319911355155,1766740150.111558941,/ground_truth.poses[1].position.y,-0.8392551777381136
-0.39891319911355155,1766740150.132006217,/ground_truth.poses[1].position.y,-0.8392551777381136
-0.39891319911355155,1766740150.152079756,/ground_truth.poses[1].position.y,-0.8392551777381136
-0.39891319911355155,1766740150.171998135,/ground_truth.poses[1].position.y,-0.8392551777381136
-0.39891319911355155,1766740150.192218297,/ground_truth.poses[1].position.y,-0.8392551777381136
-0.39891319911355155,1766740150.211846165,/ground_truth.poses[1].position.y,-0.8392551777381136
-0.39891319911355155,1766740150.231802184,/ground_truth.poses[1].position.y,-0.8392551777381136
-0.39891319911355155,1766740150.251976400,/ground_truth.poses[1].position.y,-0.8392551777381136
-0.39891319911355155,1766740150.272124789,/ground_truth.poses[1].position.y,-0.8392551777381136
-0.39891319911355155,1766740150.292063335,/ground_truth.poses[1].position.y,-0.8392551777381136
-0.39891319911355155,1766740150.312685398,/ground_truth.poses[1].position.y,-0.8392551777381136
-0.39891319911355155,1766740150.332110997,/ground_truth.poses[1].position.y,-0.8392551777381136
-0.39891319911355155,1766740150.352538737,/ground_truth.poses[1].position.y,-0.8392551777381136
-0.39891319911355155,1766740150.373452474,/ground_truth.poses[1].position.y,-0.8392551777381136
-0.39891319911355155,1766740150.392767457,/ground_truth.poses[1].position.y,-0.8392551777381136
-0.39891319911355155,1766740150.413005683,/ground_truth.poses[1].position.y,-0.8392551777381136
-0.39891319911355155,1766740150.432804940,/ground_truth.poses[1].position.y,-0.8392551777381136
-0.39891319911355155,1766740150.453028518,/ground_truth.poses[1].position.y,-0.8392551777381136
-0.39891319911355155,1766740150.473584848,/ground_truth.poses[1].position.y,-0.8392551777381136
-0.39891319911355155,1766740150.493396067,/ground_truth.poses[1].position.y,-0.8392551777381136
-0.39891319911355155,1766740150.513362766,/ground_truth.poses[1].position.y,-0.8392551777381136
-0.39891319911355155,1766740150.533386332,/ground_truth.poses[1].position.y,-0.8392551777381136
-0.39891319911355155,1766740150.553555359,/ground_truth.poses[1].position.y,-0.8392551777381136
-0.39891319911355155,1766740150.573661308,/ground_truth.poses[1].position.y,-0.8392551777381136
-0.39891319911355155,1766740150.593707255,/ground_truth.poses[1].position.y,-0.8392551777381136
-0.39891319911355155,1766740150.613928860,/ground_truth.poses[1].position.y,-0.8392551777381136
-0.39891319911355155,1766740150.633728377,/ground_truth.poses[1].position.y,-0.8392551777381136
-0.39891319911355155,1766740150.653946376,/ground_truth.poses[1].position.y,-0.8392551777381136
-0.39891319911355155,1766740150.674219938,/ground_truth.poses[1].position.y,-0.8392551777381136
-0.39891319911355155,1766740150.694107660,/ground_truth.poses[1].position.y,-0.8392551777381136
-0.39891319911355155,1766740150.714207467,/ground_truth.poses[1].position.y,-0.8392551777381136
-0.39891319911355155,1766740150.734358641,/ground_truth.poses[1].position.y,-0.8392551777381136
-0.39891319911355155,1766740150.754356188,/ground_truth.poses[1].position.y,-0.8392551777381136
-0.39891319911355155,1766740150.774422643,/ground_truth.poses[1].position.y,-0.8392551777381136
-0.39891319911355155,1766740150.794388892,/ground_truth.poses[1].position.y,-0.8392551777381136
-0.39891319911355155,1766740150.814627238,/ground_truth.poses[1].position.y,-0.8392551777381136
-0.39891319911355155,1766740150.834634794,/ground_truth.poses[1].position.y,-0.8392551777381136
-0.39891319911355155,1766740150.854807417,/ground_truth.poses[1].position.y,-0.8392551777381136
-0.39891319911355155,1766740150.874807689,/ground_truth.poses[1].position.y,-0.8392551777381136
-0.39891319911355155,1766740150.894746226,/ground_truth.poses[1].position.y,-0.8392551777381136
-0.39891319911355155,1766740150.914819584,/ground_truth.poses[1].position.y,-0.8392551777381136
-0.39891319911355155,1766740150.934714590,/ground_truth.poses[1].position.y,-0.8392551777381136
-0.39891319911355155,1766740150.954840456,/ground_truth.poses[1].position.y,-0.8392551777381136
-0.39891319911355155,1766740150.975056080,/ground_truth.poses[1].position.y,-0.8392551777381136
-0.39891319911355155,1766740150.995040683,/ground_truth.poses[1].position.y,-0.8392551777381136
-0.39891319911355155,1766740151.015096789,/ground_truth.poses[1].position.y,-0.8392551777381136
-0.39891319911355155,1766740151.034881429,/ground_truth.poses[1].position.y,-0.8392551777381136
-0.39891319911355155,1766740151.055230171,/ground_truth.poses[1].position.y,-0.8392551777381136
-0.39891319911355155,1766740151.075229130,/ground_truth.poses[1].position.y,-0.8392551777381136
-0.39891319911355155,1766740151.095050198,/ground_truth.poses[1].position.y,-0.8392551777381136
-0.39891319911355155,1766740151.115439225,/ground_truth.poses[1].position.y,-0.8392551777381136
-0.39891319911355155,1766740151.135157621,/ground_truth.poses[1].position.y,-0.8392551777381136
-0.39891319911355155,1766740151.155301451,/ground_truth.poses[1].position.y,-0.8392551777381136
-0.39891319911355155,1766740151.175421106,/ground_truth.poses[1].position.y,-0.8392551777381136
-0.39891319911355155,1766740151.195262251,/ground_truth.poses[1].position.y,-0.8392551777381136
-0.39891319911355155,1766740151.215677658,/ground_truth.poses[1].position.y,-0.8392551777381136
-0.39891319911355155,1766740151.235159492,/ground_truth.poses[1].position.y,-0.8392551777381136
-0.39891319911355155,1766740151.255418657,/ground_truth.poses[1].position.y,-0.8392551777381136
-0.39891319911355155,1766740151.275696848,/ground_truth.poses[1].position.y,-0.8392551777381136
-0.39891319911355155,1766740151.295502056,/ground_truth.poses[1].position.y,-0.8392551777381136
-0.39891319911355155,1766740151.315779365,/ground_truth.poses[1].position.y,-0.8392551777381136
-0.39891319911355155,1766740151.336024674,/ground_truth.poses[1].position.y,-0.8392551777381136
-0.39891319911355155,1766740151.355645808,/ground_truth.poses[1].position.y,-0.8392551777381136
-0.39891319911355155,1766740151.376275134,/ground_truth.poses[1].position.y,-0.8392551777381136
-0.39891319911355155,1766740151.395835605,/ground_truth.poses[1].position.y,-0.8392551777381136
-0.39891319911355155,1766740151.416132902,/ground_truth.poses[1].position.y,-0.8392551777381136
-0.39891319911355155,1766740151.436199107,/ground_truth.poses[1].position.y,-0.8392551777381136
-0.39891319911355155,1766740151.455921530,/ground_truth.poses[1].position.y,-0.8392551777381136
-0.39891319911355155,1766740151.476421294,/ground_truth.poses[1].position.y,-0.8392551777381136
-0.39891319911355155,1766740151.496516774,/ground_truth.poses[1].position.y,-0.8392551777381136
-0.39891319911355155,1766740151.516190707,/ground_truth.poses[1].position.y,-0.8392551777381136
-0.39891319911355155,1766740151.536368190,/ground_truth.poses[1].position.y,-0.8392551777381136
-0.39891319911355155,1766740151.556188676,/ground_truth.poses[1].position.y,-0.8392551777381136
-0.39891319911355155,1766740151.576361150,/ground_truth.poses[1].position.y,-0.8392551777381136
-0.39891319911355155,1766740151.596284979,/ground_truth.poses[1].position.y,-0.8392551777381136
-0.39891319911355155,1766740151.616215120,/ground_truth.poses[1].position.y,-0.8392551777381136
-0.39891319911355155,1766740151.636277458,/ground_truth.poses[1].position.y,-0.8392551777381136
-0.39891319911355155,1766740151.656395109,/ground_truth.poses[1].position.y,-0.8392551777381136
-0.39891319911355155,1766740151.676429635,/ground_truth.poses[1].position.y,-0.8392551777381136
-0.39891319911355155,1766740151.696346772,/ground_truth.poses[1].position.y,-0.8392551777381136
-0.39891319911355155,1766740151.716381017,/ground_truth.poses[1].position.y,-0.8392551777381136
-0.39891319911355155,1766740151.736394133,/ground_truth.poses[1].position.y,-0.8392551777381136
-0.39891319911355155,1766740151.756455309,/ground_truth.poses[1].position.y,-0.8392551777381136
-0.39891319911355155,1766740151.776573851,/ground_truth.poses[1].position.y,-0.8392551777381136
-0.39891319911355155,1766740151.796347050,/ground_truth.poses[1].position.y,-0.8392551777381136
-0.39891319911355155,1766740151.816677037,/ground_truth.poses[1].position.y,-0.8392551777381136
-0.39891319911355155,1766740151.836492684,/ground_truth.poses[1].position.y,-0.8392551777381136
-0.39891319911355155,1766740151.856834033,/ground_truth.poses[1].position.y,-0.8392551777381136
-0.39891319911355155,1766740151.876657395,/ground_truth.poses[1].position.y,-0.8392551777381136
-0.39891319911355155,1766740151.896581725,/ground_truth.poses[1].position.y,-0.8392551777381136
-0.39891319911355155,1766740151.917056622,/ground_truth.poses[1].position.y,-0.8392551777381136
-0.39891319911355155,1766740151.936851331,/ground_truth.poses[1].position.y,-0.8392551777381136
-0.39891319911355155,1766740151.957143277,/ground_truth.poses[1].position.y,-0.8392551777381136
-0.39891319911355155,1766740151.978103511,/ground_truth.poses[1].position.y,-0.8392551777381136
-0.39891319911355155,1766740151.997456484,/ground_truth.poses[1].position.y,-0.8392551777381136
-0.39891319911355155,1766740152.017720950,/ground_truth.poses[1].position.y,-0.8392551777381136
-0.39891319911355155,1766740152.037379163,/ground_truth.poses[1].position.y,-0.8392551777381136
-0.39891319911355155,1766740152.057371851,/ground_truth.poses[1].position.y,-0.8392551777381136
-0.39891319911355155,1766740152.077819508,/ground_truth.poses[1].position.y,-0.8392551777381136
-0.39891319911355155,1766740152.097561949,/ground_truth.poses[1].position.y,-0.8392551777381136
-0.39891319911355155,1766740152.117694708,/ground_truth.poses[1].position.y,-0.8392551777381136
-0.39891319911355155,1766740152.137785449,/ground_truth.poses[1].position.y,-0.8392551777381136
-0.39891319911355155,1766740152.157543298,/ground_truth.poses[1].position.y,-0.8392551777381136
-0.39891319911355155,1766740152.178928104,/ground_truth.poses[1].position.y,-0.8392551777381136
-0.39891319911355155,1766740152.197812434,/ground_truth.poses[1].position.y,-0.8392551777381136
-0.39891319911355155,1766740152.217872096,/ground_truth.poses[1].position.y,-0.8392551777381136
-0.39891319911355155,1766740152.238118568,/ground_truth.poses[1].position.y,-0.8392551777381136
-0.39891319911355155,1766740152.257892107,/ground_truth.poses[1].position.y,-0.8392551777381136
-0.39891319911355155,1766740152.279430890,/ground_truth.poses[1].position.y,-0.8392551777381136
-0.39891319911355155,1766740152.298148067,/ground_truth.poses[1].position.y,-0.8392551777381136
-0.39891319911355155,1766740152.318243527,/ground_truth.poses[1].position.y,-0.8392551777381136
-0.39891319911355155,1766740152.338375755,/ground_truth.poses[1].position.y,-0.8392551777381136
-0.39891319911355155,1766740152.358280188,/ground_truth.poses[1].position.y,-0.8392551777381136
-0.39891319911355155,1766740152.378649459,/ground_truth.poses[1].position.y,-0.8392551777381136
-0.39891319911355155,1766740152.398613724,/ground_truth.poses[1].position.y,-0.8392551777381136
-0.39891319911355155,1766740152.418521633,/ground_truth.poses[1].position.y,-0.8392551777381136
-0.39891319911355155,1766740152.438405889,/ground_truth.poses[1].position.y,-0.8392551777381136
-0.39891319911355155,1766740152.458448019,/ground_truth.poses[1].position.y,-0.8392551777381136
-0.39891319911355155,1766740152.478584064,/ground_truth.poses[1].position.y,-0.8392551777381136
-0.39891319911355155,1766740152.498493286,/ground_truth.poses[1].position.y,-0.8392551777381136
-0.39891319911355155,1766740152.518564962,/ground_truth.poses[1].position.y,-0.8392551777381136
-0.39891319911355155,1766740152.538775666,/ground_truth.poses[1].position.y,-0.8392551777381136
-0.39891319911355155,1766740152.558748046,/ground_truth.poses[1].position.y,-0.8392551777381136
-0.39891319911355155,1766740152.578889842,/ground_truth.poses[1].position.y,-0.8392551777381136
-0.39891319911355155,1766740152.598688999,/ground_truth.poses[1].position.y,-0.8392551777381136
-0.39891319911355155,1766740152.619122620,/ground_truth.poses[1].position.y,-0.8392551777381136
-0.39891319911355155,1766740152.638765254,/ground_truth.poses[1].position.y,-0.8392551777381136
-0.39891319911355155,1766740152.659069163,/ground_truth.poses[1].position.y,-0.8392551777381136
-0.39891319911355155,1766740152.679279697,/ground_truth.poses[1].position.y,-0.8392551777381136
-0.39891319911355155,1766740152.699012931,/ground_truth.poses[1].position.y,-0.8392551777381136
-0.39891319911355155,1766740152.719381380,/ground_truth.poses[1].position.y,-0.8392551777381136
-0.39891319911355155,1766740152.739289440,/ground_truth.poses[1].position.y,-0.8392551777381136
-0.39891319911355155,1766740152.759285784,/ground_truth.poses[1].position.y,-0.8392551777381136
-0.39891319911355155,1766740152.779614670,/ground_truth.poses[1].position.y,-0.8392551777381136
-0.39891319911355155,1766740152.799287701,/ground_truth.poses[1].position.y,-0.8392551777381136
-0.39891319911355155,1766740152.819608000,/ground_truth.poses[1].position.y,-0.8392551777381136
-0.39891319911355155,1766740152.839325935,/ground_truth.poses[1].position.y,-0.8392551777381136
-0.39891319911355155,1766740152.859419000,/ground_truth.poses[1].position.y,-0.8392551777381136
-0.39891319911355155,1766740152.879840509,/ground_truth.poses[1].position.y,-0.8392551777381136
-0.39891319911355155,1766740152.899458828,/ground_truth.poses[1].position.y,-0.8392551777381136
-0.39891319911355155,1766740152.919654254,/ground_truth.poses[1].position.y,-0.8392551777381136
-0.39891319911355155,1766740152.939829533,/ground_truth.poses[1].position.y,-0.8392551777381136
-0.39891319911355155,1766740152.959693019,/ground_truth.poses[1].position.y,-0.8392551777381136
-0.39891319911355155,1766740152.980052311,/ground_truth.poses[1].position.y,-0.8392551777381136
-0.39891319911355155,1766740153.000187866,/ground_truth.poses[1].position.y,-0.8392551777381136
-0.39891319911355155,1766740153.019970712,/ground_truth.poses[1].position.y,-0.8392551777381136
-0.39891319911355155,1766740153.039887949,/ground_truth.poses[1].position.y,-0.8392551777381136
-0.39891319911355155,1766740153.060094085,/ground_truth.poses[1].position.y,-0.8392551777381136
-0.39891319911355155,1766740153.081457381,/ground_truth.poses[1].position.y,-0.8392551777381136
-0.39891319911355155,1766740153.101723639,/ground_truth.poses[1].position.y,-0.8392551777381136
-0.39891319911355155,1766740153.122248129,/ground_truth.poses[1].position.y,-0.8392551777381136
-0.39891319911355155,1766740153.141379069,/ground_truth.poses[1].position.y,-0.8392551777381136
-0.39891319911355155,1766740153.162036687,/ground_truth.poses[1].position.y,-0.8392551777381136
-0.39891319911355155,1766740153.181937734,/ground_truth.poses[1].position.y,-0.8392551777381136
-0.39891319911355155,1766740153.201691186,/ground_truth.poses[1].position.y,-0.8392551777381136
-0.39891319911355155,1766740153.221732885,/ground_truth.poses[1].position.y,-0.8392551777381136
-0.39891319911355155,1766740153.241566236,/ground_truth.poses[1].position.y,-0.8392551777381136
-0.39891319911355155,1766740153.261697192,/ground_truth.poses[1].position.y,-0.8392551777381136
-0.39891319911355155,1766740153.282396588,/ground_truth.poses[1].position.y,-0.8392551777381136
-0.39891319911355155,1766740153.302114794,/ground_truth.poses[1].position.y,-0.8392551777381136
-0.39891319911355155,1766740153.322269935,/ground_truth.poses[1].position.y,-0.8392551777381136
-0.39891319911355155,1766740153.341597692,/ground_truth.poses[1].position.y,-0.8392551777381136
-0.39891319911355155,1766740153.361730741,/ground_truth.poses[1].position.y,-0.8392551777381136
-0.39891319911355155,1766740153.382379434,/ground_truth.poses[1].position.y,-0.8392551777381136
-0.39891319911355155,1766740153.401820342,/ground_truth.poses[1].position.y,-0.8392551777381136
-0.39891319911355155,1766740153.422300138,/ground_truth.poses[1].position.y,-0.8392551777381136
-0.39891319911355155,1766740153.441846143,/ground_truth.poses[1].position.y,-0.8392551777381136
-0.39891319911355155,1766740153.462335377,/ground_truth.poses[1].position.y,-0.8392551777381136
-0.39891319911355155,1766740153.482856241,/ground_truth.poses[1].position.y,-0.8392551777381136
-0.39891319911355155,1766740153.502324510,/ground_truth.poses[1].position.y,-0.8392551777381136
-0.39891319911355155,1766740153.522792866,/ground_truth.poses[1].position.y,-0.8392551777381136
-0.39891319911355155,1766740153.542409401,/ground_truth.poses[1].position.y,-0.8392551777381136
-0.39891319911355155,1766740153.562682923,/ground_truth.poses[1].position.y,-0.8392551777381136
-0.39891319911355155,1766740153.582850157,/ground_truth.poses[1].position.y,-0.8392551777381136
-0.39891319911355155,1766740153.602624447,/ground_truth.poses[1].position.y,-0.8392551777381136
-0.39891319911355155,1766740153.622955907,/ground_truth.poses[1].position.y,-0.8392551777381136
-0.39891319911355155,1766740153.642997857,/ground_truth.poses[1].position.y,-0.8392551777381136
-0.39891319911355155,1766740153.662796673,/ground_truth.poses[1].position.y,-0.8392551777381136
-0.39891319911355155,1766740153.683035230,/ground_truth.poses[1].position.y,-0.8392551777381136
-0.39891319911355155,1766740153.702970981,/ground_truth.poses[1].position.y,-0.8392551777381136
-0.39891319911355155,1766740153.722972536,/ground_truth.poses[1].position.y,-0.8392551777381136
-0.39891319911355155,1766740153.743250867,/ground_truth.poses[1].position.y,-0.8392551777381136
-0.39891319911355155,1766740153.763087223,/ground_truth.poses[1].position.y,-0.8392551777381136
-0.39891319911355155,1766740153.783346839,/ground_truth.poses[1].position.y,-0.8392551777381136
-0.39891319911355155,1766740153.803362740,/ground_truth.poses[1].position.y,-0.8392551777381136
-0.39891319911355155,1766740153.823229753,/ground_truth.poses[1].position.y,-0.8392551777381136
-0.39891319911355155,1766740153.843336023,/ground_truth.poses[1].position.y,-0.8392551777381136
-0.39891319911355155,1766740153.863239214,/ground_truth.poses[1].position.y,-0.8392551777381136
-0.39891319911355155,1766740153.883464225,/ground_truth.poses[1].position.y,-0.8392551777381136
-0.39891319911355155,1766740153.903583168,/ground_truth.poses[1].position.y,-0.8392551777381136
-0.39891319911355155,1766740153.923459409,/ground_truth.poses[1].position.y,-0.8392551777381136
-0.39891319911355155,1766740153.943436508,/ground_truth.poses[1].position.y,-0.8392551777381136
-0.39891319911355155,1766740153.963696375,/ground_truth.poses[1].position.y,-0.8392551777381136
-0.39891319911355155,1766740153.983791744,/ground_truth.poses[1].position.y,-0.8392551777381136
-0.39891319911355155,1766740154.003678143,/ground_truth.poses[1].position.y,-0.8392551777381136
-0.39891319911355155,1766740154.023704524,/ground_truth.poses[1].position.y,-0.8392551777381136
-0.39891319911355155,1766740154.043527936,/ground_truth.poses[1].position.y,-0.8392551777381136
-0.39891319911355155,1766740154.063801237,/ground_truth.poses[1].position.y,-0.8392551777381136
-0.39891319911355155,1766740154.083761244,/ground_truth.poses[1].position.y,-0.8392551777381136
-0.39891319911355155,1766740154.103723355,/ground_truth.poses[1].position.y,-0.8392551777381136
-0.39891319911355155,1766740154.124123984,/ground_truth.poses[1].position.y,-0.8392551777381136
-0.39891319911355155,1766740154.143600870,/ground_truth.poses[1].position.y,-0.8392551777381136
-0.39891319911355155,1766740154.164044218,/ground_truth.poses[1].position.y,-0.8392551777381136
-0.39891319911355155,1766740154.184360009,/ground_truth.poses[1].position.y,-0.8392551777381136
-0.39891319911355155,1766740154.203936490,/ground_truth.poses[1].position.y,-0.8392551777381136
-0.39891319911355155,1766740154.224348641,/ground_truth.poses[1].position.y,-0.8392551777381136
-0.39891319911355155,1766740154.243949909,/ground_truth.poses[1].position.y,-0.8392551777381136
-0.39891319911355155,1766740154.264066357,/ground_truth.poses[1].position.y,-0.8392551777381136
-0.39891319911355155,1766740154.284739715,/ground_truth.poses[1].position.y,-0.8392551777381136
-0.39891319911355155,1766740154.304211942,/ground_truth.poses[1].position.y,-0.8392551777381136
-0.39891319911355155,1766740154.324728467,/ground_truth.poses[1].position.y,-0.8392551777381136
-0.39891319911355155,1766740154.344588648,/ground_truth.poses[1].position.y,-0.8392551777381136
-0.39891319911355155,1766740154.364671554,/ground_truth.poses[1].position.y,-0.8392551777381136
-0.39891319911355155,1766740154.384864485,/ground_truth.poses[1].position.y,-0.8392551777381136
-0.39891319911355155,1766740154.404622225,/ground_truth.poses[1].position.y,-0.8392551777381136
-0.39891319911355155,1766740154.424783518,/ground_truth.poses[1].position.y,-0.8392551777381136
-0.39891319911355155,1766740154.444996266,/ground_truth.poses[1].position.y,-0.8392551777381136
-0.39891319911355155,1766740154.464904947,/ground_truth.poses[1].position.y,-0.8392551777381136
-0.39891319911355155,1766740154.485224054,/ground_truth.poses[1].position.y,-0.8392551777381136
-0.39891319911355155,1766740154.505303895,/ground_truth.poses[1].position.y,-0.8392551777381136
-0.39891319911355155,1766740154.525214990,/ground_truth.poses[1].position.y,-0.8392551777381136
-0.39891319911355155,1766740154.545711308,/ground_truth.poses[1].position.y,-0.8392551777381136
-0.39891319911355155,1766740154.565345667,/ground_truth.poses[1].position.y,-0.8392551777381136
-0.39891319911355155,1766740154.585324329,/ground_truth.poses[1].position.y,-0.8392551777381136
-0.39891319911355155,1766740154.605587581,/ground_truth.poses[1].position.y,-0.8392551777381136
-0.39891319911355155,1766740154.625413358,/ground_truth.poses[1].position.y,-0.8392551777381136
-0.39891319911355155,1766740154.645441592,/ground_truth.poses[1].position.y,-0.8392551777381136
-0.39891319911355155,1766740154.665412179,/ground_truth.poses[1].position.y,-0.8392551777381136
-0.39891319911355155,1766740154.685840850,/ground_truth.poses[1].position.y,-0.8392551777381136
-0.39891319911355155,1766740154.705381875,/ground_truth.poses[1].position.y,-0.8392551777381136
-0.39891319911355155,1766740154.725408436,/ground_truth.poses[1].position.y,-0.8392551777381136
-0.39891319911355155,1766740154.745551314,/ground_truth.poses[1].position.y,-0.8392551777381136
-0.39891319911355155,1766740154.765728266,/ground_truth.poses[1].position.y,-0.8392551777381136
-0.39891319911355155,1766740154.785700135,/ground_truth.poses[1].position.y,-0.8392551777381136
-0.39891319911355155,1766740154.805672916,/ground_truth.poses[1].position.y,-0.8392551777381136
-0.39891319911355155,1766740154.825779496,/ground_truth.poses[1].position.y,-0.8392551777381136
-0.39891319911355155,1766740154.846068887,/ground_truth.poses[1].position.y,-0.8392551777381136
-0.39891319911355155,1766740154.865933036,/ground_truth.poses[1].position.y,-0.8392551777381136
-0.39891319911355155,1766740154.885948676,/ground_truth.poses[1].position.y,-0.8392551777381136
-0.39891319911355155,1766740154.905837791,/ground_truth.poses[1].position.y,-0.8392551777381136
-0.39891319911355155,1766740154.926328017,/ground_truth.poses[1].position.y,-0.8392551777381136
-0.39891319911355155,1766740154.946004014,/ground_truth.poses[1].position.y,-0.8392551777381136
-0.39891319911355155,1766740154.966308103,/ground_truth.poses[1].position.y,-0.8392551777381136
-0.39891319911355155,1766740154.986682673,/ground_truth.poses[1].position.y,-0.8392551777381136
-0.39891319911355155,1766740155.006232605,/ground_truth.poses[1].position.y,-0.8392551777381136
-0.39891319911355155,1766740155.026488334,/ground_truth.poses[1].position.y,-0.8392551777381136
-0.39891319911355155,1766740155.046376597,/ground_truth.poses[1].position.y,-0.8392551777381136
-0.39891319911355155,1766740155.066406464,/ground_truth.poses[1].position.y,-0.8392551777381136
-0.39891319911355155,1766740155.086652084,/ground_truth.poses[1].position.y,-0.8392551777381136
-0.39891319911355155,1766740155.106557930,/ground_truth.poses[1].position.y,-0.8392551777381136
-0.39891319911355155,1766740155.126725624,/ground_truth.poses[1].position.y,-0.8392551777381136
-0.39891319911355155,1766740155.146952589,/ground_truth.poses[1].position.y,-0.8392551777381136
-0.39891319911355155,1766740155.166803723,/ground_truth.poses[1].position.y,-0.8392551777381136
-0.39891319911355155,1766740155.186944737,/ground_truth.poses[1].position.y,-0.8392551777381136
-0.39891319911355155,1766740155.206734797,/ground_truth.poses[1].position.y,-0.8392551777381136
-0.39891319911355155,1766740155.226794500,/ground_truth.poses[1].position.y,-0.8392551777381136
-0.39891319911355155,1766740155.247367721,/ground_truth.poses[1].position.y,-0.8392551777381136
-0.39891319911355155,1766740155.266854445,/ground_truth.poses[1].position.y,-0.8392551777381136
-0.39891319911355155,1766740155.287052767,/ground_truth.poses[1].position.y,-0.8392551777381136
-0.39891319911355155,1766740155.307290872,/ground_truth.poses[1].position.y,-0.8392551777381136
-0.39891319911355155,1766740155.327108464,/ground_truth.poses[1].position.y,-0.8392551777381136
-0.39891319911355155,1766740155.347535362,/ground_truth.poses[1].position.y,-0.8392551777381136
-0.39891319911355155,1766740155.367724076,/ground_truth.poses[1].position.y,-0.8392551777381136
-0.39891319911355155,1766740155.387401906,/ground_truth.poses[1].position.y,-0.8392551777381136
-0.39891319911355155,1766740155.407487427,/ground_truth.poses[1].position.y,-0.8392551777381136
-0.39891319911355155,1766740155.427306661,/ground_truth.poses[1].position.y,-0.8392551777381136
-0.39891319911355155,1766740155.447562961,/ground_truth.poses[1].position.y,-0.8392551777381136
-0.39891319911355155,1766740155.467420286,/ground_truth.poses[1].position.y,-0.8392551777381136
-0.39891319911355155,1766740155.487789086,/ground_truth.poses[1].position.y,-0.8392551777381136
-0.39891319911355155,1766740155.507485060,/ground_truth.poses[1].position.y,-0.8392551777381136
-0.39891319911355155,1766740155.527550333,/ground_truth.poses[1].position.y,-0.8392551777381136
-0.39891319911355155,1766740155.547594587,/ground_truth.poses[1].position.y,-0.8392551777381136
-0.39891319911355155,1766740155.567801495,/ground_truth.poses[1].position.y,-0.8392551777381136
-0.39891319911355155,1766740155.587751844,/ground_truth.poses[1].position.y,-0.8392551777381136
-0.39891319911355155,1766740155.607525032,/ground_truth.poses[1].position.y,-0.8392551777381136
-0.39891319911355155,1766740155.627922976,/ground_truth.poses[1].position.y,-0.8392551777381136
-0.39891319911355155,1766740155.647836917,/ground_truth.poses[1].position.y,-0.8392551777381136
-0.39891319911355155,1766740155.667866163,/ground_truth.poses[1].position.y,-0.8392551777381136
-0.39891319911355155,1766740155.688203224,/ground_truth.poses[1].position.y,-0.8392551777381136
-0.39891319911355155,1766740155.707903516,/ground_truth.poses[1].position.y,-0.8392551777381136
-0.39891319911355155,1766740155.728224947,/ground_truth.poses[1].position.y,-0.8392551777381136
-0.39891319911355155,1766740155.747969081,/ground_truth.poses[1].position.y,-0.8392551777381136
-0.39891319911355155,1766740155.768264534,/ground_truth.poses[1].position.y,-0.8392551777381136
-0.39891319911355155,1766740155.788439933,/ground_truth.poses[1].position.y,-0.8392551777381136
-0.39891319911355155,1766740155.808211608,/ground_truth.poses[1].position.y,-0.8392551777381136
-0.39891319911355155,1766740155.828498185,/ground_truth.poses[1].position.y,-0.8392551777381136
-0.39891319911355155,1766740155.848338218,/ground_truth.poses[1].position.y,-0.8392551777381136
-0.39891319911355155,1766740155.868337879,/ground_truth.poses[1].position.y,-0.8392551777381136
-0.39891319911355155,1766740155.888621760,/ground_truth.poses[1].position.y,-0.8392551777381136
-0.39891319911355155,1766740155.908461432,/ground_truth.poses[1].position.y,-0.8392551777381136
-0.39891319911355155,1766740155.928618567,/ground_truth.poses[1].position.y,-0.8392551777381136
-0.39891319911355155,1766740155.949085340,/ground_truth.poses[1].position.y,-0.8392551777381136
-0.39891319911355155,1766740155.968740177,/ground_truth.poses[1].position.y,-0.8392551777381136
-0.39891319911355155,1766740155.988808165,/ground_truth.poses[1].position.y,-0.8392551777381136
-0.39891319911355155,1766740156.008975569,/ground_truth.poses[1].position.y,-0.8392551777381136
-0.39891319911355155,1766740156.028785897,/ground_truth.poses[1].position.y,-0.8392551777381136
-0.39891319911355155,1766740156.048947019,/ground_truth.poses[1].position.y,-0.8392551777381136
-0.39891319911355155,1766740156.069127217,/ground_truth.poses[1].position.y,-0.8392551777381136
-0.39891319911355155,1766740156.089256970,/ground_truth.poses[1].position.y,-0.8392551777381136
-0.39891319911355155,1766740156.109349444,/ground_truth.poses[1].position.y,-0.8392551777381136
-0.39891319911355155,1766740156.129423955,/ground_truth.poses[1].position.y,-0.8392551777381136
-0.39891319911355155,1766740156.149617879,/ground_truth.poses[1].position.y,-0.8392551777381136
-0.39891319911355155,1766740156.169531819,/ground_truth.poses[1].position.y,-0.8392551777381136
-0.39891319911355155,1766740156.189834496,/ground_truth.poses[1].position.y,-0.8392551777381136
-0.39891319911355155,1766740156.210542929,/ground_truth.poses[1].position.y,-0.8392551777381136
-0.39891319911355155,1766740156.230160558,/ground_truth.poses[1].position.y,-0.8392551777381136
-0.39891319911355155,1766740156.250515712,/ground_truth.poses[1].position.y,-0.8392551777381136
-0.39891319911355155,1766740156.270444500,/ground_truth.poses[1].position.y,-0.8392551777381136
-0.39891319911355155,1766740156.290457907,/ground_truth.poses[1].position.y,-0.8392551777381136
-0.39891319911355155,1766740156.310598581,/ground_truth.poses[1].position.y,-0.8392551777381136
-0.39891319911355155,1766740156.330535264,/ground_truth.poses[1].position.y,-0.8392551777381136
-0.39891319911355155,1766740156.350935443,/ground_truth.poses[1].position.y,-0.8392551777381136
-0.39891319911355155,1766740156.370932088,/ground_truth.poses[1].position.y,-0.8392551777381136
-0.39891319911355155,1766740156.391084804,/ground_truth.poses[1].position.y,-0.8392551777381136
-0.39891319911355155,1766740156.410799864,/ground_truth.poses[1].position.y,-0.8392551777381136
-0.39891319911355155,1766740156.430865709,/ground_truth.poses[1].position.y,-0.8392551777381136
-0.39891319911355155,1766740156.451133861,/ground_truth.poses[1].position.y,-0.8392551777381136
-0.39891319911355155,1766740156.470570911,/ground_truth.poses[1].position.y,-0.8392551777381136
-0.39891319911355155,1766740156.490949950,/ground_truth.poses[1].position.y,-0.8392551777381136
-0.39891319911355155,1766740156.510723028,/ground_truth.poses[1].position.y,-0.8392551777381136
-0.39891319911355155,1766740156.531194129,/ground_truth.poses[1].position.y,-0.8392551777381136
-0.39891319911355155,1766740156.551776657,/ground_truth.poses[1].position.y,-0.8392551777381136
-0.39891319911355155,1766740156.571472171,/ground_truth.poses[1].position.y,-0.8392551777381136
-0.39891319911355155,1766740156.591811415,/ground_truth.poses[1].position.y,-0.8392551777381136
-0.39891319911355155,1766740156.611582840,/ground_truth.poses[1].position.y,-0.8392551777381136
-0.39891319911355155,1766740156.631749482,/ground_truth.poses[1].position.y,-0.8392551777381136
-0.39891319911355155,1766740156.652201297,/ground_truth.poses[1].position.y,-0.8392551777381136
-0.39891319911355155,1766740156.671816921,/ground_truth.poses[1].position.y,-0.8392551777381136
-0.39891319911355155,1766740156.692239441,/ground_truth.poses[1].position.y,-0.8392551777381136
-0.39891319911355155,1766740156.712197314,/ground_truth.poses[1].position.y,-0.8392551777381136
-0.39891319911355155,1766740156.732064897,/ground_truth.poses[1].position.y,-0.8392551777381136
-0.39891319911355155,1766740156.752112898,/ground_truth.poses[1].position.y,-0.8392551777381136
-0.39891319911355155,1766740156.772008045,/ground_truth.poses[1].position.y,-0.8392551777381136
-0.39891319911355155,1766740156.792309819,/ground_truth.poses[1].position.y,-0.8392551777381136
-0.39891319911355155,1766740156.812278993,/ground_truth.poses[1].position.y,-0.8392551777381136
-0.39891319911355155,1766740156.832102225,/ground_truth.poses[1].position.y,-0.8392551777381136
-0.39891319911355155,1766740156.852488988,/ground_truth.poses[1].position.y,-0.8392551777381136
-0.39891319911355155,1766740156.872653768,/ground_truth.poses[1].position.y,-0.8392551777381136
-0.39891319911355155,1766740156.892705334,/ground_truth.poses[1].position.y,-0.8392551777381136
-0.39891319911355155,1766740156.912552760,/ground_truth.poses[1].position.y,-0.8392551777381136
-0.39891319911355155,1766740156.932486789,/ground_truth.poses[1].position.y,-0.8392551777381136
-0.39891319911355155,1766740156.952964512,/ground_truth.poses[1].position.y,-0.8392551777381136
-0.39891319911355155,1766740156.972781892,/ground_truth.poses[1].position.y,-0.8392551777381136
-0.39891319911355155,1766740156.993035748,/ground_truth.poses[1].position.y,-0.8392551777381136
-0.39891319911355155,1766740157.012832090,/ground_truth.poses[1].position.y,-0.8392551777381136
-0.39891319911355155,1766740157.033079493,/ground_truth.poses[1].position.y,-0.8392551777381136
-0.39891319911355155,1766740157.052968688,/ground_truth.poses[1].position.y,-0.8392551777381136
-0.39891319911355155,1766740157.073156319,/ground_truth.poses[1].position.y,-0.8392551777381136
-0.39891319911355155,1766740157.093010418,/ground_truth.poses[1].position.y,-0.8392551777381136
-0.39891319911355155,1766740157.113042649,/ground_truth.poses[1].position.y,-0.8392551777381136
-0.39891319911355155,1766740157.133417129,/ground_truth.poses[1].position.y,-0.8392551777381136
-0.39891319911355155,1766740157.153070313,/ground_truth.poses[1].position.y,-0.8392551777381136
-0.39891319911355155,1766740157.173080954,/ground_truth.poses[1].position.y,-0.8392551777381136
-0.39891319911355155,1766740157.193403708,/ground_truth.poses[1].position.y,-0.8392551777381136
-0.39891319911355155,1766740157.213112346,/ground_truth.poses[1].position.y,-0.8392551777381136
-0.39891319911355155,1766740157.233503057,/ground_truth.poses[1].position.y,-0.8392551777381136
-0.39891319911355155,1766740157.253201215,/ground_truth.poses[1].position.y,-0.8392551777381136
-0.39891319911355155,1766740157.273361606,/ground_truth.poses[1].position.y,-0.8392551777381136
-0.39891319911355155,1766740157.293411931,/ground_truth.poses[1].position.y,-0.8392551777381136
-0.39891319911355155,1766740157.313539752,/ground_truth.poses[1].position.y,-0.8392551777381136
-0.39891319911355155,1766740157.333667271,/ground_truth.poses[1].position.y,-0.8392551777381136
-0.39891319911355155,1766740157.354291578,/ground_truth.poses[1].position.y,-0.8392551777381136
-0.39891319911355155,1766740157.373863560,/ground_truth.poses[1].position.y,-0.8392551777381136
-0.39891319911355155,1766740157.394128406,/ground_truth.poses[1].position.y,-0.8392551777381136
-0.39891319911355155,1766740157.414044020,/ground_truth.poses[1].position.y,-0.8392551777381136
-0.39891319911355155,1766740157.434153205,/ground_truth.poses[1].position.y,-0.8392551777381136
-0.39891319911355155,1766740157.454759789,/ground_truth.poses[1].position.y,-0.8392551777381136
-0.39891319911355155,1766740157.474050457,/ground_truth.poses[1].position.y,-0.8392551777381136
-0.39891319911355155,1766740157.494556973,/ground_truth.poses[1].position.y,-0.8392551777381136
-0.39891319911355155,1766740157.514487786,/ground_truth.poses[1].position.y,-0.8392551777381136
-0.39891319911355155,1766740157.534292994,/ground_truth.poses[1].position.y,-0.8392551777381136
-0.39891319911355155,1766740157.554565965,/ground_truth.poses[1].position.y,-0.8392551777381136
-0.39891319911355155,1766740157.574449178,/ground_truth.poses[1].position.y,-0.8392551777381136
-0.39891319911355155,1766740157.594841372,/ground_truth.poses[1].position.y,-0.8392551777381136
-0.39891319911355155,1766740157.614854428,/ground_truth.poses[1].position.y,-0.8392551777381136
-0.39891319911355155,1766740157.634651871,/ground_truth.poses[1].position.y,-0.8392551777381136
-0.39891319911355155,1766740157.654945621,/ground_truth.poses[1].position.y,-0.8392551777381136
-0.39891319911355155,1766740157.674691548,/ground_truth.poses[1].position.y,-0.8392551777381136
-0.39891319911355155,1766740157.694995337,/ground_truth.poses[1].position.y,-0.8392551777381136
-0.39891319911355155,1766740157.714815092,/ground_truth.poses[1].position.y,-0.8392551777381136
-0.39891319911355155,1766740157.735041776,/ground_truth.poses[1].position.y,-0.8392551777381136
-0.39891319911355155,1766740157.755153987,/ground_truth.poses[1].position.y,-0.8392551777381136
-0.39891319911355155,1766740157.775218579,/ground_truth.poses[1].position.y,-0.8392551777381136
-0.39891319911355155,1766740157.795420908,/ground_truth.poses[1].position.y,-0.8392551777381136
-0.39891319911355155,1766740157.815274427,/ground_truth.poses[1].position.y,-0.8392551777381136
-0.39891319911355155,1766740157.835303973,/ground_truth.poses[1].position.y,-0.8392551777381136
-0.39891319911355155,1766740157.855240877,/ground_truth.poses[1].position.y,-0.8392551777381136
-0.39891319911355155,1766740157.875215291,/ground_truth.poses[1].position.y,-0.8392551777381136
-0.39891319911355155,1766740157.895460290,/ground_truth.poses[1].position.y,-0.8392551777381136
-0.39891319911355155,1766740157.915202249,/ground_truth.poses[1].position.y,-0.8392551777381136
-0.39891319911355155,1766740157.935538669,/ground_truth.poses[1].position.y,-0.8392551777381136
-0.39891319911355155,1766740157.955725309,/ground_truth.poses[1].position.y,-0.8392551777381136
-0.39891319911355155,1766740157.975375838,/ground_truth.poses[1].position.y,-0.8392551777381136
-0.39891319911355155,1766740157.995845175,/ground_truth.poses[1].position.y,-0.8392551777381136
-0.39891319911355155,1766740158.015475768,/ground_truth.poses[1].position.y,-0.8392551777381136
-0.39891319911355155,1766740158.035800305,/ground_truth.poses[1].position.y,-0.8392551777381136
-0.39891319911355155,1766740158.056008755,/ground_truth.poses[1].position.y,-0.8392551777381136
-0.39891319911355155,1766740158.075955177,/ground_truth.poses[1].position.y,-0.8392551777381136
-0.39891319911355155,1766740158.096160491,/ground_truth.poses[1].position.y,-0.8392551777381136
-0.39891319911355155,1766740158.116406783,/ground_truth.poses[1].position.y,-0.8392551777381136
-0.39891319911355155,1766740158.136402927,/ground_truth.poses[1].position.y,-0.8392551777381136
-0.39891319911355155,1766740158.156359117,/ground_truth.poses[1].position.y,-0.8392551777381136
-0.39891319911355155,1766740158.176200121,/ground_truth.poses[1].position.y,-0.8392551777381136
-0.39891319911355155,1766740158.196471109,/ground_truth.poses[1].position.y,-0.8392551777381136
-0.39891319911355155,1766740158.216814681,/ground_truth.poses[1].position.y,-0.8392551777381136
-0.39891319911355155,1766740158.236389590,/ground_truth.poses[1].position.y,-0.8392551777381136
-0.39891319911355155,1766740158.257011953,/ground_truth.poses[1].position.y,-0.8392551777381136
-0.39891319911355155,1766740158.276341353,/ground_truth.poses[1].position.y,-0.8392551777381136
-0.39891319911355155,1766740158.296600027,/ground_truth.poses[1].position.y,-0.8392551777381136
-0.39891319911355155,1766740158.316635234,/ground_truth.poses[1].position.y,-0.8392551777381136
-0.39891319911355155,1766740158.336434902,/ground_truth.poses[1].position.y,-0.8392551777381136
-0.39891319911355155,1766740158.357036216,/ground_truth.poses[1].position.y,-0.8392551777381136
-0.39891319911355155,1766740158.376562593,/ground_truth.poses[1].position.y,-0.8392551777381136
-0.39891319911355155,1766740158.396756006,/ground_truth.poses[1].position.y,-0.8392551777381136
-0.39891319911355155,1766740158.416733625,/ground_truth.poses[1].position.y,-0.8392551777381136
-0.39891319911355155,1766740158.436642838,/ground_truth.poses[1].position.y,-0.8392551777381136
-0.39891319911355155,1766740158.457141339,/ground_truth.poses[1].position.y,-0.8392551777381136
-0.39891319911355155,1766740158.476977956,/ground_truth.poses[1].position.y,-0.8392551777381136
-0.39891319911355155,1766740158.496853144,/ground_truth.poses[1].position.y,-0.8392551777381136
-0.39891319911355155,1766740158.516845362,/ground_truth.poses[1].position.y,-0.8392551777381136
-0.39891319911355155,1766740158.537025369,/ground_truth.poses[1].position.y,-0.8392551777381136
-0.39891319911355155,1766740158.557645458,/ground_truth.poses[1].position.y,-0.8392551777381136
-0.39891319911355155,1766740158.577209756,/ground_truth.poses[1].position.y,-0.8392551777381136
-0.39891319911355155,1766740158.597262206,/ground_truth.poses[1].position.y,-0.8392551777381136
-0.39891319911355155,1766740158.617150699,/ground_truth.poses[1].position.y,-0.8392551777381136
-0.39891319911355155,1766740158.637463755,/ground_truth.poses[1].position.y,-0.8392551777381136
-0.39891319911355155,1766740158.657587086,/ground_truth.poses[1].position.y,-0.8392551777381136
-0.39891319911355155,1766740158.677334607,/ground_truth.poses[1].position.y,-0.8392551777381136
-0.39891319911355155,1766740158.697325882,/ground_truth.poses[1].position.y,-0.8392551777381136
-0.39891319911355155,1766740158.717301178,/ground_truth.poses[1].position.y,-0.8392551777381136
-0.39891319911355155,1766740158.737631706,/ground_truth.poses[1].position.y,-0.8392551777381136
-0.39891319911355155,1766740158.758019000,/ground_truth.poses[1].position.y,-0.8392551777381136
-0.39891319911355155,1766740158.777509521,/ground_truth.poses[1].position.y,-0.8392551777381136
-0.39891319911355155,1766740158.797780588,/ground_truth.poses[1].position.y,-0.8392551777381136
-0.39891319911355155,1766740158.817729354,/ground_truth.poses[1].position.y,-0.8392551777381136
-0.39891319911355155,1766740158.837855802,/ground_truth.poses[1].position.y,-0.8392551777381136
-0.39891319911355155,1766740158.858350366,/ground_truth.poses[1].position.y,-0.8392551777381136
-0.39891319911355155,1766740158.877823304,/ground_truth.poses[1].position.y,-0.8392551777381136
-0.39891319911355155,1766740158.897940875,/ground_truth.poses[1].position.y,-0.8392551777381136
-0.39891319911355155,1766740158.917863072,/ground_truth.poses[1].position.y,-0.8392551777381136
-0.39891319911355155,1766740158.937959312,/ground_truth.poses[1].position.y,-0.8392551777381136
-0.39891319911355155,1766740158.958638712,/ground_truth.poses[1].position.y,-0.8392551777381136
-0.39891319911355155,1766740158.978012936,/ground_truth.poses[1].position.y,-0.8392551777381136
-0.39891319911355155,1766740158.998071246,/ground_truth.poses[1].position.y,-0.8392551777381136
-0.39891319911355155,1766740159.018446498,/ground_truth.poses[1].position.y,-0.8392551777381136
-0.39891319911355155,1766740159.038206111,/ground_truth.poses[1].position.y,-0.8392551777381136
-0.39891319911355155,1766740159.058442203,/ground_truth.poses[1].position.y,-0.8392551777381136
-0.39891319911355155,1766740159.078630396,/ground_truth.poses[1].position.y,-0.8392551777381136
-0.39891319911355155,1766740159.098826413,/ground_truth.poses[1].position.y,-0.8392551777381136
-0.39891319911355155,1766740159.119111066,/ground_truth.poses[1].position.y,-0.8392551777381136
-0.39891319911355155,1766740159.138893982,/ground_truth.poses[1].position.y,-0.8392551777381136
-0.39891319911355155,1766740159.158810618,/ground_truth.poses[1].position.y,-0.8392551777381136
-0.39891319911355155,1766740159.179018017,/ground_truth.poses[1].position.y,-0.8392551777381136
-0.39891319911355155,1766740159.199163931,/ground_truth.poses[1].position.y,-0.8392551777381136
-0.39891319911355155,1766740159.219143384,/ground_truth.poses[1].position.y,-0.8392551777381136
-0.39891319911355155,1766740159.238948131,/ground_truth.poses[1].position.y,-0.8392551777381136
-0.39891319911355155,1766740159.259158625,/ground_truth.poses[1].position.y,-0.8392551777381136
-0.39891319911355155,1766740159.279232655,/ground_truth.poses[1].position.y,-0.8392551777381136
-0.39891319911355155,1766740159.299205947,/ground_truth.poses[1].position.y,-0.8392551777381136
-0.39891319911355155,1766740159.319134745,/ground_truth.poses[1].position.y,-0.8392551777381136
-0.39891319911355155,1766740159.340584432,/ground_truth.poses[1].position.y,-0.8392551777381136
-0.39891319911355155,1766740159.360523540,/ground_truth.poses[1].position.y,-0.8392551777381136
-0.39891319911355155,1766740159.380452188,/ground_truth.poses[1].position.y,-0.8392551777381136
-0.39891319911355155,1766740159.401043273,/ground_truth.poses[1].position.y,-0.8392551777381136
-0.39891319911355155,1766740159.421470552,/ground_truth.poses[1].position.y,-0.8392551777381136
-0.39891319911355155,1766740159.440714813,/ground_truth.poses[1].position.y,-0.8392551777381136
-0.39891319911355155,1766740159.461065018,/ground_truth.poses[1].position.y,-0.8392551777381136
-0.39891319911355155,1766740159.480755522,/ground_truth.poses[1].position.y,-0.8392551777381136
-0.39891319911355155,1766740159.500968812,/ground_truth.poses[1].position.y,-0.8392551777381136
-0.39891319911355155,1766740159.521033133,/ground_truth.poses[1].position.y,-0.8392551777381136
-0.39891319911355155,1766740159.541135506,/ground_truth.poses[1].position.y,-0.8392551777381136
-0.39891319911355155,1766740159.561094881,/ground_truth.poses[1].position.y,-0.8392551777381136
-0.39891319911355155,1766740159.580976292,/ground_truth.poses[1].position.y,-0.8392551777381136
-0.39891319911355155,1766740159.600772423,/ground_truth.poses[1].position.y,-0.8392551777381136
-0.39891319911355155,1766740159.621185996,/ground_truth.poses[1].position.y,-0.8392551777381136
-0.39891319911355155,1766740159.640867744,/ground_truth.poses[1].position.y,-0.8392551777381136
-0.39891319911355155,1766740159.661175550,/ground_truth.poses[1].position.y,-0.8392551777381136
-0.39891319911355155,1766740159.680828604,/ground_truth.poses[1].position.y,-0.8392551777381136
-0.39891319911355155,1766740159.701056260,/ground_truth.poses[1].position.y,-0.8392551777381136
-0.39891319911355155,1766740159.721300628,/ground_truth.poses[1].position.y,-0.8392551777381136
-0.39891319911355155,1766740159.740993236,/ground_truth.poses[1].position.y,-0.8392551777381136
-0.39891319911355155,1766740159.761323403,/ground_truth.poses[1].position.y,-0.8392551777381136
-0.39891319911355155,1766740159.781141606,/ground_truth.poses[1].position.y,-0.8392551777381136
-0.39891319911355155,1766740159.801180219,/ground_truth.poses[1].position.y,-0.8392551777381136
-0.39891319911355155,1766740159.821737360,/ground_truth.poses[1].position.y,-0.8392551777381136
-0.39891319911355155,1766740159.841241627,/ground_truth.poses[1].position.y,-0.8392551777381136
-0.39891319911355155,1766740159.861509999,/ground_truth.poses[1].position.y,-0.8392551777381136
-0.39891319911355155,1766740159.881398893,/ground_truth.poses[1].position.y,-0.8392551777381136
-0.39891319911355155,1766740159.901379308,/ground_truth.poses[1].position.y,-0.8392551777381136
-0.39891319911355155,1766740159.921554777,/ground_truth.poses[1].position.y,-0.8392551777381136
-0.39891319911355155,1766740159.941450284,/ground_truth.poses[1].position.y,-0.8392551777381136
-0.39891319911355155,1766740159.961719708,/ground_truth.poses[1].position.y,-0.8392551777381136
-0.39891319911355155,1766740159.982013137,/ground_truth.poses[1].position.y,-0.8392551777381136
-0.39891319911355155,1766740160.001732095,/ground_truth.poses[1].position.y,-0.8392551777381136
-0.39891319911355155,1766740160.022358375,/ground_truth.poses[1].position.y,-0.8392551777381136
-0.39891319911355155,1766740160.041884662,/ground_truth.poses[1].position.y,-0.8392551777381136
-0.39891319911355155,1766740160.062165468,/ground_truth.poses[1].position.y,-0.8392551777381136
-0.39891319911355155,1766740160.082072346,/ground_truth.poses[1].position.y,-0.8392551777381136
-0.39891319911355155,1766740160.101855893,/ground_truth.poses[1].position.y,-0.8392551777381136
-0.39891319911355155,1766740160.121888866,/ground_truth.poses[1].position.y,-0.8392551777381136
-0.39891319911355155,1766740160.142207392,/ground_truth.poses[1].position.y,-0.8392551777381136
-0.39891319911355155,1766740160.162039240,/ground_truth.poses[1].position.y,-0.8392551777381136
-0.39891319911355155,1766740160.181976585,/ground_truth.poses[1].position.y,-0.8392551777381136
-0.39891319911355155,1766740160.202052478,/ground_truth.poses[1].position.y,-0.8392551777381136
-0.39891319911355155,1766740160.222237805,/ground_truth.poses[1].position.y,-0.8392551777381136
-0.39891319911355155,1766740160.242249308,/ground_truth.poses[1].position.y,-0.8392551777381136
-0.39891319911355155,1766740160.262174059,/ground_truth.poses[1].position.y,-0.8392551777381136
-0.39891319911355155,1766740160.281904959,/ground_truth.poses[1].position.y,-0.8392551777381136
-0.39891319911355155,1766740160.301990330,/ground_truth.poses[1].position.y,-0.8392551777381136
-0.39891319911355155,1766740160.322202697,/ground_truth.poses[1].position.y,-0.8392551777381136
-0.39891319911355155,1766740160.342269704,/ground_truth.poses[1].position.y,-0.8392551777381136
-0.39891319911355155,1766740160.362300844,/ground_truth.poses[1].position.y,-0.8392551777381136
-0.39891319911355155,1766740160.382186562,/ground_truth.poses[1].position.y,-0.8392551777381136
-0.39891319911355155,1766740160.402313450,/ground_truth.poses[1].position.y,-0.8392551777381136
-0.39891319911355155,1766740160.422662103,/ground_truth.poses[1].position.y,-0.8392551777381136
-0.39891319911355155,1766740160.442464706,/ground_truth.poses[1].position.y,-0.8392551777381136
-0.39891319911355155,1766740160.462909878,/ground_truth.poses[1].position.y,-0.8392551777381136
-0.39891319911355155,1766740160.482474056,/ground_truth.poses[1].position.y,-0.8392551777381136
-0.39891319911355155,1766740160.502572271,/ground_truth.poses[1].position.y,-0.8392551777381136
-0.39891319911355155,1766740160.522826757,/ground_truth.poses[1].position.y,-0.8392551777381136
-0.39891319911355155,1766740160.542659918,/ground_truth.poses[1].position.y,-0.8392551777381136
-0.39891319911355155,1766740160.562995325,/ground_truth.poses[1].position.y,-0.8392551777381136
-0.39891319911355155,1766740160.582640845,/ground_truth.poses[1].position.y,-0.8392551777381136
-0.39891319911355155,1766740160.602681112,/ground_truth.poses[1].position.y,-0.8392551777381136
-0.39891319911355155,1766740160.623223846,/ground_truth.poses[1].position.y,-0.8392551777381136
-0.39891319911355155,1766740160.642747499,/ground_truth.poses[1].position.y,-0.8392551777381136
-0.39891319911355155,1766740160.662985545,/ground_truth.poses[1].position.y,-0.8392551777381136
-0.39891319911355155,1766740160.682846406,/ground_truth.poses[1].position.y,-0.8392551777381136
-0.39891319911355155,1766740160.702862277,/ground_truth.poses[1].position.y,-0.8392551777381136
-0.39891319911355155,1766740160.722958679,/ground_truth.poses[1].position.y,-0.8392551777381136
-0.39891319911355155,1766740160.743070419,/ground_truth.poses[1].position.y,-0.8392551777381136
-0.39891319911355155,1766740160.763187950,/ground_truth.poses[1].position.y,-0.8392551777381136
-0.39891319911355155,1766740160.783452074,/ground_truth.poses[1].position.y,-0.8392551777381136
-0.39891319911355155,1766740160.803292378,/ground_truth.poses[1].position.y,-0.8392551777381136
-0.39891319911355155,1766740160.823289113,/ground_truth.poses[1].position.y,-0.8392551777381136
-0.39891319911355155,1766740160.843718286,/ground_truth.poses[1].position.y,-0.8392551777381136
-0.39891319911355155,1766740160.863603974,/ground_truth.poses[1].position.y,-0.8392551777381136
-0.39891319911355155,1766740160.883553321,/ground_truth.poses[1].position.y,-0.8392551777381136
-0.39891319911355155,1766740160.903842622,/ground_truth.poses[1].position.y,-0.8392551777381136
-0.39891319911355155,1766740160.923679670,/ground_truth.poses[1].position.y,-0.8392551777381136
-0.39891319911355155,1766740160.943912777,/ground_truth.poses[1].position.y,-0.8392551777381136
-0.39891319911355155,1766740160.963555131,/ground_truth.poses[1].position.y,-0.8392551777381136
-0.39891319911355155,1766740160.983482206,/ground_truth.poses[1].position.y,-0.8392551777381136
-0.39891319911355155,1766740161.003759415,/ground_truth.poses[1].position.y,-0.8392551777381136
-0.39891319911355155,1766740161.023980188,/ground_truth.poses[1].position.y,-0.8392551777381136
-0.39891319911355155,1766740161.044124840,/ground_truth.poses[1].position.y,-0.8392551777381136
-0.39891319911355155,1766740161.064035315,/ground_truth.poses[1].position.y,-0.8392551777381136
-0.39891319911355155,1766740161.083990022,/ground_truth.poses[1].position.y,-0.8392551777381136
-0.39891319911355155,1766740161.104080662,/ground_truth.poses[1].position.y,-0.8392551777381136
-0.39891319911355155,1766740161.124183055,/ground_truth.poses[1].position.y,-0.8392551777381136
-0.39891319911355155,1766740161.144238470,/ground_truth.poses[1].position.y,-0.8392551777381136
-0.39891319911355155,1766740161.165424986,/ground_truth.poses[1].position.y,-0.8392551777381136
-0.39891319911355155,1766740161.184370479,/ground_truth.poses[1].position.y,-0.8392551777381136
-0.39891319911355155,1766740161.204558001,/ground_truth.poses[1].position.y,-0.8392551777381136
-0.39891319911355155,1766740161.224999606,/ground_truth.poses[1].position.y,-0.8392551777381136
-0.39891319911355155,1766740161.244679140,/ground_truth.poses[1].position.y,-0.8392551777381136
-0.39891319911355155,1766740161.264769400,/ground_truth.poses[1].position.y,-0.8392551777381136
-0.39891319911355155,1766740161.284555593,/ground_truth.poses[1].position.y,-0.8392551777381136
-0.39891319911355155,1766740161.304813105,/ground_truth.poses[1].position.y,-0.8392551777381136
-0.39891319911355155,1766740161.325292410,/ground_truth.poses[1].position.y,-0.8392551777381136
-0.39891319911355155,1766740161.344812206,/ground_truth.poses[1].position.y,-0.8392551777381136
-0.39891319911355155,1766740161.365305819,/ground_truth.poses[1].position.y,-0.8392551777381136
-0.39891319911355155,1766740161.385111317,/ground_truth.poses[1].position.y,-0.8392551777381136
-0.39891319911355155,1766740161.405124664,/ground_truth.poses[1].position.y,-0.8392551777381136
-0.39891319911355155,1766740161.425358792,/ground_truth.poses[1].position.y,-0.8392551777381136
-0.39891319911355155,1766740161.445381246,/ground_truth.poses[1].position.y,-0.8392551777381136
-0.39891319911355155,1766740161.465373032,/ground_truth.poses[1].position.y,-0.8392551777381136
-0.39891319911355155,1766740161.485521781,/ground_truth.poses[1].position.y,-0.8392551777381136
-0.39891319911355155,1766740161.505494582,/ground_truth.poses[1].position.y,-0.8392551777381136
-0.39891319911355155,1766740161.525586565,/ground_truth.poses[1].position.y,-0.8392551777381136
-0.39891319911355155,1766740161.545487412,/ground_truth.poses[1].position.y,-0.8392551777381136
-0.39891319911355155,1766740161.565555620,/ground_truth.poses[1].position.y,-0.8392551777381136
-0.39891319911355155,1766740161.585563006,/ground_truth.poses[1].position.y,-0.8392551777381136
-0.39891319911355155,1766740161.605502575,/ground_truth.poses[1].position.y,-0.8392551777381136
-0.39891319911355155,1766740161.625627379,/ground_truth.poses[1].position.y,-0.8392551777381136
-0.39891319911355155,1766740161.645798510,/ground_truth.poses[1].position.y,-0.8392551777381136
-0.39891319911355155,1766740161.665669110,/ground_truth.poses[1].position.y,-0.8392551777381136
-0.39891319911355155,1766740161.685589062,/ground_truth.poses[1].position.y,-0.8392551777381136
-0.39891319911355155,1766740161.705772256,/ground_truth.poses[1].position.y,-0.8392551777381136
-0.39891319911355155,1766740161.725804728,/ground_truth.poses[1].position.y,-0.8392551777381136
-0.39891319911355155,1766740161.745959809,/ground_truth.poses[1].position.y,-0.8392551777381136
-0.39891319911355155,1766740161.765890792,/ground_truth.poses[1].position.y,-0.8392551777381136
-0.39891319911355155,1766740161.785979308,/ground_truth.poses[1].position.y,-0.8392551777381136
-0.39891319911355155,1766740161.806060952,/ground_truth.poses[1].position.y,-0.8392551777381136
-0.39891319911355155,1766740161.826186388,/ground_truth.poses[1].position.y,-0.8392551777381136
-0.39891319911355155,1766740161.846387705,/ground_truth.poses[1].position.y,-0.8392551777381136
-0.39891319911355155,1766740161.866693277,/ground_truth.poses[1].position.y,-0.8392551777381136
-0.39891319911355155,1766740161.886240053,/ground_truth.poses[1].position.y,-0.8392551777381136
-0.39891319911355155,1766740161.906366119,/ground_truth.poses[1].position.y,-0.8392551777381136
-0.39891319911355155,1766740161.926771988,/ground_truth.poses[1].position.y,-0.8392551777381136
-0.39891319911355155,1766740161.946458234,/ground_truth.poses[1].position.y,-0.8392551777381136
-0.39891319911355155,1766740161.966825782,/ground_truth.poses[1].position.y,-0.8392551777381136
-0.39891319911355155,1766740161.986457697,/ground_truth.poses[1].position.y,-0.8392551777381136
-0.39891319911355155,1766740162.006702094,/ground_truth.poses[1].position.y,-0.8392551777381136
-0.39891319911355155,1766740162.027285695,/ground_truth.poses[1].position.y,-0.8392551777381136
-0.39891319911355155,1766740162.046816130,/ground_truth.poses[1].position.y,-0.8392551777381136
-0.39891319911355155,1766740162.067027125,/ground_truth.poses[1].position.y,-0.8392551777381136
-0.39891319911355155,1766740162.087199639,/ground_truth.poses[1].position.y,-0.8392551777381136
-0.39891319911355155,1766740162.107289027,/ground_truth.poses[1].position.y,-0.8392551777381136
-0.39891319911355155,1766740162.127796295,/ground_truth.poses[1].position.y,-0.8392551777381136
-0.39891319911355155,1766740162.147478674,/ground_truth.poses[1].position.y,-0.8392551777381136
-0.39891319911355155,1766740162.167386023,/ground_truth.poses[1].position.y,-0.8392551777381136
-0.39891319911355155,1766740162.187614731,/ground_truth.poses[1].position.y,-0.8392551777381136
-0.39891319911355155,1766740162.207603813,/ground_truth.poses[1].position.y,-0.8392551777381136
-0.39891319911355155,1766740162.227685787,/ground_truth.poses[1].position.y,-0.8392551777381136
-0.39891319911355155,1766740162.247682372,/ground_truth.poses[1].position.y,-0.8392551777381136
-0.39891319911355155,1766740162.267666845,/ground_truth.poses[1].position.y,-0.8392551777381136
-0.39891319911355155,1766740162.287756213,/ground_truth.poses[1].position.y,-0.8392551777381136
-0.39891319911355155,1766740162.307669904,/ground_truth.poses[1].position.y,-0.8392551777381136
-0.39891319911355155,1766740162.327863386,/ground_truth.poses[1].position.y,-0.8392551777381136
-0.39891319911355155,1766740162.347978402,/ground_truth.poses[1].position.y,-0.8392551777381136
-0.39891319911355155,1766740162.367897383,/ground_truth.poses[1].position.y,-0.8392551777381136
-0.39891319911355155,1766740162.387960101,/ground_truth.poses[1].position.y,-0.8392551777381136
-0.39891319911355155,1766740162.408167520,/ground_truth.poses[1].position.y,-0.8392551777381136
-0.39891319911355155,1766740162.428281885,/ground_truth.poses[1].position.y,-0.8392551777381136
-0.39891319911355155,1766740162.448255788,/ground_truth.poses[1].position.y,-0.8392551777381136
-0.39891319911355155,1766740162.469250225,/ground_truth.poses[1].position.y,-0.8392551777381136
-0.39891319911355155,1766740162.489168123,/ground_truth.poses[1].position.y,-0.8392551777381136
-0.39891319911355155,1766740162.509290253,/ground_truth.poses[1].position.y,-0.8392551777381136
-0.39891319911355155,1766740162.529143551,/ground_truth.poses[1].position.y,-0.8392551777381136
-0.39891319911355155,1766740162.549336592,/ground_truth.poses[1].position.y,-0.8392551777381136
-0.39891319911355155,1766740162.569408488,/ground_truth.poses[1].position.y,-0.8392551777381136
-0.39891319911355155,1766740162.589287755,/ground_truth.poses[1].position.y,-0.8392551777381136
-0.39891319911355155,1766740162.609437455,/ground_truth.poses[1].position.y,-0.8392551777381136
-0.39891319911355155,1766740162.629398314,/ground_truth.poses[1].position.y,-0.8392551777381136
-0.39891319911355155,1766740162.649739773,/ground_truth.poses[1].position.y,-0.8392551777381136
-0.39891319911355155,1766740162.669838739,/ground_truth.poses[1].position.y,-0.8392551777381136
-0.39891319911355155,1766740162.689490441,/ground_truth.poses[1].position.y,-0.8392551777381136
-0.39891319911355155,1766740162.709581983,/ground_truth.poses[1].position.y,-0.8392551777381136
-0.3995066289155231,1766740162.729856948,/ground_truth.poses[1].position.y,-0.8385774262503116
-0.40076217100727574,1766740162.749292286,/ground_truth.poses[1].position.y,-0.8371434818004247
-0.40379803841349315,1766740162.769597476,/ground_truth.poses[1].position.y,-0.8336762415669339
-0.40800604271172336,1766740162.789315792,/ground_truth.poses[1].position.y,-0.8288703139592725
-0.41250930364348065,1766740162.809662201,/ground_truth.poses[1].position.y,-0.8237271761432076
-0.41834412062721704,1766740162.829964897,/ground_truth.poses[1].position.y,-0.8170632787296861
-0.42447123728858865,1766740162.849830828,/ground_truth.poses[1].position.y,-0.810065548446755
-0.43074598081571447,1766740162.869901782,/ground_truth.poses[1].position.y,-0.8028992147168592
-0.43702072434304506,1766740162.889816495,/ground_truth.poses[1].position.y,-0.7957328809867296
-0.443295467870532,1766740162.909919028,/ground_truth.poses[1].position.y,-0.7885665472564214
-0.449570211398147,1766740162.930185647,/ground_truth.poses[1].position.y,-0.781400213525967
-0.45584495492590754,1766740162.949866753,/ground_truth.poses[1].position.y,-0.7742338797953464
-0.46211969845380013,1766740162.970013218,/ground_truth.poses[1].position.y,-0.7670675460645748
-0.4682468215520821,1766740162.990232349,/ground_truth.poses[1].position.y,-0.7600698084301063
-0.4742263177849625,1766740163.010225938,/ground_truth.poses[1].position.y,-0.7532406742421939
-0.4802058140178855,1766740163.030222092,/ground_truth.poses[1].position.y,-0.7464115400542328
-0.4845235325820669,1766740163.050347939,/ground_truth.poses[1].position.y,-0.7414803089697363
-0.48873154661478185,1766740163.070404256,/ground_truth.poses[1].position.y,-0.73667437024791
-0.4929395606475175,1766740163.090526866,/ground_truth.poses[1].position.y,-0.7318684315260644
-0.4969999542505515,1766740163.110401524,/ground_truth.poses[1].position.y,-0.727231088900553
-0.5009127209880864,1766740163.130515177,/ground_truth.poses[1].position.y,-0.7227623497216479
-0.5025732285142268,1766740163.150788829,/ground_truth.poses[1].position.y,-0.7208658978279624
-0.5030533763881239,1766740163.170529798,/ground_truth.poses[1].position.y,-0.7203175248330316
-0.5030533763881239,1766740163.190488803,/ground_truth.poses[1].position.y,-0.7203175248330316
-0.5030533763881239,1766740163.210940557,/ground_truth.poses[1].position.y,-0.7203175248330316
-0.5030533763881239,1766740163.230785119,/ground_truth.poses[1].position.y,-0.7203175248330316
-0.5030533763881239,1766740163.251060194,/ground_truth.poses[1].position.y,-0.7203175248330316
-0.5030533763881239,1766740163.270968835,/ground_truth.poses[1].position.y,-0.7203175248330316
-0.5030533763881239,1766740163.290867377,/ground_truth.poses[1].position.y,-0.7203175248330316
-0.5030533763881239,1766740163.310918474,/ground_truth.poses[1].position.y,-0.7203175248330316
-0.5030533763881239,1766740163.330990871,/ground_truth.poses[1].position.y,-0.7203175248330316
-0.5030533763881239,1766740163.351131415,/ground_truth.poses[1].position.y,-0.7203175248330316
-0.5030533763881239,1766740163.371419413,/ground_truth.poses[1].position.y,-0.7203175248330316
-0.5030533763881239,1766740163.390904124,/ground_truth.poses[1].position.y,-0.7203175248330316
-0.5030533763881239,1766740163.411006246,/ground_truth.poses[1].position.y,-0.7203175248330316
-0.5030533763881239,1766740163.431163471,/ground_truth.poses[1].position.y,-0.7203175248330316
-0.5030533763881239,1766740163.451089163,/ground_truth.poses[1].position.y,-0.7203175248330316
-0.5030533763881239,1766740163.471405866,/ground_truth.poses[1].position.y,-0.7203175248330316
-0.5030533763881239,1766740163.491020789,/ground_truth.poses[1].position.y,-0.7203175248330316
-0.5030533763881239,1766740163.511335278,/ground_truth.poses[1].position.y,-0.7203175248330316
-0.5030533763881239,1766740163.531420057,/ground_truth.poses[1].position.y,-0.7203175248330316
-0.5030533763881239,1766740163.551169922,/ground_truth.poses[1].position.y,-0.7203175248330316
-0.5030533763881239,1766740163.571467519,/ground_truth.poses[1].position.y,-0.7203175248330316
-0.5030533763881239,1766740163.591301300,/ground_truth.poses[1].position.y,-0.7203175248330316
-0.5030533763881239,1766740163.611485696,/ground_truth.poses[1].position.y,-0.7203175248330316
-0.5030533763881239,1766740163.631647279,/ground_truth.poses[1].position.y,-0.7203175248330316
-0.5030533849165126,1766740163.651595374,/ground_truth.poses[1].position.y,-0.7203175151372588
-0.5030533849610923,1766740163.671784478,/ground_truth.poses[1].position.y,-0.7203175151736729
-0.5030533849645221,1766740163.691906348,/ground_truth.poses[1].position.y,-0.7203175151741391
-0.5030533849732506,1766740163.711677552,/ground_truth.poses[1].position.y,-0.7203175151792318
-0.5030533850000377,1766740163.731935425,/ground_truth.poses[1].position.y,-0.7203175152006256
-0.5030533850021609,1766740163.751917282,/ground_truth.poses[1].position.y,-0.7203175151999507
-0.5030533850134392,1766740163.771891756,/ground_truth.poses[1].position.y,-0.720317515207915
-0.5030533850497791,1766740163.792167292,/ground_truth.poses[1].position.y,-0.7203175152404597
-0.5030533850859399,1766740163.812114445,/ground_truth.poses[1].position.y,-0.720317515273629
-0.5030533851434259,1766740163.832193745,/ground_truth.poses[1].position.y,-0.7203175153300365
-0.5030533851790396,1766740163.852401033,/ground_truth.poses[1].position.y,-0.7203175153654715
-0.5030533852143309,1766740163.872453352,/ground_truth.poses[1].position.y,-0.7203175154014669
-0.5030533852132054,1766740163.892437033,/ground_truth.poses[1].position.y,-0.7203175153979773
-0.503053385212432,1766740163.912617452,/ground_truth.poses[1].position.y,-0.7203175153945075
-0.5030533852302826,1766740163.932507408,/ground_truth.poses[1].position.y,-0.7203175154142689
-0.5030533852693095,1766740163.952508071,/ground_truth.poses[1].position.y,-0.7203175154627135
-0.5030533853075433,1766740163.972570559,/ground_truth.poses[1].position.y,-0.7203175155120414
-0.5030533853644277,1766740163.992464062,/ground_truth.poses[1].position.y,-0.7203175155909598
-0.5030533853748727,1766740164.012829465,/ground_truth.poses[1].position.y,-0.7203175156048524
-0.5030533853792895,1766740164.032900670,/ground_truth.poses[1].position.y,-0.7203175156095459
-0.5030533853986913,1766740164.052891744,/ground_truth.poses[1].position.y,-0.7203175156406322
-0.5030533854180357,1766740164.073585721,/ground_truth.poses[1].position.y,-0.7203175156740003
-0.5030533854483273,1766740164.092685302,/ground_truth.poses[1].position.y,-0.7203175157318595
-0.503053385493815,1766740164.113017424,/ground_truth.poses[1].position.y,-0.720317515825069
-0.5030533855247391,1766740164.133074041,/ground_truth.poses[1].position.y,-0.7203175158935698
-0.5030533855532928,1766740164.152889318,/ground_truth.poses[1].position.y,-0.72031751595995
-0.5030533855761735,1766740164.173260222,/ground_truth.poses[1].position.y,-0.7203175160154406
-0.5030533855761735,1766740164.193010898,/ground_truth.poses[1].position.y,-0.7203175160154406
-0.5030533855761735,1766740164.213331668,/ground_truth.poses[1].position.y,-0.7203175160154406
-0.5030533855761735,1766740164.233854295,/ground_truth.poses[1].position.y,-0.7203175160154406
-0.5030533855761735,1766740164.253170811,/ground_truth.poses[1].position.y,-0.7203175160154406
-0.5030533855761735,1766740164.273578684,/ground_truth.poses[1].position.y,-0.7203175160154406
-0.5030533855761735,1766740164.293292311,/ground_truth.poses[1].position.y,-0.7203175160154406
-0.5030533855761735,1766740164.313423748,/ground_truth.poses[1].position.y,-0.7203175160154406
-0.5030533855761735,1766740164.334207041,/ground_truth.poses[1].position.y,-0.7203175160154406
-0.5030533855761735,1766740164.353452304,/ground_truth.poses[1].position.y,-0.7203175160154406
-0.5030533855835766,1766740164.373710608,/ground_truth.poses[1].position.y,-0.7203175160131083
-0.503053385578728,1766740164.393696273,/ground_truth.poses[1].position.y,-0.7203175159977425
-0.5030533855732808,1766740164.413841175,/ground_truth.poses[1].position.y,-0.7203175159805807
-0.5030533855616726,1766740164.434342842,/ground_truth.poses[1].position.y,-0.7203175159504674
-0.5030533855582763,1766740164.453703291,/ground_truth.poses[1].position.y,-0.7203175159398656
-0.5030533855421243,1766740164.473952788,/ground_truth.poses[1].position.y,-0.7203175159046237
-0.5030533855239769,1766740164.494155538,/ground_truth.poses[1].position.y,-0.7203175158681735
-0.5030533855036989,1766740164.513962308,/ground_truth.poses[1].position.y,-0.7203175158306142
-0.5030533854811527,1766740164.534345345,/ground_truth.poses[1].position.y,-0.7203175157920577
-0.503053385456201,1766740164.554062268,/ground_truth.poses[1].position.y,-0.7203175157526266
-0.5030533854287078,1766740164.574155424,/ground_truth.poses[1].position.y,-0.7203175157124575
-0.5030533853838092,1766740164.594195320,/ground_truth.poses[1].position.y,-0.72031751565209
-0.5030533853083134,1766740164.614239604,/ground_truth.poses[1].position.y,-0.7203175155590366
-0.5030533852317973,1766740164.634679045,/ground_truth.poses[1].position.y,-0.7203175154714878
-0.503053385150816,1766740164.654534067,/ground_truth.poses[1].position.y,-0.7203175153851471
-0.5030533850667126,1766740164.674513149,/ground_truth.poses[1].position.y,-0.7203175153016194
-0.5030533849795894,1766740164.694417913,/ground_truth.poses[1].position.y,-0.7203175152210183
-0.503053384889554,1766740164.714642874,/ground_truth.poses[1].position.y,-0.7203175151434522
-0.5030533847967148,1766740164.734992839,/ground_truth.poses[1].position.y,-0.7203175150690267
-0.5030533847011862,1766740164.754747222,/ground_truth.poses[1].position.y,-0.7203175149978435
-0.5030533846030838,1766740164.774658999,/ground_truth.poses[1].position.y,-0.7203175149299982
-0.5030533845052751,1766740164.794611252,/ground_truth.poses[1].position.y,-0.7203175148674004
-0.5030533844036102,1766740164.815001261,/ground_truth.poses[1].position.y,-0.7203175148071113
-0.5030533842998143,1766740164.835225341,/ground_truth.poses[1].position.y,-0.7203175147503075
-0.5030533841940104,1766740164.854948846,/ground_truth.poses[1].position.y,-0.7203175146970624
-0.5030533840886939,1766740164.875193935,/ground_truth.poses[1].position.y,-0.7203175146485742
-0.5030533839805312,1766740164.894995897,/ground_truth.poses[1].position.y,-0.7203175146031311
-0.5030533838769369,1766740164.915260012,/ground_truth.poses[1].position.y,-0.7203175145637816
-0.5030533837857182,1766740164.935631677,/ground_truth.poses[1].position.y,-0.7203175145325938
-0.5030533836976308,1766740164.955177180,/ground_truth.poses[1].position.y,-0.720317514505213
-0.5030533836342431,1766740164.975627723,/ground_truth.poses[1].position.y,-0.7203175144875196
-0.5030533835542721,1766740164.995158619,/ground_truth.poses[1].position.y,-0.7203175144658758
-0.5030533834727098,1766740165.015462327,/ground_truth.poses[1].position.y,-0.7203175144451098
-0.5030533833908447,1766740165.036309370,/ground_truth.poses[1].position.y,-0.720317514425585
-0.503053383308696,1766740165.055656302,/ground_truth.poses[1].position.y,-0.720317514407306
-0.503053383226282,1766740165.075824067,/ground_truth.poses[1].position.y,-0.7203175143902759
-0.5030533831436219,1766740165.095918886,/ground_truth.poses[1].position.y,-0.7203175143744994
-0.5030533830607348,1766740165.116612031,/ground_truth.poses[1].position.y,-0.7203175143599791
-0.5030533829776401,1766740165.136111168,/ground_truth.poses[1].position.y,-0.7203175143467189
-0.5030533828943562,1766740165.156306774,/ground_truth.poses[1].position.y,-0.7203175143347211
-0.5030533828343443,1766740165.176312627,/ground_truth.poses[1].position.y,-0.7203175143272411
-0.5030533827983824,1766740165.196408818,/ground_truth.poses[1].position.y,-0.7203175143228758
-0.5030533827983824,1766740165.216095665,/ground_truth.poses[1].position.y,-0.7203175143228758
-0.5030533827983824,1766740165.236795833,/ground_truth.poses[1].position.y,-0.7203175143228758
-0.5030533827983824,1766740165.256407150,/ground_truth.poses[1].position.y,-0.7203175143228758
-0.5030533827983824,1766740165.276466482,/ground_truth.poses[1].position.y,-0.7203175143228758
-0.5030533827983824,1766740165.296563875,/ground_truth.poses[1].position.y,-0.7203175143228758
-0.5030533827983824,1766740165.316416131,/ground_truth.poses[1].position.y,-0.7203175143228758
-0.5030533827983824,1766740165.336693510,/ground_truth.poses[1].position.y,-0.7203175143228758
-0.5030533827983824,1766740165.356685817,/ground_truth.poses[1].position.y,-0.7203175143228758
-0.5030533827983824,1766740165.376568530,/ground_truth.poses[1].position.y,-0.7203175143228758
-0.5030533827983824,1766740165.396583800,/ground_truth.poses[1].position.y,-0.7203175143228758
-0.5030533827983824,1766740165.416793393,/ground_truth.poses[1].position.y,-0.7203175143228758
-0.5030533827983824,1766740165.437182010,/ground_truth.poses[1].position.y,-0.7203175143228758
-0.5030533827983824,1766740165.456878164,/ground_truth.poses[1].position.y,-0.7203175143228758
-0.5030533827983824,1766740165.476953176,/ground_truth.poses[1].position.y,-0.7203175143228758
-0.5030533827983824,1766740165.496853993,/ground_truth.poses[1].position.y,-0.7203175143228758
-0.5030533827983824,1766740165.517003283,/ground_truth.poses[1].position.y,-0.7203175143228758
-0.5030533827983824,1766740165.537186135,/ground_truth.poses[1].position.y,-0.7203175143228758
-0.5030533827983824,1766740165.557032390,/ground_truth.poses[1].position.y,-0.7203175143228758
-0.5030533827983824,1766740165.577317153,/ground_truth.poses[1].position.y,-0.7203175143228758
-0.5032379226823204,1766740165.598248533,/ground_truth.poses[1].position.y,-0.7188715135048321
-0.5035365072951501,1766740165.618333673,/ground_truth.poses[1].position.y,-0.7165318903983167
-0.5040614771284779,1766740165.638687034,/ground_truth.poses[1].position.y,-0.7124183789337379
-0.5046999233510617,1766740165.658169089,/ground_truth.poses[1].position.y,-0.7074156993707977
-0.5053383708104732,1766740165.678249741,/ground_truth.poses[1].position.y,-0.7024130101163774
-0.5059768182698928,1766740165.698308302,/ground_truth.poses[1].position.y,-0.6974103208618359
-0.5066152657293308,1766740165.718281534,/ground_truth.poses[1].position.y,-0.6924076316071663
-0.5072537131887767,1766740165.738651386,/ground_truth.poses[1].position.y,-0.6874049423523799
-0.5078921606482312,1766740165.758433931,/ground_truth.poses[1].position.y,-0.6824022530974729
-0.5085306081076937,1766740165.778718204,/ground_truth.poses[1].position.y,-0.6773995638424497
-0.5091690555671675,1766740165.798612227,/ground_truth.poses[1].position.y,-0.6723968745873188
-0.5098075030266516,1766740165.818605997,/ground_truth.poses[1].position.y,-0.6673941853320742
-0.5104459504861477,1766740165.839447970,/ground_truth.poses[1].position.y,-0.6623914960767183
-0.5110843979456512,1766740165.858316701,/ground_truth.poses[1].position.y,-0.6573888068212548
-0.5117228454051655,1766740165.878629305,/ground_truth.poses[1].position.y,-0.6523861175656924
-0.5123612928646799,1766740165.898647080,/ground_truth.poses[1].position.y,-0.6473834283100283
-0.5129997403242127,1766740165.918579025,/ground_truth.poses[1].position.y,-0.6423807390542604
-0.5136381877837517,1766740165.938992859,/ground_truth.poses[1].position.y,-0.6373780497983935
-0.5142766352432969,1766740165.958506022,/ground_truth.poses[1].position.y,-0.6323753605424319
-0.5149150827028506,1766740165.978718420,/ground_truth.poses[1].position.y,-0.627372671286374
-0.5155527215263698,1766740165.998891304,/ground_truth.poses[1].position.y,-0.622376318181548
-0.5161844739615838,1766740166.018887709,/ground_truth.poses[1].position.y,-0.6174011741342882
-0.516802616333206,1766740166.039210042,/ground_truth.poses[1].position.y,-0.6124398365327581
-0.5173968761040519,1766740166.059140233,/ground_truth.poses[1].position.y,-0.6075001700891266
-0.5179454708244683,1766740166.078999252,/ground_truth.poses[1].position.y,-0.6025730519721657
-0.518418910982162,1766740166.099331514,/ground_truth.poses[1].position.y,-0.597771140924097
-0.518823708880981,1766740166.119095725,/ground_truth.poses[1].position.y,-0.5929629609285924
-0.5191597822605324,1766740166.139524968,/ground_truth.poses[1].position.y,-0.5881494891159013
-0.5194256858613591,1766740166.159475357,/ground_truth.poses[1].position.y,-0.583341913236046
-0.519607192892868,1766740166.179231523,/ground_truth.poses[1].position.y,-0.5788447232968401
-0.5197197162908442,1766740166.199184307,/ground_truth.poses[1].position.y,-0.5744691663072076
-0.5197814247143229,1766740166.219815606,/ground_truth.poses[1].position.y,-0.5704542619657574
-0.5197691430981211,1766740166.239773019,/ground_truth.poses[1].position.y,-0.5665254655546634
-0.5197007412129573,1766740166.259829906,/ground_truth.poses[1].position.y,-0.5625972454700483
-0.5195762330180489,1766740166.279563932,/ground_truth.poses[1].position.y,-0.5586704032832005
-0.5193956439207738,1766740166.299835280,/ground_truth.poses[1].position.y,-0.5547457403130902
-0.5191320168732227,1766740166.319970143,/ground_truth.poses[1].position.y,-0.5503766938190822
-0.5188327856457672,1766740166.339883262,/ground_truth.poses[1].position.y,-0.5461483463669553
-0.5184831276030236,1766740166.359774491,/ground_truth.poses[1].position.y,-0.5422344510020152
-0.5180776565062979,1766740166.380177675,/ground_truth.poses[1].position.y,-0.538326614638931
-0.5176164046658461,1766740166.399753795,/ground_truth.poses[1].position.y,-0.5344249690129779
-0.5170994662056008,1766740166.420060239,/ground_truth.poses[1].position.y,-0.5305303103014681
-0.516526946613032,1766740166.440778230,/ground_truth.poses[1].position.y,-0.5266434332559585
-0.5158989627175667,1766740166.459972098,/ground_truth.poses[1].position.y,-0.5227651310400714
-0.5152156426668203,1766740166.480375111,/ground_truth.poses[1].position.y,-0.5188961950676136
-0.5145595374513477,1766740166.500600724,/ground_truth.poses[1].position.y,-0.5153902428800611
-0.5138073661798476,1766740166.520307047,/ground_truth.poses[1].position.y,-0.5117522106382788
-0.5129573339125727,1766740166.540756868,/ground_truth.poses[1].position.y,-0.5078954263501192
-0.512557284490198,1766740166.560182508,/ground_truth.poses[1].position.y,-0.5061748517404182
-0.512281361646083,1766740166.580421406,/ground_truth.poses[1].position.y,-0.5050264517328754
-0.5120435744707118,1766740166.600472653,/ground_truth.poses[1].position.y,-0.5040453002368853
-0.5119113513079755,1766740166.620402794,/ground_truth.poses[1].position.y,-0.5034997243265099
-0.5117263478647538,1766740166.640781011,/ground_truth.poses[1].position.y,-0.5027363677446537
-0.5114885606893481,1766740166.660373683,/ground_truth.poses[1].position.y,-0.5017552162489998
-0.5112507735138913,1766740166.680597943,/ground_truth.poses[1].position.y,-0.5007740647532836
-0.5110129863384125,1766740166.700723309,/ground_truth.poses[1].position.y,-0.499792913257608
-0.5107751991629091,1766740166.720638121,/ground_truth.poses[1].position.y,-0.49881176176197395
-0.5105374119873856,1766740166.740937431,/ground_truth.poses[1].position.y,-0.49783061026637926
-0.5102996248118397,1766740166.760909331,/ground_truth.poses[1].position.y,-0.4968494587708223
-0.5100618376362704,1766740166.780722964,/ground_truth.poses[1].position.y,-0.495868307275305
-0.509824050460681,1766740166.800995715,/ground_truth.poses[1].position.y,-0.4948871557798248
-0.5094806992899699,1766740166.820771308,/ground_truth.poses[1].position.y,-0.4934704287713043
-0.5090845655375891,1766740166.841058575,/ground_truth.poses[1].position.y,-0.4918359115961918
-0.5086356480530229,1766740166.861196003,/ground_truth.poses[1].position.y,-0.4899835995072513
-0.508186730568405,1766740166.880929618,/ground_truth.poses[1].position.y,-0.488131287418218
-0.5077905945148187,1766740166.901367517,/ground_truth.poses[1].position.y,-0.48649676074827536
-0.5074472421933712,1766740166.921291737,/ground_truth.poses[1].position.y,-0.485080028992198
-0.5069983258592781,1766740166.941411792,/ground_truth.poses[1].position.y,-0.4832277216507593
-0.5064966269435168,1766740166.961485101,/ground_truth.poses[1].position.y,-0.4811576241427179
-0.5059949257266243,1766740166.981384525,/ground_truth.poses[1].position.y,-0.47908751713991166
-0.505546008241844,1766740167.001405736,/ground_truth.poses[1].position.y,-0.4772352050508547
-0.5050443093260146,1766740167.021567830,/ground_truth.poses[1].position.y,-0.47516510754283453
-0.5044898266779994,1766740167.041628725,/ground_truth.poses[1].position.y,-0.47287721512097486
-0.5039353440299366,1766740167.061613538,/ground_truth.poses[1].position.y,-0.4705893226990099
-0.5033808613818501,1766740167.081507482,/ground_truth.poses[1].position.y,-0.4683014302770433
-0.5028263787337419,1766740167.101757120,/ground_truth.poses[1].position.y,-0.4660135378550791
-0.5022718960856117,1766740167.121828013,/ground_truth.poses[1].position.y,-0.4637256454331151
-0.5018229774501091,1766740167.141886374,/ground_truth.poses[1].position.y,-0.46187332859663827
-0.5013740599651809,1766740167.161709435,/ground_truth.poses[1].position.y,-0.46002101650771166
-0.5009251424802325,1766740167.182187820,/ground_truth.poses[1].position.y,-0.4581687044187957
-0.5005817890079175,1766740167.201752429,/ground_truth.poses[1].position.y,-0.45675196791537775
-0.50023843668618,1766740167.221811240,/ground_truth.poses[1].position.y,-0.455335236159522
-0.49989508436442764,1766740167.242501480,/ground_truth.poses[1].position.y,-0.4539185044036861
-0.4996572960377614,1766740167.261911501,/ground_truth.poses[1].position.y,-0.45293734816094794
-0.49941950886167535,1766740167.282212223,/ground_truth.poses[1].position.y,-0.4519561966657819
-0.4991817216855776,1766740167.302235538,/ground_truth.poses[1].position.y,-0.45097504517064585
-0.4989548761934275,1766740167.321977208,/ground_truth.poses[1].position.y,-0.4500361094574577
-0.4987775183544197,1766740167.342554327,/ground_truth.poses[1].position.y,-0.44929332768287084
-0.4986716438371606,1766740167.362156175,/ground_truth.poses[1].position.y,-0.448839058863367
-0.49857216532406645,1766740167.382286159,/ground_truth.poses[1].position.y,-0.4483978134002413
-0.49850374419278554,1766740167.402465876,/ground_truth.poses[1].position.y,-0.44807190182985995
-0.498442305832191,1766740167.422205913,/ground_truth.poses[1].position.y,-0.44775505149185535
-0.4983932184842814,1766740167.442597104,/ground_truth.poses[1].position.y,-0.4474778127941416
-0.4983533420538727,1766740167.462276097,/ground_truth.poses[1].position.y,-0.44722489685775085
-0.49832081346654256,1766740167.482425848,/ground_truth.poses[1].position.y,-0.4469864616289875
-0.4982944212196652,1766740167.502841565,/ground_truth.poses[1].position.y,-0.446757597205917
-0.4982740765851361,1766740167.522518274,/ground_truth.poses[1].position.y,-0.4465384224906726
-0.49825787772421304,1766740167.542749116,/ground_truth.poses[1].position.y,-0.4463086125883017
-0.4982466652663074,1766740167.562680900,/ground_truth.poses[1].position.y,-0.446078505216167
-0.4982404444481149,1766740167.582691161,/ground_truth.poses[1].position.y,-0.4458482088347277
-0.4982392181942336,1766740167.603026739,/ground_truth.poses[1].position.y,-0.44561783171315283
-0.49824298708115056,1766740167.622794988,/ground_truth.poses[1].position.y,-0.44538748215856444
-0.4982517493370098,1766740167.643047070,/ground_truth.poses[1].position.y,-0.4451572684651315
-0.498265500842401,1766740167.663172396,/ground_truth.poses[1].position.y,-0.4449272988631575
-0.4982842351323254,1766740167.682940134,/ground_truth.poses[1].position.y,-0.4446976814681833
-0.4983079433992482,1766740167.703260984,/ground_truth.poses[1].position.y,-0.4444685242301462
-0.4983366144971928,1766740167.723200663,/ground_truth.poses[1].position.y,-0.44423993488268754
-0.49837023494701876,1766740167.743211134,/ground_truth.poses[1].position.y,-0.4440120208924408
-0.4984087889427614,1766740167.763318987,/ground_truth.poses[1].position.y,-0.443784889408543
-0.49844845470454174,1766740167.783242857,/ground_truth.poses[1].position.y,-0.4435788182070099
-0.4984928546065523,1766740167.803424678,/ground_truth.poses[1].position.y,-0.4433737154794059
-0.4985419653169094,1766740167.823551837,/ground_truth.poses[1].position.y,-0.44316968945591084
-0.49859316233577594,1766740167.843474083,/ground_truth.poses[1].position.y,-0.44297677711855543
-0.4986503789358452,1766740167.863538475,/ground_truth.poses[1].position.y,-0.44278021387460853
-0.49871365771079895,1766740167.883671465,/ground_truth.poses[1].position.y,-0.44258012820125114
-0.4987815267690704,1766740167.903743751,/ground_truth.poses[1].position.y,-0.44238155259613554
-0.49885395012369177,1766740167.923725679,/ground_truth.poses[1].position.y,-0.4421845923521958
-0.4989327981276677,1766740167.943728095,/ground_truth.poses[1].position.y,-0.44198458869181567
-0.49901809196265845,1766740167.963585541,/ground_truth.poses[1].position.y,-0.4417816689517135
-0.49911620130229983,1766740167.983807106,/ground_truth.poses[1].position.y,-0.44156193329859855
-0.4992189057637523,1766740168.003839538,/ground_truth.poses[1].position.y,-0.44134430687563597
-0.4993261596850772,1766740168.023781291,/ground_truth.poses[1].position.y,-0.4411288862110991
-0.49944264459385335,1766740168.044349292,/ground_truth.poses[1].position.y,-0.440906657481394
-0.49968515454534546,1766740168.064098666,/ground_truth.poses[1].position.y,-0.44046866509307386
-0.5000637824780728,1766740168.084343605,/ground_truth.poses[1].position.y,-0.4398089188479414
-0.5004581099288645,1766740168.104823222,/ground_truth.poses[1].position.y,-0.4391464598216262
-0.5008627445571268,1766740168.125025160,/ground_truth.poses[1].position.y,-0.4384902457425339
-0.5012775874843907,1766740168.144811834,/ground_truth.poses[1].position.y,-0.43784043696632086
-0.5019495774099422,1766740168.164838715,/ground_truth.poses[1].position.y,-0.43682324909989256
-0.5028165535073073,1766740168.184899530,/ground_truth.poses[1].position.y,-0.435556675969615
-0.5038461042456885,1766740168.205305550,/ground_truth.poses[1].position.y,-0.43407927480146136
-0.505202003743033,1766740168.224675806,/ground_truth.poses[1].position.y,-0.43215484998675446
-0.5070767712040368,1766740168.244933008,/ground_truth.poses[1].position.y,-0.42949399780447345
-0.5099815305480373,1766740168.264981560,/ground_truth.poses[1].position.y,-0.4253712814370177
-0.5131444364458277,1766740168.284816744,/ground_truth.poses[1].position.y,-0.42088217842741726
-0.5163073451572889,1766740168.305705424,/ground_truth.poses[1].position.y,-0.41639307142439635
-0.5197283918497313,1766740168.325084176,/ground_truth.poses[1].position.y,-0.4115375899465859
-0.5237947946627314,1766740168.345104125,/ground_truth.poses[1].position.y,-0.4057661564309464
-0.5285065618652505,1766740168.365263675,/ground_truth.poses[1].position.y,-0.3990787591413428
-0.5338636825467139,1766740168.385049997,/ground_truth.poses[1].position.y,-0.3914754135631319
-0.5393498835587827,1766740168.405696936,/ground_truth.poses[1].position.y,-0.38368886465254964
-0.5450942251937642,1766740168.425269961,/ground_truth.poses[1].position.y,-0.3755359375174745
-0.5508385696424839,1766740168.445368697,/ground_truth.poses[1].position.y,-0.3673830063889096
-0.5565829140913089,1766740168.465589551,/ground_truth.poses[1].position.y,-0.3592300752601848
-0.5623272585402656,1766740168.485347721,/ground_truth.poses[1].position.y,-0.35107714413129953
-0.5680716029893284,1766740168.505800237,/ground_truth.poses[1].position.y,-0.34292421300226666
-0.5738159474385102,1766740168.525736850,/ground_truth.poses[1].position.y,-0.33477128187307637
-0.5795602918877985,1766740168.545618591,/ground_truth.poses[1].position.y,-0.3266183507437453
-0.5853046363372005,1766740168.565653728,/ground_truth.poses[1].position.y,-0.3184654196142703
-0.5910489807867076,1766740168.585668327,/ground_truth.poses[1].position.y,-0.31031248848465626
-0.5967933252363202,1766740168.606044641,/ground_truth.poses[1].position.y,-0.30215955735489497
-0.6025376696860341,1766740168.625834541,/ground_truth.poses[1].position.y,-0.2940066262250144
-0.6082820141358475,1766740168.645895967,/ground_truth.poses[1].position.y,-0.2858536950949954
-0.6140263585857547,1766740168.665845675,/ground_truth.poses[1].position.y,-0.27770076396483045
-0.6197707030357761,1766740168.686066258,/ground_truth.poses[1].position.y,-0.2695478328345501
-0.6255150474858814,1766740168.706036765,/ground_truth.poses[1].position.y,-0.2613949017041445
-0.6312593919360898,1766740168.727243879,/ground_truth.poses[1].position.y,-0.25324197057360937
-0.6370037363863872,1766740168.747102496,/ground_truth.poses[1].position.y,-0.2450890394429562
-0.642748080836769,1766740168.767081459,/ground_truth.poses[1].position.y,-0.23693610831218345
-0.6484924252872372,1766740168.787177039,/ground_truth.poses[1].position.y,-0.22878317718128952
-0.6542367697377942,1766740168.807144710,/ground_truth.poses[1].position.y,-0.22063024605027806
-0.6599811141884308,1766740168.827114305,/ground_truth.poses[1].position.y,-0.2124773149191546
-0.6657254586391511,1766740168.847555240,/ground_truth.poses[1].position.y,-0.20432438378793408
-0.6714698030899617,1766740168.867196331,/ground_truth.poses[1].position.y,-0.19617145265660862
-0.6772141475408452,1766740168.887292923,/ground_truth.poses[1].position.y,-0.18801852152517268
-0.6829584919918031,1766740168.907969788,/ground_truth.poses[1].position.y,-0.17986559039363004
-0.6887028364428333,1766740168.927818457,/ground_truth.poses[1].position.y,-0.1717126592619858
-0.6944471808939439,1766740168.947773695,/ground_truth.poses[1].position.y,-0.16355972813024874
-0.7001915253451414,1766740168.967634236,/ground_truth.poses[1].position.y,-0.1554067969984108
-0.7059358697964061,1766740168.987221638,/ground_truth.poses[1].position.y,-0.14725386586648476
-0.711680212334115,1766740169.007808324,/ground_truth.poses[1].position.y,-0.13910093724215727
-0.7172916893274127,1766740169.027287645,/ground_truth.poses[1].position.y,-0.13102098208120544
-0.7228442099928941,1766740169.047516152,/ground_truth.poses[1].position.y,-0.12285143727286965
-0.7282122639197299,1766740169.067603768,/ground_truth.poses[1].position.y,-0.11468334328365763
-0.7333444675157729,1766740169.087559787,/ground_truth.poses[1].position.y,-0.1065276839731067
-0.738277021695028,1766740169.108003467,/ground_truth.poses[1].position.y,-0.09827841975096255
-0.7429993994377143,1766740169.127972831,/ground_truth.poses[1].position.y,-0.08992474274401017
-0.7474553023092387,1766740169.147900878,/ground_truth.poses[1].position.y,-0.08150145276407607
-0.7516465336469826,1766740169.168024982,/ground_truth.poses[1].position.y,-0.07297772526398567
-0.755564509126575,1766740169.187812647,/ground_truth.poses[1].position.y,-0.06434189235739189
-0.7591928553733741,1766740169.208412568,/ground_truth.poses[1].position.y,-0.05559713717721414
-0.7625246253754474,1766740169.228095228,/ground_truth.poses[1].position.y,-0.046746121744354725
-0.7655555515313939,1766740169.248050977,/ground_truth.poses[1].position.y,-0.03778762595144171
-0.7682821752896157,1766740169.268270388,/ground_truth.poses[1].position.y,-0.028731871808099066
-0.770740618160221,1766740169.288030271,/ground_truth.poses[1].position.y,-0.01990651810407889
-0.7727751154215682,1766740169.308408589,/ground_truth.poses[1].position.y,-0.011107675947006904
-0.7744853597007494,1766740169.328510220,/ground_truth.poses[1].position.y,-0.002262336577809973
-0.7758958769392291,1766740169.348374659,/ground_truth.poses[1].position.y,0.00663571967963192
-0.7770537192549023,1766740169.368260467,/ground_truth.poses[1].position.y,0.015443798878638292
-0.7778902595418471,1766740169.388715859,/ground_truth.poses[1].position.y,0.024029466825077443
-0.778392144566958,1766740169.408760293,/ground_truth.poses[1].position.y,0.03302462726393497
-0.7785899314594528,1766740169.428528312,/ground_truth.poses[1].position.y,0.04203161590333705
-0.7784833945224838,1766740169.448835647,/ground_truth.poses[1].position.y,0.05104014596533006
-0.7781986650735987,1766740169.468542512,/ground_truth.poses[1].position.y,0.05974408602860113
-0.7775337905810458,1766740169.488987604,/ground_truth.poses[1].position.y,0.06829551109083835
-0.77656590393588,1766740169.508731708,/ground_truth.poses[1].position.y,0.07680160727762972
-0.7752455966076555,1766740169.528823151,/ground_truth.poses[1].position.y,0.0857134856326974
-0.7736250423948836,1766740169.549237425,/ground_truth.poses[1].position.y,0.09457569574085053
-0.7717959587171361,1766740169.568787036,/ground_truth.poses[1].position.y,0.10326921702378508
-0.7697375278117069,1766740169.589181584,/ground_truth.poses[1].position.y,0.11164635009156232
-0.7673524272213791,1766740169.609827862,/ground_truth.poses[1].position.y,0.11986838049792886
-0.7646909879158245,1766740169.629165117,/ground_truth.poses[1].position.y,0.12800516227440348
-0.7617562473094458,1766740169.649353289,/ground_truth.poses[1].position.y,0.13604741161286654
-0.7585515541634794,1766740169.668846606,/ground_truth.poses[1].position.y,0.14398595169796902
-0.7549879846874384,1766740169.689057761,/ground_truth.poses[1].position.y,0.15201579037320148
-0.7510592182860599,1766740169.709428304,/ground_truth.poses[1].position.y,0.16012317950033325
-0.747098764531887,1766740169.729374516,/ground_truth.poses[1].position.y,0.16787910930624372
-0.7428565795228884,1766740169.749443095,/ground_truth.poses[1].position.y,0.17533972935195333
-0.7383603188008465,1766740169.769304298,/ground_truth.poses[1].position.y,0.1826369995096405
-0.7333465466591205,1766740169.789368970,/ground_truth.poses[1].position.y,0.190220843465751
-0.7281236596032342,1766740169.809614610,/ground_truth.poses[1].position.y,0.19765329938284326
-0.7228835363285686,1766740169.829377820,/ground_truth.poses[1].position.y,0.20484392720252464
-0.7172061430152241,1766740169.849600798,/ground_truth.poses[1].position.y,0.2124767893511341
-0.7116549367429471,1766740169.869801514,/ground_truth.poses[1].position.y,0.21993963589277063
-0.7062374811997059,1766740169.889586664,/ground_truth.poses[1].position.y,0.22722267265680912
-0.7005525329441751,1766740169.909728881,/ground_truth.poses[1].position.y,0.2348653172174844
-0.6948675817729236,1766740169.929834701,/ground_truth.poses[1].position.y,0.24250796569763178
-0.6889151382450609,1766740169.949856413,/ground_truth.poses[1].position.y,0.2505102214962695
-0.682962691801475,1766740169.969900597,/ground_truth.poses[1].position.y,0.2585124812143751
-0.6770102453576856,1766740169.989770315,/ground_truth.poses[1].position.y,0.26651474093242594
-0.6710577989137024,1766740170.010068223,/ground_truth.poses[1].position.y,0.27451700065043594
-0.6651053524695364,1766740170.030098741,/ground_truth.poses[1].position.y,0.28251926036838954
-0.6591529060251852,1766740170.050388774,/ground_truth.poses[1].position.y,0.29052152008629617
-0.653200459580662,1766740170.070258453,/ground_truth.poses[1].position.y,0.29852377980415756
-0.6472480131359624,1766740170.090433451,/ground_truth.poses[1].position.y,0.3065260395219711
-0.6412955666910823,1766740170.110346931,/ground_truth.poses[1].position.y,0.3145282992397407
-0.635343120246035,1766740170.130640190,/ground_truth.poses[1].position.y,0.3225305589574623
-0.6295244185213327,1766740170.150803587,/ground_truth.poses[1].position.y,0.33035301697553854
-0.6238394673478409,1766740170.170665140,/ground_truth.poses[1].position.y,0.3379956654551641
-0.6184220088864143,1766740170.190775848,/ground_truth.poses[1].position.y,0.3452787061378483
-0.6127370606282189,1766740170.210785658,/ground_truth.poses[1].position.y,0.35292135069774166
-0.6071858543527319,1766740170.230652321,/ground_truth.poses[1].position.y,0.36038419723839943
-0.6017683988063438,1766740170.251024507,/ground_truth.poses[1].position.y,0.36766723400147966
-0.5963509432598815,1766740170.270591501,/ground_truth.poses[1].position.y,0.37495027076440296
-0.5909334877132905,1766740170.290830007,/ground_truth.poses[1].position.y,0.38223330752727275
-0.5855160321665732,1766740170.310790004,/ground_truth.poses[1].position.y,0.3895163442900912
-0.5800985766197313,1766740170.330737728,/ground_truth.poses[1].position.y,0.3967993810528602
-0.5746811210727639,1766740170.350803513,/ground_truth.poses[1].position.y,0.4040824178155656
-0.5692636655256663,1766740170.370463299,/ground_truth.poses[1].position.y,0.4113654545782321
-0.5638462099784584,1766740170.390633449,/ground_truth.poses[1].position.y,0.4186484913408428
-0.5584287544311322,1766740170.410781777,/ground_truth.poses[1].position.y,0.42593152810340634
-0.5532787943333888,1766740170.430843083,/ground_truth.poses[1].position.y,0.43285495338888147
-0.5478613387859683,1766740170.451004215,/ground_truth.poses[1].position.y,0.4401379901511713
-0.542443883238316,1766740170.470776692,/ground_truth.poses[1].position.y,0.44742102691358493
-0.5370264276905499,1766740170.491024266,/ground_truth.poses[1].position.y,0.4547040636759421
-0.5316089721426845,1766740170.511358281,/ground_truth.poses[1].position.y,0.46198710043825914
-0.5261915165947164,1766740170.531115279,/ground_truth.poses[1].position.y,0.46927013720053806
-0.5206403161482559,1766740170.551469311,/ground_truth.poses[1].position.y,0.4767329759014911
-0.5149553649724534,1766740170.571400154,/ground_truth.poses[1].position.y,0.48437562437992987
-0.5090029243554629,1766740170.591237943,/ground_truth.poses[1].position.y,0.4923778762576269
-0.5027829826356501,1766740170.611614638,/ground_truth.poses[1].position.y,0.5007397472120944
-0.4968305332720082,1766740170.631340598,/ground_truth.poses[1].position.y,0.5087420108481703
-0.49020935394142673,1766740170.651573604,/ground_truth.poses[1].position.y,0.5176432915381372
-0.483721916593395,1766740170.671739536,/ground_truth.poses[1].position.y,0.526364774209171
-0.47723447924531154,1766740170.691463282,/ground_truth.poses[1].position.y,0.5350862568801114
-0.4710145346092705,1766740170.711695607,/ground_truth.poses[1].position.y,0.5434481317542368
-0.4647945928886525,1766740170.731581946,/ground_truth.poses[1].position.y,0.5518100027088213
-0.4585746511679254,1766740170.751771011,/ground_truth.poses[1].position.y,0.5601718736634052
-0.452354709447112,1766740170.771675043,/ground_truth.poses[1].position.y,0.5685337446179696
-0.44586727501404977,1766740170.791456086,/ground_truth.poses[1].position.y,0.5772552233693324
-0.4393798376653586,1766740170.811732724,/ground_truth.poses[1].position.y,0.5859767060402109
-0.43289240031656795,1766740170.831831180,/ground_truth.poses[1].position.y,0.5946981887110876
-0.42640496296768343,1766740170.851803149,/ground_truth.poses[1].position.y,0.6034196713819507
-0.4197837807203105,1766740170.871824641,/ground_truth.poses[1].position.y,0.6123209559915429
-0.4130288477436021,1766740170.892161841,/ground_truth.poses[1].position.y,0.6214020503786766
-0.4065414074788956,1766740170.912028294,/ground_truth.poses[1].position.y,0.6301235369691093
-0.39993322818640914,1766740170.931942766,/ground_truth.poses[1].position.y,0.6390073405815548
-0.39342623202850546,1766740170.952645429,/ground_truth.poses[1].position.y,0.6477102031051271
-0.3866895474712257,1766740170.972157800,/ground_truth.poses[1].position.y,0.6566054132023713
-0.3798039171807983,1766740170.992355511,/ground_truth.poses[1].position.y,0.6654694746886034
-0.37290078046460684,1766740171.012384547,/ground_truth.poses[1].position.y,0.6740973863446061
-0.36584067435074746,1766740171.032179686,/ground_truth.poses[1].position.y,0.6825155311340658
-0.3585961864524118,1766740171.052669231,/ground_truth.poses[1].position.y,0.690782653258679
-0.351196076496904,1766740171.072597910,/ground_truth.poses[1].position.y,0.698819934041385
-0.34361512221542717,1766740171.092835254,/ground_truth.poses[1].position.y,0.7066296893877059
-0.33581543526953317,1766740171.113254658,/ground_truth.poses[1].position.y,0.7142209968155172
-0.32780330630188637,1766740171.133118506,/ground_truth.poses[1].position.y,0.7215877365498791
-0.3195851985688899,1766740171.153166247,/ground_truth.poses[1].position.y,0.7287239659595754
-0.31116774148675674,1766740171.173330575,/ground_truth.poses[1].position.y,0.7356239283623901
-0.30255071669738165,1766740171.193316921,/ground_truth.poses[1].position.y,0.7422897919746868
-0.2937521782346705,1766740171.213980391,/ground_truth.poses[1].position.y,0.7487141659456045
-0.2847788920604997,1766740171.233436558,/ground_truth.poses[1].position.y,0.7548921102013003
-0.2756377581913229,1766740171.253488897,/ground_truth.poses[1].position.y,0.760818874206072
-0.26633580571022003,1766740171.273453603,/ground_truth.poses[1].position.y,0.7664899005694128
-0.2568641732766187,1766740171.293535337,/ground_truth.poses[1].position.y,0.7719142202798194
-0.24725272645048524,1766740171.314159523,/ground_truth.poses[1].position.y,0.77708675883288
-0.23750815712902307,1766740171.333490837,/ground_truth.poses[1].position.y,0.7820039159289635
-0.22763724943684213,1766740171.353891396,/ground_truth.poses[1].position.y,0.7866622682658584
-0.21764687545470918,1766740171.373846624,/ground_truth.poses[1].position.y,0.791058572719994
-0.20754399043528005,1766740171.393691927,/ground_truth.poses[1].position.y,0.7951897686042915
-0.19733562796087356,1766740171.414220796,/ground_truth.poses[1].position.y,0.7990529797991293
-0.18703799460871148,1766740171.434005576,/ground_truth.poses[1].position.y,0.8026404041514716
-0.1768025624006483,1766740171.453977716,/ground_truth.poses[1].position.y,0.8059739359192123
-0.16632513974552007,1766740171.474247882,/ground_truth.poses[1].position.y,0.8089962652423237
-0.155788757545024,1766740171.494068999,/ground_truth.poses[1].position.y,0.8117253176539334
-0.14518413251547813,1766740171.514528939,/ground_truth.poses[1].position.y,0.8141529338725235
-0.13451881107685468,1766740171.534299232,/ground_truth.poses[1].position.y,0.8162719888217064
-0.12379639371012488,1766740171.554477276,/ground_truth.poses[1].position.y,0.8180800930979176
-0.11303587193983658,1766740171.574465586,/ground_truth.poses[1].position.y,0.8195724963740729
-0.10224082768209006,1766740171.594602934,/ground_truth.poses[1].position.y,0.8207436702937937
-0.0914204249336086,1766740171.614957126,/ground_truth.poses[1].position.y,0.8215873495377409
-0.08056918913286427,1766740171.634563343,/ground_truth.poses[1].position.y,0.8221038432273124
-0.06970739172952269,1766740171.654510737,/ground_truth.poses[1].position.y,0.8222973564662797
-0.05884464418989788,1766740171.674457749,/ground_truth.poses[1].position.y,0.8221677181665232
-0.04796987148425935,1766740171.694563398,/ground_truth.poses[1].position.y,0.8217178427296812
-0.037064329159796724,1766740171.714970379,/ground_truth.poses[1].position.y,0.8209556239378951
-0.0261789309775379,1766740171.734549215,/ground_truth.poses[1].position.y,0.8199105320825821
-0.015084428180993883,1766740171.754947089,/ground_truth.poses[1].position.y,0.81861208206185
-0.0039051409199881548,1766740171.774604291,/ground_truth.poses[1].position.y,0.8172223864599522
0.007323925253335377,1766740171.794846004,/ground_truth.poses[1].position.y,0.8158069474158867
0.018552991426681882,1766740171.815789867,/ground_truth.poses[1].position.y,0.8143915083715468
0.029782057600052748,1766740171.834888527,/ground_truth.poses[1].position.y,0.8129760693269552
0.041011123773424585,1766740171.856299261,/ground_truth.poses[1].position.y,0.8115606302821384
0.05179552330483,1766740171.875995205,/ground_truth.poses[1].position.y,0.8102012420718131
0.06257991798960837,1766740171.896195641,/ground_truth.poses[1].position.y,0.8088418544721815
0.07336431267438105,1766740171.917639126,/ground_truth.poses[1].position.y,0.8074824668723347
0.08459337400114628,1766740171.936262138,/ground_truth.poses[1].position.y,0.8060670284375373
0.09582244017456065,1766740171.956623754,/ground_truth.poses[1].position.y,0.8046515893916154
0.10705150634798657,1766740171.976671746,/ground_truth.poses[1].position.y,0.803236150345479
0.11828057252142117,1766740171.996532938,/ground_truth.poses[1].position.y,0.801820711299138
0.1295096386948605,1766740172.017161423,/ground_truth.poses[1].position.y,0.8004052722525914
0.14073870486831622,1766740172.036167840,/ground_truth.poses[1].position.y,0.7989898332058519
0.15196777104179762,1766740172.056581704,/ground_truth.poses[1].position.y,0.7975743941589126
0.16319683721528513,1766740172.076847872,/ground_truth.poses[1].position.y,0.7961589551117939
0.17464823913298885,1766740172.096633073,/ground_truth.poses[1].position.y,0.794715490341681
0.1858773053066028,1766740172.116995090,/ground_truth.poses[1].position.y,0.7933000512941767
0.19666170483811338,1766740172.136624110,/ground_truth.poses[1].position.y,0.7919406630812241
0.20744609952300386,1766740172.156726883,/ground_truth.poses[1].position.y,0.7905812754790257
0.21823049420788937,1766740172.176819377,/ground_truth.poses[1].position.y,0.7892218878766579
0.22945955553476918,1766740172.196656024,/ground_truth.poses[1].position.y,0.7878064494393933
0.24024395506629506,1766740172.216990690,/ground_truth.poses[1].position.y,0.7864470612257739
0.2510283497511946,1766740172.237035265,/ground_truth.poses[1].position.y,0.7850876736229135
0.26181274443608854,1766740172.256884756,/ground_truth.poses[1].position.y,0.7837282860199016
0.2728194748651917,1766740172.277093658,/ground_truth.poses[1].position.y,0.7823408726939268
0.28360386955019473,1766740172.297251163,/ground_truth.poses[1].position.y,0.7809814850905971
0.2948329308770914,1766740172.317135990,/ground_truth.poses[1].position.y,0.7795660466524121
0.30606199705062326,1766740172.337091579,/ground_truth.poses[1].position.y,0.7781506076031574
0.3172910632241675,1766740172.357276606,/ground_truth.poses[1].position.y,0.7767351685537541
0.32849849880541127,1766740172.377185457,/ground_truth.poses[1].position.y,0.7753224562555576
0.3396872959911409,1766740172.397502080,/ground_truth.poses[1].position.y,0.7739364575899211
0.35082272548997645,1766740172.417388249,/ground_truth.poses[1].position.y,0.7726143747631877
0.36185275638273606,1766740172.437258438,/ground_truth.poses[1].position.y,0.7714673904660517
0.3730008479897853,1766740172.457749717,/ground_truth.poses[1].position.y,0.7704575499360982
0.3839253190017651,1766740172.477440191,/ground_truth.poses[1].position.y,0.7697459736094537
0.39483222117835814,1766740172.497688826,/ground_truth.poses[1].position.y,0.7693292271166837
0.40574632213742784,1766740172.518375399,/ground_truth.poses[1].position.y,0.7692004134348001
0.41666002202544633,1766740172.537782134,/ground_truth.poses[1].position.y,0.7693596222609279
0.4275657212678586,1766740172.558242454,/ground_truth.poses[1].position.y,0.7698067427326013
0.43845582586127946,1766740172.577889768,/ground_truth.poses[1].position.y,0.7705414635048342
0.4493227526613908,1766740172.597978195,/ground_truth.poses[1].position.y,0.7715632729669333
0.460049212166167,1766740172.618654969,/ground_truth.poses[1].position.y,0.7728169081717238
0.4706758096811655,1766740172.637881788,/ground_truth.poses[1].position.y,0.7743469255439759
0.48142675247578537,1766740172.658172172,/ground_truth.poses[1].position.y,0.7762314471377395
0.49212422747501505,1766740172.677843079,/ground_truth.poses[1].position.y,0.7783989851989517
0.5027607856686331,1766740172.698035480,/ground_truth.poses[1].position.y,0.7808480303981428
0.5132873967838933,1766740172.718755345,/ground_truth.poses[1].position.y,0.7835736766507032
0.5237303084175757,1766740172.738084925,/ground_truth.poses[1].position.y,0.7866042215780606
0.5340806955690154,1766740172.758487688,/ground_truth.poses[1].position.y,0.7899371019760316
0.5440896704904815,1766740172.778859023,/ground_truth.poses[1].position.y,0.7933589261360829
0.5542385875692438,1766740172.798193242,/ground_truth.poses[1].position.y,0.7972910383213824
0.5642528768426075,1766740172.818580026,/ground_truth.poses[1].position.y,0.8015017268321358
0.5741203175779424,1766740172.838212702,/ground_truth.poses[1].position.y,0.8060088306584856
0.5838398980343495,1766740172.858439106,/ground_truth.poses[1].position.y,0.8108149549796272
0.5934053579592629,1766740172.878583147,/ground_truth.poses[1].position.y,0.8159209363331452
0.6028074495083782,1766740172.898379368,/ground_truth.poses[1].position.y,0.8213218384472578
0.6120370826032443,1766740172.918708303,/ground_truth.poses[1].position.y,0.8270124396514584
0.6210629796504449,1766740172.938654104,/ground_truth.poses[1].position.y,0.8329745074093375
0.6302278330697539,1766740172.958772657,/ground_truth.poses[1].position.y,0.83948115767857
0.6393648934066433,1766740172.979215745,/ground_truth.poses[1].position.y,0.8460848373947156
0.6481279913513205,1766740172.998619123,/ground_truth.poses[1].position.y,0.8528755690019133
0.6565249847163808,1766740173.018820701,/ground_truth.poses[1].position.y,0.8599881753258513
0.6645466605952997,1766740173.038697102,/ground_truth.poses[1].position.y,0.8674108674486816
0.6721801154610543,1766740173.058756605,/ground_truth.poses[1].position.y,0.8751145836903412
0.6794366364626145,1766740173.079431917,/ground_truth.poses[1].position.y,0.8830822259577535
0.6863949726698148,1766740173.099028516,/ground_truth.poses[1].position.y,0.8913038776605272
0.6930545705123935,1766740173.119177856,/ground_truth.poses[1].position.y,0.8997693224836972
0.6994068952705491,1766740173.139178699,/ground_truth.poses[1].position.y,0.9084677113938021
0.7054510678417844,1766740173.159181626,/ground_truth.poses[1].position.y,0.9173953937079564
0.7111849552602946,1766740173.179608665,/ground_truth.poses[1].position.y,0.9265375930895531
0.7168603609450477,1766740173.199467904,/ground_truth.poses[1].position.y,0.9362394916065199
0.7222729969335522,1766740173.219342632,/ground_truth.poses[1].position.y,0.9460012552304299
0.727583886466077,1766740173.239294223,/ground_truth.poses[1].position.y,0.9558764568848679
0.7328930025116012,1766740173.259774140,/ground_truth.poses[1].position.y,0.9658718886198036
0.7382021183497979,1766740173.279659208,/ground_truth.poses[1].position.y,0.9758673217690413
0.743511234187843,1766740173.299678235,/ground_truth.poses[1].position.y,0.9858627549183998
0.7488203500257545,1766740173.320041935,/ground_truth.poses[1].position.y,0.9958581880678754
0.7541294658635124,1766740173.339613928,/ground_truth.poses[1].position.y,1.0058536212174534
0.7594385817011352,1766740173.360047198,/ground_truth.poses[1].position.y,1.0158490543671503
0.7647476975386223,1766740173.380356096,/ground_truth.poses[1].position.y,1.0258444875169574
0.7700568133759702,1766740173.399764804,/ground_truth.poses[1].position.y,1.0358399206668716
0.7753659292131825,1766740173.420356610,/ground_truth.poses[1].position.y,1.0458353538168927
0.7808852839670174,1766740173.439820962,/ground_truth.poses[1].position.y,1.056226602222477
0.7864046410122302,1766740173.460138266,/ground_truth.poses[1].position.y,1.0666178549423484
0.7919239980573132,1766740173.480089146,/ground_truth.poses[1].position.y,1.0770091076623265
0.7974433551022825,1766740173.499868276,/ground_truth.poses[1].position.y,1.0874003603824143
0.8033852932809689,1766740173.520316775,/ground_truth.poses[1].position.y,1.0985872031611952
0.8101660919037262,1766740173.539967615,/ground_truth.poses[1].position.y,1.1113533626271865
0.8171571339938755,1766740173.560054178,/ground_truth.poses[1].position.y,1.1245153459165902
0.8242454839584997,1766740173.580814879,/ground_truth.poses[1].position.y,1.1378605297824782
0.8314611369630377,1766740173.600251930,/ground_truth.poses[1].position.y,1.1513918209472889
0.8387158336385593,1766740173.620540260,/ground_truth.poses[1].position.y,1.1647082020609085
0.8461243531873733,1766740173.640548998,/ground_truth.poses[1].position.y,1.1778924981543577
0.8537218236231103,1766740173.660451548,/ground_truth.poses[1].position.y,1.1909569645344527
0.861510004919668,1766740173.680745388,/ground_truth.poses[1].position.y,1.2038606736498587
0.8695242548404136,1766740173.700458895,/ground_truth.poses[1].position.y,1.2165766167651888
0.877798154542162,1766740173.720616751,/ground_truth.poses[1].position.y,1.2291128670505476
0.8863402174125015,1766740173.740649804,/ground_truth.poses[1].position.y,1.2414554396704947
0.8953916175052963,1766740173.760552925,/ground_truth.poses[1].position.y,1.253897862900807
0.9046923057021609,1766740173.781012194,/ground_truth.poses[1].position.y,1.266053618372702
0.9140897869490524,1766740173.801101352,/ground_truth.poses[1].position.y,1.2778242041326906
0.9238173818840406,1766740173.820883667,/ground_truth.poses[1].position.y,1.2892244039299856
0.9339042379859996,1766740173.841018500,/ground_truth.poses[1].position.y,1.3002520371659925
0.9443471433992345,1766740173.860825241,/ground_truth.poses[1].position.y,1.3108950544864055
0.9551425146926437,1766740173.881289179,/ground_truth.poses[1].position.y,1.3211437097084224
0.9662682395725826,1766740173.901120305,/ground_truth.poses[1].position.y,1.3309847749890584
0.9777121438832609,1766740173.921178165,/ground_truth.poses[1].position.y,1.3404044061672629
0.989468195602324,1766740173.941261031,/ground_truth.poses[1].position.y,1.349387567282381
1.001533164650226,1766740173.961273566,/ground_truth.poses[1].position.y,1.3579195309516552
1.0139340660778016,1766740173.981466147,/ground_truth.poses[1].position.y,1.3659833168301942
1.0266641414870168,1766740174.001421466,/ground_truth.poses[1].position.y,1.3735662951723924
1.0396993340782728,1766740174.021484865,/ground_truth.poses[1].position.y,1.3806556055792416
1.053014597718641,1766740174.041390611,/ground_truth.poses[1].position.y,1.387238541606538
1.0646246474211618,1766740174.061794146,/ground_truth.poses[1].position.y,1.3924472579541474
1.07470946535773,1766740174.081827129,/ground_truth.poses[1].position.y,1.3970268221267594
1.0814300571247324,1766740174.101981078,/ground_truth.poses[1].position.y,1.3998102947964237
1.08441409378595,1766740174.122790340,/ground_truth.poses[1].position.y,1.4011322682987513
1.0849751732406872,1766740174.142169643,/ground_truth.poses[1].position.y,1.4012738853268407
1.0850396606963475,1766740174.162428538,/ground_truth.poses[1].position.y,1.4012938452073818
1.0850396606760848,1766740174.182467953,/ground_truth.poses[1].position.y,1.401293845171863
1.0850396606541064,1766740174.202279904,/ground_truth.poses[1].position.y,1.4012938451421724
1.0850396606340555,1766740174.222486181,/ground_truth.poses[1].position.y,1.4012938450754584
1.0850396606114558,1766740174.242146178,/ground_truth.poses[1].position.y,1.4012938450084076
1.0850396605862458,1766740174.262477287,/ground_truth.poses[1].position.y,1.4012938449406938
1.0850396605583168,1766740174.282541930,/ground_truth.poses[1].position.y,1.401293844872455
1.0850396605283084,1766740174.302527324,/ground_truth.poses[1].position.y,1.4012938448061152
1.085039660496996,1766740174.322661015,/ground_truth.poses[1].position.y,1.4012938447438827
1.0850396604630754,1766740174.342481031,/ground_truth.poses[1].position.y,1.401293844676301
1.0850396604404537,1766740174.362574297,/ground_truth.poses[1].position.y,1.4012938446399998
1.0850396604161714,1766740174.383022104,/ground_truth.poses[1].position.y,1.4012938445912615
1.0850396604054258,1766740174.402655502,/ground_truth.poses[1].position.y,1.4012938445609058
1.0850396604054258,1766740174.422888127,/ground_truth.poses[1].position.y,1.4012938445609058
1.0850396604054258,1766740174.443056093,/ground_truth.poses[1].position.y,1.4012938445609058
1.0850396604054258,1766740174.462862994,/ground_truth.poses[1].position.y,1.4012938445609058
1.0850396604054258,1766740174.483265978,/ground_truth.poses[1].position.y,1.4012938445609058
1.0850396604054258,1766740174.503055787,/ground_truth.poses[1].position.y,1.4012938445609058
1.0850396604054258,1766740174.523137381,/ground_truth.poses[1].position.y,1.4012938445609058
1.0850396604054258,1766740174.543249502,/ground_truth.poses[1].position.y,1.4012938445609058
1.0850396604054258,1766740174.563189101,/ground_truth.poses[1].position.y,1.4012938445609058
1.0850396604054258,1766740174.583663959,/ground_truth.poses[1].position.y,1.4012938445609058
1.0850396604054258,1766740174.603619197,/ground_truth.poses[1].position.y,1.4012938445609058
1.0850396604054258,1766740174.623503583,/ground_truth.poses[1].position.y,1.4012938445609058
1.0850396604054258,1766740174.643475602,/ground_truth.poses[1].position.y,1.4012938445609058
1.0850396604054258,1766740174.663477006,/ground_truth.poses[1].position.y,1.4012938445609058
1.0850396604054258,1766740174.683597843,/ground_truth.poses[1].position.y,1.4012938445609058
1.0850396604054258,1766740174.703564383,/ground_truth.poses[1].position.y,1.4012938445609058
1.0850396604054258,1766740174.723549657,/ground_truth.poses[1].position.y,1.4012938445609058
1.0850396604054258,1766740174.743462366,/ground_truth.poses[1].position.y,1.4012938445609058
1.0850396604054258,1766740174.763656890,/ground_truth.poses[1].position.y,1.4012938445609058
1.0850396604054258,1766740174.783848609,/ground_truth.poses[1].position.y,1.4012938445609058
1.0850396604054258,1766740174.803853861,/ground_truth.poses[1].position.y,1.4012938445609058
1.0850396604054258,1766740174.824087299,/ground_truth.poses[1].position.y,1.4012938445609058
1.0850396604054258,1766740174.843706750,/ground_truth.poses[1].position.y,1.4012938445609058
1.0850396604054258,1766740174.864111868,/ground_truth.poses[1].position.y,1.4012938445609058
1.0850396604054258,1766740174.883830534,/ground_truth.poses[1].position.y,1.4012938445609058
1.0850396604054258,1766740174.903870721,/ground_truth.poses[1].position.y,1.4012938445609058
1.0850396604054258,1766740174.924222459,/ground_truth.poses[1].position.y,1.4012938445609058
1.0850396604054258,1766740174.944025223,/ground_truth.poses[1].position.y,1.4012938445609058
1.0850396604054258,1766740174.964222522,/ground_truth.poses[1].position.y,1.4012938445609058
1.0850396604054258,1766740174.986065012,/ground_truth.poses[1].position.y,1.4012938445609058
1.0850396604054258,1766740175.005281802,/ground_truth.poses[1].position.y,1.4012938445609058
1.0850396604054258,1766740175.025504650,/ground_truth.poses[1].position.y,1.4012938445609058
1.085039660687165,1766740175.045084488,/ground_truth.poses[1].position.y,1.4012938446764374
1.0850396606976855,1766740175.065259366,/ground_truth.poses[1].position.y,1.4012938446992778
1.085039660710232,1766740175.085707373,/ground_truth.poses[1].position.y,1.4012938447365848
1.0850396607094472,1766740175.105481133,/ground_truth.poses[1].position.y,1.40129384473424
1.0850396607144888,1766740175.125676078,/ground_truth.poses[1].position.y,1.401293844752569
1.0850396607244128,1766740175.145498539,/ground_truth.poses[1].position.y,1.401293844787436
1.0850396607251866,1766740175.165583178,/ground_truth.poses[1].position.y,1.401293844798684
1.085039660721254,1766740175.185743779,/ground_truth.poses[1].position.y,1.4012938448022414
1.0850396607073327,1766740175.205757256,/ground_truth.poses[1].position.y,1.4012938447839431
1.0850396607039525,1766740175.225839051,/ground_truth.poses[1].position.y,1.4012938447906516
1.0850396606864199,1766740175.245578356,/ground_truth.poses[1].position.y,1.4012938447699224
1.0850396606670762,1766740175.265446381,/ground_truth.poses[1].position.y,1.401293844748284
1.0850396606284418,1766740175.285674058,/ground_truth.poses[1].position.y,1.4012938446962349
1.0850396605701942,1766740175.305594501,/ground_truth.poses[1].position.y,1.4012938446162269
1.085039660509093,1766740175.325575798,/ground_truth.poses[1].position.y,1.4012938445377763
1.0850396604451826,1766740175.345817110,/ground_truth.poses[1].position.y,1.4012938444609917
1.085039660378513,1766740175.365697909,/ground_truth.poses[1].position.y,1.4012938443859808
1.085039660309138,1766740175.386010754,/ground_truth.poses[1].position.y,1.4012938443128498
1.085039660237114,1766740175.405944773,/ground_truth.poses[1].position.y,1.4012938442417036
1.0850396601625025,1766740175.426162972,/ground_truth.poses[1].position.y,1.401293844172644
1.085039660089902,1766740175.446004388,/ground_truth.poses[1].position.y,1.4012938441097735
1.0850396600160592,1766740175.466010581,/ground_truth.poses[1].position.y,1.401293844049488
1.0850396599381706,1766740175.486155132,/ground_truth.poses[1].position.y,1.4012938439892186
1.085039659872956,1766740175.506383941,/ground_truth.poses[1].position.y,1.4012938439418758
1.0850396598033163,1766740175.526210860,/ground_truth.poses[1].position.y,1.4012938438930533
1.0850396597316359,1766740175.546257318,/ground_truth.poses[1].position.y,1.4012938438446654
1.0850396596696814,1766740175.566674658,/ground_truth.poses[1].position.y,1.4012938438048794
1.0850396596085639,1766740175.586541201,/ground_truth.poses[1].position.y,1.401293843766251
1.08503965956012,1766740175.606728131,/ground_truth.poses[1].position.y,1.4012938437354683
1.0850396595267175,1766740175.626679422,/ground_truth.poses[1].position.y,1.4012938437126097
1.0850396595267175,1766740175.646455276,/ground_truth.poses[1].position.y,1.4012938437126097
1.0850396595267175,1766740175.666722376,/ground_truth.poses[1].position.y,1.4012938437126097
1.0850396595267175,1766740175.686667886,/ground_truth.poses[1].position.y,1.4012938437126097
1.0850396595267175,1766740175.706695719,/ground_truth.poses[1].position.y,1.4012938437126097
1.0850396595267175,1766740175.727134460,/ground_truth.poses[1].position.y,1.4012938437126097
1.085340415915597,1766740175.746952993,/ground_truth.poses[1].position.y,1.4008198507895353
1.0860013570065483,1766740175.766953536,/ground_truth.poses[1].position.y,1.3997782056636416
1.0869024251625827,1766740175.787143632,/ground_truth.poses[1].position.y,1.3983581195672579
1.0879235581696967,1766740175.807075717,/ground_truth.poses[1].position.y,1.3967488109075745
1.0889446911768386,1766740175.827395205,/ground_truth.poses[1].position.y,1.3951395022477753
1.0904484702703097,1766740175.847183391,/ground_truth.poses[1].position.y,1.3927695417967232
1.0931504667313867,1766740175.867242323,/ground_truth.poses[1].position.y,1.388511187324921
1.0962126525627003,1766740175.887694558,/ground_truth.poses[1].position.y,1.383685173332115
1.0993949057825023,1766740175.907064604,/ground_truth.poses[1].position.y,1.3786699327771568
1.1025771590023832,1766740175.927226809,/ground_truth.poses[1].position.y,1.3736546922220043
1.1058794719190068,1766740175.947360540,/ground_truth.poses[1].position.y,1.3684502372269314
1.109301849766595,1766740175.967324525,/ground_truth.poses[1].position.y,1.363056559542765
1.1132044713159386,1766740175.987805083,/ground_truth.poses[1].position.y,1.3569060163533309
1.1172271576367658,1766740176.007605182,/ground_truth.poses[1].position.y,1.3505662507261578
1.121730090116774,1766740176.027574035,/ground_truth.poses[1].position.y,1.3434696157208075
1.1264731496820743,1766740176.047655349,/ground_truth.poses[1].position.y,1.335994539713353
1.1313362740187634,1766740176.067660109,/ground_truth.poses[1].position.y,1.3283302412683273
1.135959276664399,1766740176.088255712,/ground_truth.poses[1].position.y,1.3210443753239485
1.1405822766929,1766740176.107977074,/ground_truth.poses[1].position.y,1.3137585135041419
1.145445398412623,1766740176.127780629,/ground_truth.poses[1].position.y,1.306094219183307
1.150308522749593,1766740176.147908850,/ground_truth.poses[1].position.y,1.2984299207376224
1.1551716470866304,1766740176.167879116,/ground_truth.poses[1].position.y,1.2907656222917951
1.1600347714237182,1766740176.187960620,/ground_truth.poses[1].position.y,1.2831013238458162
1.1648978957608567,1766740176.208124778,/ground_truth.poses[1].position.y,1.275437025399701
1.1697610200980495,1766740176.228067533,/ground_truth.poses[1].position.y,1.2677727269534582
1.174624144435297,1766740176.248035855,/ground_truth.poses[1].position.y,1.2601084285070818
1.1794872687725917,1766740176.268351426,/ground_truth.poses[1].position.y,1.2524441300605775
1.184350393109952,1766740176.288257993,/ground_truth.poses[1].position.y,1.2447798316139465
1.1892135174473477,1766740176.308389741,/ground_truth.poses[1].position.y,1.2371155331671932
1.1940766417847908,1766740176.328798095,/ground_truth.poses[1].position.y,1.2294512347203146
1.1989397661222911,1766740176.348446169,/ground_truth.poses[1].position.y,1.2217869362733238
1.203802890459827,1766740176.368598415,/ground_truth.poses[1].position.y,1.2141226378262138
1.2086660147974195,1766740176.388544446,/ground_truth.poses[1].position.y,1.2064583393789956
1.2135291391350511,1766740176.408567691,/ground_truth.poses[1].position.y,1.1987940409316606
1.218392263472732,1766740176.429056074,/ground_truth.poses[1].position.y,1.1911297424842229
1.2232553878104573,1766740176.448671028,/ground_truth.poses[1].position.y,1.1834654440366768
1.228118512148216,1766740176.468843271,/ground_truth.poses[1].position.y,1.1758011455890178
1.2329816364860187,1766740176.489494998,/ground_truth.poses[1].position.y,1.1681368471412599
1.2378447608238663,1766740176.508892947,/ground_truth.poses[1].position.y,1.160472548693402
1.2427078851617506,1766740176.529200452,/ground_truth.poses[1].position.y,1.1528082502454506
1.2475710094996786,1766740176.548971817,/ground_truth.poses[1].position.y,1.1451439517974034
1.2524341338376404,1766740176.569148308,/ground_truth.poses[1].position.y,1.1374796533492617
1.2572972581756499,1766740176.589943434,/ground_truth.poses[1].position.y,1.1298153549010326
1.2621603825136831,1766740176.609086015,/ground_truth.poses[1].position.y,1.1221510564527035
1.2670235068517601,1766740176.629319833,/ground_truth.poses[1].position.y,1.1144867580042812
1.271886631189867,1766740176.649253491,/ground_truth.poses[1].position.y,1.1068224595557734
1.2767497555280163,1766740176.669223196,/ground_truth.poses[1].position.y,1.099158161107182
1.2816128798661963,1766740176.689855588,/ground_truth.poses[1].position.y,1.0914938626584973
1.2864760042044063,1766740176.709210185,/ground_truth.poses[1].position.y,1.0838295642097358
1.291339128542654,1766740176.729347173,/ground_truth.poses[1].position.y,1.0761652657609007
1.2962022528809332,1766740176.749600397,/ground_truth.poses[1].position.y,1.0685009673119867
1.301065377219245,1766740176.769514158,/ground_truth.poses[1].position.y,1.0608366688629933
1.30592850155758,1766740176.790087038,/ground_truth.poses[1].position.y,1.0531723704139218
1.3107916258959504,1766740176.809807057,/ground_truth.poses[1].position.y,1.0455080719647742
1.3156547502343572,1766740176.829725016,/ground_truth.poses[1].position.y,1.0378437735155503
1.3205178745727855,1766740176.849871652,/ground_truth.poses[1].position.y,1.0301794750662523
1.3253809989112444,1766740176.869670107,/ground_truth.poses[1].position.y,1.0225151766168883
1.3296129707962694,1766740176.890117504,/ground_truth.poses[1].position.y,1.0158455766766572
1.3330353505976684,1766740176.910102597,/ground_truth.poses[1].position.y,1.0104518959137334
1.3345642712134367,1766740176.929995379,/ground_truth.poses[1].position.y,1.008042313549406
1.3348347171719044,1766740176.949849949,/ground_truth.poses[1].position.y,1.007616089914386
1.3348347171719044,1766740176.970188994,/ground_truth.poses[1].position.y,1.007616089914386
1.3348347171719044,1766740176.990368440,/ground_truth.poses[1].position.y,1.007616089914386
1.3348347171719044,1766740177.010357912,/ground_truth.poses[1].position.y,1.007616089914386
1.3348347171719044,1766740177.030447501,/ground_truth.poses[1].position.y,1.007616089914386
1.3348347171719044,1766740177.050336105,/ground_truth.poses[1].position.y,1.007616089914386
1.3348347171719044,1766740177.070719552,/ground_truth.poses[1].position.y,1.007616089914386
1.3348347171719044,1766740177.090669721,/ground_truth.poses[1].position.y,1.007616089914386
1.3348347171719044,1766740177.110784487,/ground_truth.poses[1].position.y,1.007616089914386
1.3348347171719044,1766740177.130902358,/ground_truth.poses[1].position.y,1.007616089914386
1.3348347171719044,1766740177.150951893,/ground_truth.poses[1].position.y,1.007616089914386
1.3348347171719044,1766740177.171306336,/ground_truth.poses[1].position.y,1.007616089914386
1.3348347171719044,1766740177.191583114,/ground_truth.poses[1].position.y,1.007616089914386
1.3348347171719044,1766740177.211316818,/ground_truth.poses[1].position.y,1.007616089914386
1.3347750213060745,1766740177.231532533,/ground_truth.poses[1].position.y,1.0077101707911311
1.3332673825212507,1766740177.251299029,/ground_truth.poses[1].position.y,1.0100862146978582
1.3308064447794683,1766740177.271434022,/ground_truth.poses[1].position.y,1.0139646599006
1.3279853151973862,1766740177.291916705,/ground_truth.poses[1].position.y,1.018410768515132
1.3240836344076679,1766740177.311524414,/ground_truth.poses[1].position.y,1.0245598290272173
1.3201819420191494,1766740177.331778300,/ground_truth.poses[1].position.y,1.030708907838601
1.3162802496304693,1766740177.351578539,/ground_truth.poses[1].position.y,1.0368579866502121
1.3123785572416344,1766740177.371668168,/ground_truth.poses[1].position.y,1.0430070654620576
1.3084768648526477,1766740177.392587575,/ground_truth.poses[1].position.y,1.0491561442741275
1.3045751724635162,1766740177.411928988,/ground_truth.poses[1].position.y,1.0553052230864113
1.3004333583824743,1766740177.432043032,/ground_truth.poses[1].position.y,1.0618327343994227
1.2962915416840886,1766740177.452208323,/ground_truth.poses[1].position.y,1.0683602498373619
1.2921497249855516,1766740177.471956604,/ground_truth.poses[1].position.y,1.0748877652755129
1.288488151989748,1766740177.492546136,/ground_truth.poses[1].position.y,1.0806584152095773
1.285066703462568,1766740177.512210241,/ground_truth.poses[1].position.y,1.0860506282667743
1.281885384638082,1766740177.532165890,/ground_truth.poses[1].position.y,1.0910643961982236
1.2794244312082412,1766740177.552354093,/ground_truth.poses[1].position.y,1.094942866124832
1.2775637830008115,1766740177.572195468,/ground_truth.poses[1].position.y,1.097875253233734
1.2763034598451288,1766740177.592415871,/ground_truth.poses[1].position.y,1.099861526276765
1.2750431366896935,1766740177.612462370,/ground_truth.poses[1].position.y,1.1018477993193942
1.2739028731513782,1766740177.632478953,/ground_truth.poses[1].position.y,1.1036448580482905
1.2730027314445471,1766740177.652578430,/ground_truth.poses[1].position.y,1.10506348405647
1.2724627816547793,1766740177.672625169,/ground_truth.poses[1].position.y,1.1059144465318849
1.2724627816547793,1766740177.692564878,/ground_truth.poses[1].position.y,1.1059144465318849
1.2724627816547793,1766740177.712697307,/ground_truth.poses[1].position.y,1.1059144465318849
1.2724627816547793,1766740177.732478180,/ground_truth.poses[1].position.y,1.1059144465318849
1.2724627816547793,1766740177.752411357,/ground_truth.poses[1].position.y,1.1059144465318849
1.2724627816547793,1766740177.772752575,/ground_truth.poses[1].position.y,1.1059144465318849
1.2724627816547793,1766740177.792653973,/ground_truth.poses[1].position.y,1.1059144465318849
1.2724627816547793,1766740177.812707093,/ground_truth.poses[1].position.y,1.1059144465318849
1.2724627816547793,1766740177.832993840,/ground_truth.poses[1].position.y,1.1059144465318849
1.2724627816547793,1766740177.852578186,/ground_truth.poses[1].position.y,1.1059144465318849
1.2724627816547793,1766740177.872866175,/ground_truth.poses[1].position.y,1.1059144465318849
1.2724627816547793,1766740177.893627889,/ground_truth.poses[1].position.y,1.1059144465318849
1.2724627774332933,1766740177.913010859,/ground_truth.poses[1].position.y,1.1059144532455043
1.2724627774826693,1766740177.933277488,/ground_truth.poses[1].position.y,1.1059144532755267
1.2724627774720776,1766740177.953007255,/ground_truth.poses[1].position.y,1.1059144532673066
1.2724627775027233,1766740177.973391715,/ground_truth.poses[1].position.y,1.105914453285528
1.2724627775617232,1766740177.993596258,/ground_truth.poses[1].position.y,1.1059144533227356
1.2724627775657669,1766740178.013396126,/ground_truth.poses[1].position.y,1.1059144533239318
1.2724627775803878,1766740178.033620887,/ground_truth.poses[1].position.y,1.1059144533321013
1.272462777575952,1766740178.053336759,/ground_truth.poses[1].position.y,1.1059144533272245
1.2724627775902086,1766740178.073455342,/ground_truth.poses[1].position.y,1.1059144533357923
1.272462777605789,1766740178.094040746,/ground_truth.poses[1].position.y,1.105914453345698
1.2724627776226454,1766740178.114791028,/ground_truth.poses[1].position.y,1.105914453357011
1.2724627776664943,1766740178.134480971,/ground_truth.poses[1].position.y,1.1059144533906056
1.272462777732927,1766740178.155277108,/ground_truth.poses[1].position.y,1.1059144534442131
1.272462777775055,1766740178.174749465,/ground_truth.poses[1].position.y,1.1059144534787597
1.2724627778422508,1766740178.194945723,/ground_truth.poses[1].position.y,1.1059144535372893
1.2724627778845423,1766740178.214792489,/ground_truth.poses[1].position.y,1.1059144535752914
1.272462777947671,1766740178.235162872,/ground_truth.poses[1].position.y,1.1059144536348129
1.27246277801108,1766740178.255605429,/ground_truth.poses[1].position.y,1.1059144536969456
1.2724627780733078,1766740178.274973391,/ground_truth.poses[1].position.y,1.1059144537603203
1.2724627781325604,1766740178.295397074,/ground_truth.poses[1].position.y,1.105914453823027
1.2724627781915552,1766740178.315341993,/ground_truth.poses[1].position.y,1.1059144538878687
1.2724627782493632,1766740178.335062573,/ground_truth.poses[1].position.y,1.1059144539538202
1.272462778305963,1766740178.355559362,/ground_truth.poses[1].position.y,1.1059144540208579
1.2724627783613354,1766740178.374875618,/ground_truth.poses[1].position.y,1.1059144540889578
1.2724627784154603,1766740178.395063289,/ground_truth.poses[1].position.y,1.1059144541580974
1.2724627784667621,1766740178.415085242,/ground_truth.poses[1].position.y,1.105914454226179
1.2724627785176426,1766740178.435002269,/ground_truth.poses[1].position.y,1.1059144542962889
1.2724627785672895,1766740178.455125000,/ground_truth.poses[1].position.y,1.1059144543673138
1.2724627785979352,1766740178.475314174,/ground_truth.poses[1].position.y,1.1059144544128816
1.272462778645686,1766740178.495292345,/ground_truth.poses[1].position.y,1.1059144544867574
1.2724627786920832,1766740178.515298398,/ground_truth.poses[1].position.y,1.1059144545615267
1.2724627787371106,1766740178.535191240,/ground_truth.poses[1].position.y,1.1059144546371633
1.2724627787807525,1766740178.555387969,/ground_truth.poses[1].position.y,1.1059144547136421
1.2724627788229945,1766740178.575511741,/ground_truth.poses[1].position.y,1.1059144547909365
1.272462778863821,1766740178.595668896,/ground_truth.poses[1].position.y,1.1059144548690196
1.272462778903217,1766740178.615503720,/ground_truth.poses[1].position.y,1.1059144549478646
1.2724627789411702,1766740178.635868252,/ground_truth.poses[1].position.y,1.1059144550274451
1.2724627789776666,1766740178.655454091,/ground_truth.poses[1].position.y,1.1059144551077333
1.272462779012693,1766740178.675700132,/ground_truth.poses[1].position.y,1.1059144551887023
1.2724627790462382,1766740178.696127030,/ground_truth.poses[1].position.y,1.1059144552703246
1.2724627790782896,1766740178.715709853,/ground_truth.poses[1].position.y,1.1059144553525715
1.2724627791088372,1766740178.735913785,/ground_truth.poses[1].position.y,1.105914455435415
1.2724627791378695,1766740178.755574113,/ground_truth.poses[1].position.y,1.1059144555188274
1.2724627791653766,1766740178.775835472,/ground_truth.poses[1].position.y,1.1059144556027805
1.2724627791913485,1766740178.796290263,/ground_truth.poses[1].position.y,1.1059144556872456
1.2724627792157763,1766740178.815851125,/ground_truth.poses[1].position.y,1.1059144557721934
1.2724627792386514,1766740178.836164011,/ground_truth.poses[1].position.y,1.1059144558575953
1.2724627792599663,1766740178.856249983,/ground_truth.poses[1].position.y,1.1059144559434229
1.2724627792797134,1766740178.876075920,/ground_truth.poses[1].position.y,1.1059144560296472
1.272462779297886,1766740178.896470317,/ground_truth.poses[1].position.y,1.105914456116238
1.2724627793144783,1766740178.916055385,/ground_truth.poses[1].position.y,1.1059144562031666
1.2724627793294834,1766740178.936447939,/ground_truth.poses[1].position.y,1.1059144562904042
1.2724627793428964,1766740178.956738583,/ground_truth.poses[1].position.y,1.1059144563779206
1.2724627793547127,1766740178.976475864,/ground_truth.poses[1].position.y,1.1059144564656869
1.2724627793649275,1766740178.996709031,/ground_truth.poses[1].position.y,1.1059144565536732
1.2724627793735381,1766740179.016604197,/ground_truth.poses[1].position.y,1.1059144566418495
1.2724627793805408,1766740179.036714355,/ground_truth.poses[1].position.y,1.1059144567301864
1.2724627793859336,1766740179.056603560,/ground_truth.poses[1].position.y,1.1059144568186545
1.2724627793897145,1766740179.076457599,/ground_truth.poses[1].position.y,1.1059144569072237
1.2724627793918817,1766740179.096662533,/ground_truth.poses[1].position.y,1.105914456995864
1.272462779392435,1766740179.116810781,/ground_truth.poses[1].position.y,1.1059144570845463
1.2724627793913723,1766740179.136608876,/ground_truth.poses[1].position.y,1.1059144571732407
1.2724627793886962,1766740179.156735404,/ground_truth.poses[1].position.y,1.105914457261917
1.2724627793844057,1766740179.177098463,/ground_truth.poses[1].position.y,1.1059144573505466
1.2724627793785028,1766740179.196970997,/ground_truth.poses[1].position.y,1.1059144574390989
1.2724627793709888,1766740179.216940943,/ground_truth.poses[1].position.y,1.1059144575275446
1.272462779361867,1766740179.236903405,/ground_truth.poses[1].position.y,1.105914457615854
1.27246277935114,1766740179.256792089,/ground_truth.poses[1].position.y,1.1059144577039977
1.272462779339154,1766740179.277106928,/ground_truth.poses[1].position.y,1.105914457789351
1.272462779325485,1766740179.296969443,/ground_truth.poses[1].position.y,1.1059144578758042
1.2724627793103085,1766740179.317007405,/ground_truth.poses[1].position.y,1.1059144579620177
1.2724627792936296,1766740179.337067499,/ground_truth.poses[1].position.y,1.1059144580479647
1.2724627792754541,1766740179.357071939,/ground_truth.poses[1].position.y,1.1059144581336193
1.2724627792624208,1766740179.377178269,/ground_truth.poses[1].position.y,1.1059144581879496
1.2724627792414878,1766740179.397169905,/ground_truth.poses[1].position.y,1.1059144582716351
1.2724627792264969,1766740179.417084418,/ground_truth.poses[1].position.y,1.1059144583254852
1.2724627792018683,1766740179.437553605,/ground_truth.poses[1].position.y,1.105914458410914
1.2724627791756913,1766740179.457432751,/ground_truth.poses[1].position.y,1.1059144584958926
1.272462779147973,1766740179.477356150,/ground_truth.poses[1].position.y,1.1059144585803953
1.272462779118724,1766740179.497890388,/ground_truth.poses[1].position.y,1.105914458664392
1.2724627790888368,1766740179.517379877,/ground_truth.poses[1].position.y,1.1059144587453875
1.2724627790570797,1766740179.537660503,/ground_truth.poses[1].position.y,1.1059144588270966
1.2724627790239034,1766740179.557383337,/ground_truth.poses[1].position.y,1.1059144589082497
1.2724627789893177,1766740179.577552465,/ground_truth.poses[1].position.y,1.1059144589888221
1.272462778953333,1766740179.598313106,/ground_truth.poses[1].position.y,1.105914459068789
1.2724627789159602,1766740179.617620755,/ground_truth.poses[1].position.y,1.105914459148127
1.2724627788772107,1766740179.638079403,/ground_truth.poses[1].position.y,1.1059144592268104
1.2724627788370968,1766740179.658339921,/ground_truth.poses[1].position.y,1.1059144593048162
1.2724627787956297,1766740179.678017271,/ground_truth.poses[1].position.y,1.1059144593821209
1.2724627787528227,1766740179.698321320,/ground_truth.poses[1].position.y,1.1059144594587005
1.2724627787086882,1766740179.718049053,/ground_truth.poses[1].position.y,1.105914459534532
1.2724627786632396,1766740179.737927748,/ground_truth.poses[1].position.y,1.1059144596095922
1.2724627786164915,1766740179.758150055,/ground_truth.poses[1].position.y,1.1059144596838593
1.2724627785684568,1766740179.778084525,/ground_truth.poses[1].position.y,1.1059144597573092
1.2724627785191505,1766740179.798395366,/ground_truth.poses[1].position.y,1.1059144598299202
1.2724627784685874,1766740179.818229158,/ground_truth.poses[1].position.y,1.1059144599016706
1.2724627784167828,1766740179.838368740,/ground_truth.poses[1].position.y,1.105914459972539
1.272462778363752,1766740179.858536795,/ground_truth.poses[1].position.y,1.1059144600425026
1.2724627783095117,1766740179.878383461,/ground_truth.poses[1].position.y,1.1059144601115412
1.272462778254078,1766740179.898516741,/ground_truth.poses[1].position.y,1.1059144601796338
1.2724627781974676,1766740179.918575412,/ground_truth.poses[1].position.y,1.1059144602467594
1.2724627781396973,1766740179.938468485,/ground_truth.poses[1].position.y,1.1059144603128976
1.272462778080785,1766740179.958500997,/ground_truth.poses[1].position.y,1.105914460378029
1.2724627780207478,1766740179.978828109,/ground_truth.poses[1].position.y,1.1059144604421338
1.2724627779596045,1766740179.998843810,/ground_truth.poses[1].position.y,1.1059144605051923
1.2724627778973738,1766740180.018865592,/ground_truth.poses[1].position.y,1.1059144605671856
1.2724627778340736,1766740180.038978595,/ground_truth.poses[1].position.y,1.105914460628095
1.272462777769723,1766740180.059278927,/ground_truth.poses[1].position.y,1.1059144606879023
1.2724627777043414,1766740180.079488129,/ground_truth.poses[1].position.y,1.105914460746589
1.2724627776379487,1766740180.099452274,/ground_truth.poses[1].position.y,1.1059144608041371
1.2724627775705655,1766740180.119965544,/ground_truth.poses[1].position.y,1.10591446086053
1.2724627775022115,1766740180.139708315,/ground_truth.poses[1].position.y,1.1059144609157507
1.2724627774329071,1766740180.159757589,/ground_truth.poses[1].position.y,1.1059144609697822
1.2724627773626729,1766740180.179881381,/ground_truth.poses[1].position.y,1.1059144610226084
1.2724627772915305,1766740180.199836940,/ground_truth.poses[1].position.y,1.105914461074213
1.2724627772195016,1766740180.219632731,/ground_truth.poses[1].position.y,1.1059144611245804
1.2724627771466073,1766740180.240010878,/ground_truth.poses[1].position.y,1.1059144611736953
1.27246277707287,1766740180.260248604,/ground_truth.poses[1].position.y,1.1059144612215435
1.2724627770005246,1766740180.279867434,/ground_truth.poses[1].position.y,1.105914461266692
1.2724627769263241,1766740180.300344125,/ground_truth.poses[1].position.y,1.1059144613113365
1.27246277687958,1766740180.319881644,/ground_truth.poses[1].position.y,1.105914461337973
1.2724627768046388,1766740180.340175324,/ground_truth.poses[1].position.y,1.1059144613796663
1.272462776755881,1766740180.360408811,/ground_truth.poses[1].position.y,1.105914461404993
1.2724627766776402,1766740180.380172522,/ground_truth.poses[1].position.y,1.105914461445105
1.2724627765987135,1766740180.400712010,/ground_truth.poses[1].position.y,1.105914461483859
1.2724627765220864,1766740180.420250822,/ground_truth.poses[1].position.y,1.105914461519819
1.2724627764430971,1766740180.440489589,/ground_truth.poses[1].position.y,1.1059144615553655
1.2724627763635274,1766740180.461073249,/ground_truth.poses[1].position.y,1.1059144615895993
1.2724627762833993,1766740180.480487869,/ground_truth.poses[1].position.y,1.1059144616225103
1.272462776202735,1766740180.500722749,/ground_truth.poses[1].position.y,1.1059144616540904
1.272462776121556,1766740180.520592788,/ground_truth.poses[1].position.y,1.1059144616843304
1.2724627760423537,1766740180.540584494,/ground_truth.poses[1].position.y,1.105914461712316
1.2724627759614782,1766740180.561186018,/ground_truth.poses[1].position.y,1.1059144617394894
1.2724627758801816,1766740180.580631506,/ground_truth.poses[1].position.y,1.105914461765379
1.2724627758009939,1766740180.600934232,/ground_truth.poses[1].position.y,1.1059144617891918
1.2724627757201947,1766740180.620999826,/ground_truth.poses[1].position.y,1.1059144618121934
1.272462775639057,1766740180.640796879,/ground_truth.poses[1].position.y,1.1059144618339714
1.2724627755575997,1766740180.661354051,/ground_truth.poses[1].position.y,1.1059144618545216
1.272462775475841,1766740180.681216385,/ground_truth.poses[1].position.y,1.1059144618738392
1.2724627753938,1766740180.701106282,/ground_truth.poses[1].position.y,1.1059144618919192
1.2724627753114954,1766740180.721344408,/ground_truth.poses[1].position.y,1.105914461908758
1.2724627752321682,1766740180.741148785,/ground_truth.poses[1].position.y,1.1059144619237185
1.2724627751843467,1766740180.761394875,/ground_truth.poses[1].position.y,1.1059144619313763
1.2724627751349804,1766740180.781553022,/ground_truth.poses[1].position.y,1.1059144619388415
1.2724627750513653,1766740180.801487402,/ground_truth.poses[1].position.y,1.1059144619508945
1.272462774971298,1766740180.821435266,/ground_truth.poses[1].position.y,1.105914461961168
1.2724627749216517,1766740180.841554801,/ground_truth.poses[1].position.y,1.1059144619664494
1.2724627748375876,1766740180.861938849,/ground_truth.poses[1].position.y,1.1059144619748011
1.2724627747564938,1766740180.881737725,/ground_truth.poses[1].position.y,1.1059144619815817
1.2724627747066632,1766740180.901641778,/ground_truth.poses[1].position.y,1.1059144619846502
1.2724627746223116,1766740180.921621392,/ground_truth.poses[1].position.y,1.1059144619892536
1.2724627745383703,1766740180.941901616,/ground_truth.poses[1].position.y,1.105914461992551
1.2724627744543888,1766740180.961890297,/ground_truth.poses[1].position.y,1.10591446199458
1.2724627743703865,1766740180.981972242,/ground_truth.poses[1].position.y,1.10591446199534
1.272462774286382,1766740181.002035802,/ground_truth.poses[1].position.y,1.1059144619948313
1.2724627742056782,1766740181.021944463,/ground_truth.poses[1].position.y,1.1059144619930994
1.2724627741557994,1766740181.042109393,/ground_truth.poses[1].position.y,1.1059144619909513
1.2724627740714285,1766740181.062750280,/ground_truth.poses[1].position.y,1.1059144619867247
1.2724627739908805,1766740181.082164249,/ground_truth.poses[1].position.y,1.1059144619814327
1.2724627739084444,1766740181.102305243,/ground_truth.poses[1].position.y,1.1059144619748782
1.2724627738261123,1766740181.122169902,/ground_truth.poses[1].position.y,1.1059144619671384
1.2724627737754288,1766740181.142370809,/ground_truth.poses[1].position.y,1.1059144619609964
1.2724627736920653,1766740181.162763994,/ground_truth.poses[1].position.y,1.1059144619506502
1.2724627736088676,1766740181.182399456,/ground_truth.poses[1].position.y,1.1059144619390457
1.2724627735258547,1766740181.202783865,/ground_truth.poses[1].position.y,1.1059144619261856
1.2724627734430454,1766740181.222416541,/ground_truth.poses[1].position.y,1.1059144619120727
1.2724627733604585,1766740181.243580585,/ground_truth.poses[1].position.y,1.10591446189671
1.2724627732813358,1766740181.264150150,/ground_truth.poses[1].position.y,1.105914461880727
1.272462773232626,1766740181.283668443,/ground_truth.poses[1].position.y,1.105914461869792
1.2724627731503364,1766740181.303528092,/ground_truth.poses[1].position.y,1.1059144618507055
1.2724627730688056,1766740181.323895009,/ground_truth.poses[1].position.y,1.1059144618304793
1.272462772987589,1766740181.343566387,/ground_truth.poses[1].position.y,1.1059144618090235
1.272462772906706,1766740181.364337177,/ground_truth.poses[1].position.y,1.1059144617863428
1.2724627728261753,1766740181.383903420,/ground_truth.poses[1].position.y,1.1059144617624421
1.2724627727460147,1766740181.403684723,/ground_truth.poses[1].position.y,1.105914461737327
1.2724627726662427,1766740181.424068812,/ground_truth.poses[1].position.y,1.1059144617110035
1.2724627725868773,1766740181.443892735,/ground_truth.poses[1].position.y,1.1059144616834773
1.272462772507937,1766740181.464184852,/ground_truth.poses[1].position.y,1.1059144616547552
1.2724627724294393,1766740181.484397260,/ground_truth.poses[1].position.y,1.1059144616248433
1.2724627723514021,1766740181.503913368,/ground_truth.poses[1].position.y,1.1059144615937486
1.2724627722738435,1766740181.523966880,/ground_truth.poses[1].position.y,1.1059144615614782
1.272462772196781,1766740181.543968134,/ground_truth.poses[1].position.y,1.1059144615280394
1.272462772120233,1766740181.564188377,/ground_truth.poses[1].position.y,1.1059144614934395
1.272462772044217,1766740181.584186906,/ground_truth.poses[1].position.y,1.1059144614576866
1.2724627719687498,1766740181.603795106,/ground_truth.poses[1].position.y,1.105914461420789
1.2724627718938486,1766740181.624041047,/ground_truth.poses[1].position.y,1.1059144613827554
1.2724627718195307,1766740181.644370844,/ground_truth.poses[1].position.y,1.1059144613435943
1.2724627717458126,1766740181.664392126,/ground_truth.poses[1].position.y,1.1059144613033147
1.2724627716727115,1766740181.684377510,/ground_truth.poses[1].position.y,1.1059144612619258
1.2724627716002437,1766740181.704727044,/ground_truth.poses[1].position.y,1.105914461219437
1.2724627715284258,1766740181.724301622,/ground_truth.poses[1].position.y,1.1059144611758576
1.2724627714572745,1766740181.744502378,/ground_truth.poses[1].position.y,1.1059144611311982
1.272462771386806,1766740181.764621933,/ground_truth.poses[1].position.y,1.1059144610854688
1.2724627713170364,1766740181.784482535,/ground_truth.poses[1].position.y,1.1059144610386797
1.2724627712479821,1766740181.804979935,/ground_truth.poses[1].position.y,1.1059144609908416
1.2724627711796594,1766740181.824495402,/ground_truth.poses[1].position.y,1.1059144609419649
1.272462771112083,1766740181.844770718,/ground_truth.poses[1].position.y,1.1059144608920612
1.272462771045268,1766740181.865676540,/ground_truth.poses[1].position.y,1.1059144608411422
1.27246277097923,1766740181.884930800,/ground_truth.poses[1].position.y,1.1059144607892193
1.272462770913984,1766740181.905067206,/ground_truth.poses[1].position.y,1.1059144607363043
1.272462770849545,1766740181.924773359,/ground_truth.poses[1].position.y,1.1059144606824096
1.2724627707859277,1766740181.944861726,/ground_truth.poses[1].position.y,1.1059144606275473
1.2724627707231462,1766740181.965498316,/ground_truth.poses[1].position.y,1.1059144605717297
1.272462770663652,1766740181.984899731,/ground_truth.poses[1].position.y,1.105914460517171
1.2724627706275904,1766740182.005477731,/ground_truth.poses[1].position.y,1.105914460482645
1.2724627705669882,1766740182.025252582,/ground_truth.poses[1].position.y,1.1059144604237918
1.2724627705095024,1766740182.045066727,/ground_truth.poses[1].position.y,1.1059144603661952
1.2724627704744047,1766740182.065848939,/ground_truth.poses[1].position.y,1.105914460329116
1.2724627704168368,1766740182.085379705,/ground_truth.poses[1].position.y,1.1059144602679378
1.2724627703601996,1766740182.105558530,/ground_truth.poses[1].position.y,1.1059144602058968
1.2724627703045064,1766740182.125662085,/ground_truth.poses[1].position.y,1.105914460143007
1.2724627702497697,1766740182.145362257,/ground_truth.poses[1].position.y,1.1059144600792832
1.2724627701981222,1766740182.165701171,/ground_truth.poses[1].position.y,1.1059144600172468
1.2724627701670108,1766740182.185568926,/ground_truth.poses[1].position.y,1.1059144599782023
1.27246277011484,1766740182.205527541,/ground_truth.poses[1].position.y,1.1059144599117612
1.2724627700659816,1766740182.225660691,/ground_truth.poses[1].position.y,1.1059144598475061
1.2724627700366238,1766740182.245502357,/ground_truth.poses[1].position.y,1.1059144598071278
1.2724627699874365,1766740182.265899250,/ground_truth.poses[1].position.y,1.10591445973845
1.272462769939572,1766740182.286050233,/ground_truth.poses[1].position.y,1.105914459669417
1.2724627698927564,1766740182.306178494,/ground_truth.poses[1].position.y,1.1059144595996688
1.2724627698470006,1766740182.325911939,/ground_truth.poses[1].position.y,1.105914459529221
1.2724627698023145,1766740182.345958016,/ground_truth.poses[1].position.y,1.1059144594580892
1.2724627697587083,1766740182.366057944,/ground_truth.poses[1].position.y,1.1059144593862902
1.2724627697161919,1766740182.386046134,/ground_truth.poses[1].position.y,1.1059144593138401
1.2724627696929178,1766740182.405958362,/ground_truth.poses[1].position.y,1.1059144592719186
1.2724627696536275,1766740182.426030328,/ground_truth.poses[1].position.y,1.1059144592001204
1.2724627696303183,1766740182.446321573,/ground_truth.poses[1].position.y,1.1059144591546974
1.2724627695921895,1766740182.466362732,/ground_truth.poses[1].position.y,1.105914459079846
1.2724627695551962,1766740182.486438886,/ground_truth.poses[1].position.y,1.1059144590044268
1.2724627695193467,1766740182.506589228,/ground_truth.poses[1].position.y,1.1059144589284566
1.2724627694846493,1766740182.526251289,/ground_truth.poses[1].position.y,1.1059144588519536
1.272462769451112,1766740182.546519171,/ground_truth.poses[1].position.y,1.105914458774935
1.2724627694197812,1766740182.566446156,/ground_truth.poses[1].position.y,1.1059144586998335
1.2724627693890185,1766740182.586496532,/ground_truth.poses[1].position.y,1.105914458623073
1.2724627693713009,1766740182.606840305,/ground_truth.poses[1].position.y,1.1059144585751917
1.2724627693423853,1766740182.626672434,/ground_truth.poses[1].position.y,1.1059144584963225
1.272462769314665,1766740182.646803169,/ground_truth.poses[1].position.y,1.105914458417025
1.2724627692881463,1766740182.667032449,/ground_truth.poses[1].position.y,1.1059144583373173
1.2724627692628347,1766740182.686712303,/ground_truth.poses[1].position.y,1.105914458257218
1.2724627692387365,1766740182.707025930,/ground_truth.poses[1].position.y,1.1059144581767453
1.2724627692167743,1766740182.726735981,/ground_truth.poses[1].position.y,1.1059144580990696
1.2724627691953712,1766740182.746969037,/ground_truth.poses[1].position.y,1.1059144580191924
1.272462769175119,1766740182.767210139,/ground_truth.poses[1].position.y,1.1059144579390163
1.2724627691639432,1766740182.787030736,/ground_truth.poses[1].position.y,1.1059144578892017
1.272462769145803,1766740182.807450962,/ground_truth.poses[1].position.y,1.1059144578071818
1.2724627691289045,1766740182.827323085,/ground_truth.poses[1].position.y,1.105914457724897
1.2724627691132513,1766740182.847216628,/ground_truth.poses[1].position.y,1.105914457642366
1.2724627690988473,1766740182.867316526,/ground_truth.poses[1].position.y,1.1059144575596085
1.272462769085696,1766740182.887166769,/ground_truth.poses[1].position.y,1.1059144574766424
1.2724627690738004,1766740182.907236100,/ground_truth.poses[1].position.y,1.1059144573934865
1.2724627690631627,1766740182.927365493,/ground_truth.poses[1].position.y,1.1059144573101605
1.272462769053785,1766740182.947237425,/ground_truth.poses[1].position.y,1.105914457226683
1.2724627690456702,1766740182.967583743,/ground_truth.poses[1].position.y,1.105914457143073
1.2724627690388202,1766740182.987648255,/ground_truth.poses[1].position.y,1.1059144570593495
1.2724627690332362,1766740183.007569090,/ground_truth.poses[1].position.y,1.1059144569755317
1.2724627690289192,1766740183.027709173,/ground_truth.poses[1].position.y,1.1059144568916393
1.2724627690258705,1766740183.047899600,/ground_truth.poses[1].position.y,1.105914456807691
1.2724627690240908,1766740183.067849518,/ground_truth.poses[1].position.y,1.105914456723706
1.2724627690235808,1766740183.088053801,/ground_truth.poses[1].position.y,1.1059144566397032
1.2724627690243406,1766740183.108108906,/ground_truth.poses[1].position.y,1.1059144565557024
1.2724627690263701,1766740183.128838870,/ground_truth.poses[1].position.y,1.1059144564717227
1.2724627690296682,1766740183.148347324,/ground_truth.poses[1].position.y,1.1059144563877832
1.2724627690342343,1766740183.168444337,/ground_truth.poses[1].position.y,1.1059144563039034
1.272462769040068,1766740183.188494823,/ground_truth.poses[1].position.y,1.105914456220102
1.272462769047168,1766740183.208857531,/ground_truth.poses[1].position.y,1.1059144561363983
1.2724627690555321,1766740183.228483164,/ground_truth.poses[1].position.y,1.1059144560528114
1.2724627690651586,1766740183.248787654,/ground_truth.poses[1].position.y,1.1059144559693599
1.272462769076045,1766740183.268695654,/ground_truth.poses[1].position.y,1.1059144558860636
1.272462769088189,1766740183.288622400,/ground_truth.poses[1].position.y,1.1059144558029417
1.2724627691015875,1766740183.308872899,/ground_truth.poses[1].position.y,1.1059144557200122
1.272462769116238,1766740183.328534649,/ground_truth.poses[1].position.y,1.1059144556372946
1.2724627691321369,1766740183.348810175,/ground_truth.poses[1].position.y,1.1059144555548073
1.2724627691492805,1766740183.369203731,/ground_truth.poses[1].position.y,1.1059144554725693
1.2724627691676653,1766740183.388968975,/ground_truth.poses[1].position.y,1.1059144553905995
1.2724627691792727,1766740183.409257094,/ground_truth.poses[1].position.y,1.1059144553440754
1.272462769200194,1766740183.428868851,/ground_truth.poses[1].position.y,1.1059144552622304
1.2724627692122081,1766740183.449048328,/ground_truth.poses[1].position.y,1.105914455219188
1.2724627692198378,1766740183.469608225,/ground_truth.poses[1].position.y,1.1059144551912357
1.2724627692198378,1766740183.489269564,/ground_truth.poses[1].position.y,1.1059144551912357
1.2724627692198378,1766740183.509498012,/ground_truth.poses[1].position.y,1.1059144551912357
1.2724627692198378,1766740183.529393158,/ground_truth.poses[1].position.y,1.1059144551912357
1.2724627692198378,1766740183.549280019,/ground_truth.poses[1].position.y,1.1059144551912357
1.2724627692198378,1766740183.569800482,/ground_truth.poses[1].position.y,1.1059144551912357
1.2724627692198378,1766740183.589332501,/ground_truth.poses[1].position.y,1.1059144551912357
1.2724627692198378,1766740183.609532305,/ground_truth.poses[1].position.y,1.1059144551912357
1.2724627692198378,1766740183.629608118,/ground_truth.poses[1].position.y,1.1059144551912357
1.2724627692198378,1766740183.649433374,/ground_truth.poses[1].position.y,1.1059144551912357
1.2724627692198378,1766740183.669732424,/ground_truth.poses[1].position.y,1.1059144551912357
1.2724627692198378,1766740183.689702550,/ground_truth.poses[1].position.y,1.1059144551912357
1.2724627692198378,1766740183.709785085,/ground_truth.poses[1].position.y,1.1059144551912357
1.2724627692198378,1766740183.729721178,/ground_truth.poses[1].position.y,1.1059144551912357
1.2724627692198378,1766740183.749619480,/ground_truth.poses[1].position.y,1.1059144551912357
1.2724627692198378,1766740183.769882282,/ground_truth.poses[1].position.y,1.1059144551912357
1.2724627692198378,1766740183.790090422,/ground_truth.poses[1].position.y,1.1059144551912357
1.2724627692198378,1766740183.809933361,/ground_truth.poses[1].position.y,1.1059144551912357
1.2724627692198378,1766740183.829845589,/ground_truth.poses[1].position.y,1.1059144551912357
1.2724627692198378,1766740183.850027179,/ground_truth.poses[1].position.y,1.1059144551912357
1.2724627692198378,1766740183.870262821,/ground_truth.poses[1].position.y,1.1059144551912357
1.2724627692198378,1766740183.890267571,/ground_truth.poses[1].position.y,1.1059144551912357
1.2724627692198378,1766740183.910360196,/ground_truth.poses[1].position.y,1.1059144551912357
1.2724627692198378,1766740183.930171305,/ground_truth.poses[1].position.y,1.1059144551912357
1.2724627692198378,1766740183.950358056,/ground_truth.poses[1].position.y,1.1059144551912357
1.2724627692198378,1766740183.970371072,/ground_truth.poses[1].position.y,1.1059144551912357
1.2724627692198378,1766740183.990296213,/ground_truth.poses[1].position.y,1.1059144551912357
1.2724627692198378,1766740184.010685732,/ground_truth.poses[1].position.y,1.1059144551912357
1.2724627692198378,1766740184.030335601,/ground_truth.poses[1].position.y,1.1059144551912357
1.2724627692198378,1766740184.050611187,/ground_truth.poses[1].position.y,1.1059144551912357
1.2724627692198378,1766740184.070707408,/ground_truth.poses[1].position.y,1.1059144551912357
1.2724627692198378,1766740184.090526572,/ground_truth.poses[1].position.y,1.1059144551912357
1.2724627692198378,1766740184.110837835,/ground_truth.poses[1].position.y,1.1059144551912357
1.2724627692198378,1766740184.130436357,/ground_truth.poses[1].position.y,1.1059144551912357
1.2724627692198378,1766740184.150542026,/ground_truth.poses[1].position.y,1.1059144551912357
1.2724627692198378,1766740184.170859761,/ground_truth.poses[1].position.y,1.1059144551912357
1.2724627692250494,1766740184.190589098,/ground_truth.poses[1].position.y,1.1059144552111237
1.2724627692190869,1766740184.210856248,/ground_truth.poses[1].position.y,1.1059144552336055
1.2724627692157882,1766740184.230682826,/ground_truth.poses[1].position.y,1.1059144552462263
1.2724627692185015,1766740184.250832046,/ground_truth.poses[1].position.y,1.1059144552334865
1.2724627692145836,1766740184.271429723,/ground_truth.poses[1].position.y,1.1059144552504732
1.2724627692042345,1766740184.291064714,/ground_truth.poses[1].position.y,1.1059144553020135
1.272462769188702,1766740184.311356801,/ground_truth.poses[1].position.y,1.1059144553862423
1.272462769174536,1766740184.331509327,/ground_truth.poses[1].position.y,1.1059144554707057
1.27246276916174,1766740184.351192057,/ground_truth.poses[1].position.y,1.1059144555553815
1.2724627691588635,1766740184.372718316,/ground_truth.poses[1].position.y,1.105914455575693
1.2724627691496104,1766740184.392375368,/ground_truth.poses[1].position.y,1.1059144556546534
1.2724627691408665,1766740184.412351756,/ground_truth.poses[1].position.y,1.1059144557424418
1.2724627691336716,1766740184.432474397,/ground_truth.poses[1].position.y,1.1059144558303686
1.272462769128028,1766740184.452380172,/ground_truth.poses[1].position.y,1.1059144559184066
1.2724627691239363,1766740184.473271437,/ground_truth.poses[1].position.y,1.1059144560065282
1.2724627691213972,1766740184.492791283,/ground_truth.poses[1].position.y,1.1059144560947056
1.272462769120411,1766740184.512718709,/ground_truth.poses[1].position.y,1.1059144561829126
1.2724627691209767,1766740184.532503129,/ground_truth.poses[1].position.y,1.1059144562711212
1.2724627691230936,1766740184.552798151,/ground_truth.poses[1].position.y,1.1059144563593042
1.2724627691266535,1766740184.573021600,/ground_truth.poses[1].position.y,1.1059144564441596
1.2724627691317272,1766740184.592973552,/ground_truth.poses[1].position.y,1.10591445653091
1.2724627691382597,1766740184.612892312,/ground_truth.poses[1].position.y,1.1059144566175596
1.2724627691459762,1766740184.632352346,/ground_truth.poses[1].position.y,1.1059144567008186
1.2724627691549473,1766740184.652891214,/ground_truth.poses[1].position.y,1.105914456783292
1.2724627691653545,1766740184.672996872,/ground_truth.poses[1].position.y,1.1059144568669252
1.2724627691681232,1766740184.692891317,/ground_truth.poses[1].position.y,1.1059144568824602
1.272462769172057,1766740184.713141636,/ground_truth.poses[1].position.y,1.1059144569109431
1.272462769172057,1766740184.732710153,/ground_truth.poses[1].position.y,1.1059144569109431
1.272462769172057,1766740184.753084483,/ground_truth.poses[1].position.y,1.1059144569109431
1.272462769172057,1766740184.773115713,/ground_truth.poses[1].position.y,1.1059144569109431
1.272462769172057,1766740184.792974261,/ground_truth.poses[1].position.y,1.1059144569109431
1.272462769172057,1766740184.813325298,/ground_truth.poses[1].position.y,1.1059144569109431
1.272462769172057,1766740184.832939760,/ground_truth.poses[1].position.y,1.1059144569109431
1.272462769172057,1766740184.853201831,/ground_truth.poses[1].position.y,1.1059144569109431
1.272462769172057,1766740184.873566262,/ground_truth.poses[1].position.y,1.1059144569109431
1.272462769172057,1766740184.893308613,/ground_truth.poses[1].position.y,1.1059144569109431
1.272462769172057,1766740184.913520741,/ground_truth.poses[1].position.y,1.1059144569109431
1.272462769172057,1766740184.933021190,/ground_truth.poses[1].position.y,1.1059144569109431
1.272462769172057,1766740184.953354354,/ground_truth.poses[1].position.y,1.1059144569109431
1.272462769172057,1766740184.973660597,/ground_truth.poses[1].position.y,1.1059144569109431
1.272462769172057,1766740184.993459864,/ground_truth.poses[1].position.y,1.1059144569109431
1.272462769172057,1766740185.013770376,/ground_truth.poses[1].position.y,1.1059144569109431
1.272462769172057,1766740185.033400036,/ground_truth.poses[1].position.y,1.1059144569109431
1.272462769172057,1766740185.053585123,/ground_truth.poses[1].position.y,1.1059144569109431
1.272462769172057,1766740185.074209079,/ground_truth.poses[1].position.y,1.1059144569109431
1.272462769172057,1766740185.094018956,/ground_truth.poses[1].position.y,1.1059144569109431
1.272462769172057,1766740185.113986558,/ground_truth.poses[1].position.y,1.1059144569109431
1.272462769172057,1766740185.133968105,/ground_truth.poses[1].position.y,1.1059144569109431
1.272462769172057,1766740185.153838224,/ground_truth.poses[1].position.y,1.1059144569109431
1.272462769172057,1766740185.174094354,/ground_truth.poses[1].position.y,1.1059144569109431
1.272462769172057,1766740185.194239276,/ground_truth.poses[1].position.y,1.1059144569109431
1.272462769172057,1766740185.214183173,/ground_truth.poses[1].position.y,1.1059144569109431
1.272462769172057,1766740185.234012867,/ground_truth.poses[1].position.y,1.1059144569109431
1.272462769172057,1766740185.254173849,/ground_truth.poses[1].position.y,1.1059144569109431
1.272462769172057,1766740185.274402818,/ground_truth.poses[1].position.y,1.1059144569109431
1.272462769172057,1766740185.294616148,/ground_truth.poses[1].position.y,1.1059144569109431
1.272462769172057,1766740185.314269363,/ground_truth.poses[1].position.y,1.1059144569109431
1.2724627691783912,1766740185.334344284,/ground_truth.poses[1].position.y,1.1059144569074022
1.272462769177822,1766740185.354316835,/ground_truth.poses[1].position.y,1.1059144569022143
1.272462769179993,1766740185.374743613,/ground_truth.poses[1].position.y,1.1059144569187178
1.272462769175819,1766740185.394587002,/ground_truth.poses[1].position.y,1.1059144568831571
1.272462769171733,1766740185.414531851,/ground_truth.poses[1].position.y,1.105914456846258
1.2724627691646209,1766740185.434452004,/ground_truth.poses[1].position.y,1.1059144567791785
1.2724627691578294,1766740185.454850439,/ground_truth.poses[1].position.y,1.1059144567107062
1.2724627691514914,1766740185.474856563,/ground_truth.poses[1].position.y,1.1059144566421963
1.2724627691484285,1766740185.494883585,/ground_truth.poses[1].position.y,1.1059144566052226
1.2724627691469956,1766740185.515183386,/ground_truth.poses[1].position.y,1.1059144565876642
1.272462769146352,1766740185.534919886,/ground_truth.poses[1].position.y,1.1059144565772405
1.272462769147039,1766740185.555070619,/ground_truth.poses[1].position.y,1.1059144565868841
1.2724627691460588,1766740185.575150209,/ground_truth.poses[1].position.y,1.1059144565623809
1.272462769143687,1766740185.595156753,/ground_truth.poses[1].position.y,1.105914456478364
1.272462769143081,1766740185.615458498,/ground_truth.poses[1].position.y,1.1059144564205108
1.2724627691429398,1766740185.635094981,/ground_truth.poses[1].position.y,1.1059144563492322
1.2724627691433328,1766740185.655498556,/ground_truth.poses[1].position.y,1.1059144563096397
1.272462769143606,1766740185.676041491,/ground_truth.poses[1].position.y,1.1059144563021883
1.2724627691444763,1766740185.695466360,/ground_truth.poses[1].position.y,1.1059144562685852
1.2724627691470813,1766740185.715799683,/ground_truth.poses[1].position.y,1.1059144561950784
1.2724627691504902,1766740185.735639857,/ground_truth.poses[1].position.y,1.105914456120099
1.2724627691546648,1766740185.755589535,/ground_truth.poses[1].position.y,1.105914456045163
1.2724627691563377,1766740185.776301465,/ground_truth.poses[1].position.y,1.1059144560190717
1.272462769157882,1766740185.795686279,/ground_truth.poses[1].position.y,1.1059144560018999
1.2724627691630108,1766740185.815965912,/ground_truth.poses[1].position.y,1.1059144559501217
1.2724627691724073,1766740185.836115463,/ground_truth.poses[1].position.y,1.1059144558653413
1.2724627691831654,1766740185.855907106,/ground_truth.poses[1].position.y,1.1059144557807215
1.2724627691943984,1766740185.876221254,/ground_truth.poses[1].position.y,1.1059144557027558
1.2724627692073238,1766740185.896467075,/ground_truth.poses[1].position.y,1.1059144556210525
1.27246276922144,1766740185.916210417,/ground_truth.poses[1].position.y,1.1059144555395477
1.2724627692367434,1766740185.936363875,/ground_truth.poses[1].position.y,1.105914455458259
1.2724627692532309,1766740185.956157402,/ground_truth.poses[1].position.y,1.1059144553772031
1.2724627692708983,1766740185.976443217,/ground_truth.poses[1].position.y,1.105914455296397
1.2724627692897414,1766740185.996328595,/ground_truth.poses[1].position.y,1.1059144552158582
1.2724627693072834,1766740186.016239310,/ground_truth.poses[1].position.y,1.1059144551457936
1.2724627693269888,1766740186.036363293,/ground_truth.poses[1].position.y,1.1059144550707711
1.2724627693424622,1766740186.056927187,/ground_truth.poses[1].position.y,1.1059144550148587
1.272462769351878,1766740186.076734810,/ground_truth.poses[1].position.y,1.105914454981191
1.272462769351878,1766740186.096863181,/ground_truth.poses[1].position.y,1.105914454981191
1.272462769351878,1766740186.117202797,/ground_truth.poses[1].position.y,1.105914454981191
1.272462769351878,1766740186.137276666,/ground_truth.poses[1].position.y,1.105914454981191
1.272462769351878,1766740186.157287048,/ground_truth.poses[1].position.y,1.105914454981191
1.272462769351878,1766740186.177316624,/ground_truth.poses[1].position.y,1.105914454981191
1.272462769351878,1766740186.197349858,/ground_truth.poses[1].position.y,1.105914454981191
1.272462769351878,1766740186.217328420,/ground_truth.poses[1].position.y,1.105914454981191
1.272462769351878,1766740186.237226291,/ground_truth.poses[1].position.y,1.105914454981191
1.272462769351878,1766740186.257415155,/ground_truth.poses[1].position.y,1.105914454981191
1.272462769351878,1766740186.277549187,/ground_truth.poses[1].position.y,1.105914454981191
1.272462769351878,1766740186.297364494,/ground_truth.poses[1].position.y,1.105914454981191
1.272462769351878,1766740186.317685265,/ground_truth.poses[1].position.y,1.105914454981191
1.272462769351878,1766740186.337563689,/ground_truth.poses[1].position.y,1.105914454981191
1.272462769351878,1766740186.357544566,/ground_truth.poses[1].position.y,1.105914454981191
1.2704609386807453,1766740186.378216972,/ground_truth.poses[1].position.y,1.105357332061845
1.267325136336255,1766740186.397584083,/ground_truth.poses[1].position.y,1.1044846171732159
1.2616029841792042,1766740186.417914711,/ground_truth.poses[1].position.y,1.1028921035559192
1.2558808119402787,1766740186.437632817,/ground_truth.poses[1].position.y,1.1012995840985236
1.2501586397012174,1766740186.457801113,/ground_truth.poses[1].position.y,1.0997070646410847
1.2444364674620123,1766740186.478271603,/ground_truth.poses[1].position.y,1.0981145451836032
1.2387142952226742,1766740186.497862501,/ground_truth.poses[1].position.y,1.0965220257260848
1.232992122983201,1766740186.518209220,/ground_truth.poses[1].position.y,1.094929506268526
1.2272699507435987,1766740186.538449951,/ground_truth.poses[1].position.y,1.093336986810923
1.221547778503867,1766740186.558067940,/ground_truth.poses[1].position.y,1.0917444673532843
1.2158256062640165,1766740186.578498605,/ground_truth.poses[1].position.y,1.0901519478956072
1.2101034340240424,1766740186.598104221,/ground_truth.poses[1].position.y,1.0885594284378988
1.2043812617839458,1766740186.618221642,/ground_truth.poses[1].position.y,1.0869669089801537
1.1986590895437281,1766740186.638611922,/ground_truth.poses[1].position.y,1.0853743895223753
1.1929369173033968,1766740186.658247574,/ground_truth.poses[1].position.y,1.0837818700645547
1.1874306302559245,1766740186.678643234,/ground_truth.poses[1].position.y,1.0822494329244021
1.1821402378132428,1766740186.698515307,/ground_truth.poses[1].position.y,1.0807770807213222
1.1766339601775968,1766740186.718481245,/ground_truth.poses[1].position.y,1.0792446462005432
1.1709117879369517,1766740186.738806975,/ground_truth.poses[1].position.y,1.0776521267426267
1.1651896156960992,1766740186.758526162,/ground_truth.poses[1].position.y,1.0760596072846529
1.1596833286481143,1766740186.778790858,/ground_truth.poses[1].position.y,1.0745271701443497
1.1543929362049299,1766740186.798954105,/ground_truth.poses[1].position.y,1.0730548179411246
1.1491025437617621,1766740186.818765204,/ground_truth.poses[1].position.y,1.071582465737897
1.1438121513185102,1766740186.838814628,/ground_truth.poses[1].position.y,1.070110113534644
1.1385217588751684,1766740186.859092839,/ground_truth.poses[1].position.y,1.0686377613313691
1.1332313664317493,1766740186.878975762,/ground_truth.poses[1].position.y,1.0671654091280685
1.1279409739882533,1766740186.899081301,/ground_truth.poses[1].position.y,1.065693056924742
1.1226505815446755,1766740186.919119734,/ground_truth.poses[1].position.y,1.0642207047213885
1.1173601891010136,1766740186.939229521,/ground_truth.poses[1].position.y,1.0627483525180175
1.1120697966572832,1766740186.959386556,/ground_truth.poses[1].position.y,1.061276000314623
1.1067794042134769,1766740186.979211300,/ground_truth.poses[1].position.y,1.059803648111206
1.1014890117695963,1766740186.999231249,/ground_truth.poses[1].position.y,1.0583312959077693
1.0961986193256443,1766740187.019473623,/ground_truth.poses[1].position.y,1.056858943704303
1.0909082268816195,1766740187.039574874,/ground_truth.poses[1].position.y,1.0553865915008198
1.085833724623522,1766740187.059511387,/ground_truth.poses[1].position.y,1.053974323004608
1.0805433321794742,1766740187.080352429,/ground_truth.poses[1].position.y,1.0525019708011158
1.074821164643408,1766740187.099551255,/ground_truth.poses[1].position.y,1.0509094526524836
1.069314877594113,1766740187.119869551,/ground_truth.poses[1].position.y,1.0493770155117914
1.0640244851496419,1766740187.139689707,/ground_truth.poses[1].position.y,1.0479046633081746
1.0587340927052156,1766740187.159648121,/ground_truth.poses[1].position.y,1.0464323111045684
1.0534437002607249,1766740187.180190726,/ground_truth.poses[1].position.y,1.0449599589009482
1.0481533078161807,1766740187.199739916,/ground_truth.poses[1].position.y,1.0434876066973067
1.0428629153715747,1766740187.219959778,/ground_truth.poses[1].position.y,1.0420152544936492
1.0377884084069846,1766740187.239942668,/ground_truth.poses[1].position.y,1.040602984687583
1.0329297963343655,1766740187.259897375,/ground_truth.poses[1].position.y,1.0392507998985099
1.0280711842618029,1766740187.280416416,/ground_truth.poses[1].position.y,1.0378986151094558
1.023212572189198,1766740187.299983800,/ground_truth.poses[1].position.y,1.0365464303203888
1.0183539601165512,1766740187.320288019,/ground_truth.poses[1].position.y,1.0351942455313021
1.0139271234228222,1766740187.340555470,/ground_truth.poses[1].position.y,1.0339622267671942
1.0092844060986634,1766740187.360219465,/ground_truth.poses[1].position.y,1.032670126955172
1.00442579402601,1766740187.380467740,/ground_truth.poses[1].position.y,1.0313179421660843
0.9995671819532108,1766740187.400610218,/ground_truth.poses[1].position.y,1.0299657573769552
0.9947085698803778,1766740187.420461292,/ground_truth.poses[1].position.y,1.0286135725878154
0.9898499578075015,1766740187.441119431,/ground_truth.poses[1].position.y,1.02726138779866
0.9849913457345875,1766740187.460418455,/ground_truth.poses[1].position.y,1.0259092030094934
0.9801327336616447,1766740187.480659046,/ground_truth.poses[1].position.y,1.0245570182203128
0.975490006925183,1766740187.501569156,/ground_truth.poses[1].position.y,1.0232649157887794
0.9708472896006253,1766740187.521587492,/ground_truth.poses[1].position.y,1.021972815976642
0.965988677527691,1766740187.542137650,/ground_truth.poses[1].position.y,1.0206206311874628
0.9613459554970574,1766740187.561866236,/ground_truth.poses[1].position.y,1.0193285300655834
0.9564873434240576,1766740187.581682334,/ground_truth.poses[1].position.y,1.0179763452763868
0.9516287313509221,1766740187.601739994,/ground_truth.poses[1].position.y,1.0166241604871538
0.9472018946567159,1766740187.621614742,/ground_truth.poses[1].position.y,1.0153921417229004
0.9427750626686113,1766740187.642005533,/ground_truth.poses[1].position.y,1.014160124268384
0.9383482306804836,1766740187.662010303,/ground_truth.poses[1].position.y,1.0129281068138625
0.9339213986923376,1766740187.682128636,/ground_truth.poses[1].position.y,1.0116960893593394
0.9294945667041733,1766740187.701950786,/ground_truth.poses[1].position.y,1.0104640719048084
0.925067734715987,1766740187.722085910,/ground_truth.poses[1].position.y,1.0092320544502684
0.9206409027277873,1766740187.742137598,/ground_truth.poses[1].position.y,1.0080000369957238
0.9162140707395706,1766740187.761930804,/ground_truth.poses[1].position.y,1.006768019541174
0.9117872387513298,1766740187.781814308,/ground_truth.poses[1].position.y,1.0055360020866164
0.9073604067630735,1766740187.801788582,/ground_truth.poses[1].position.y,1.0043039846320556
0.9029335747748027,1766740187.822213126,/ground_truth.poses[1].position.y,1.0030719671774948
0.8985067427865091,1766740187.842280714,/ground_truth.poses[1].position.y,1.0018399497229227
0.8940799107982026,1766740187.861973703,/ground_truth.poses[1].position.y,1.0006079322683459
0.8892213034309201,1766740187.882364774,/ground_truth.poses[1].position.y,0.9992557487887682
0.8845785766940182,1766740187.902075186,/ground_truth.poses[1].position.y,0.9979636463570913
0.8801517447055459,1766740187.922550244,/ground_truth.poses[1].position.y,0.9967316289024625
0.8757249127171598,1766740187.942489372,/ground_truth.poses[1].position.y,0.995499611447861
0.8712980807287596,1766740187.962487500,/ground_truth.poses[1].position.y,0.9942675939932528
0.8668712487403477,1766740187.982737298,/ground_truth.poses[1].position.y,0.9930355765386428
0.8624444167519196,1766740188.002352702,/ground_truth.poses[1].position.y,0.9918035590840277
0.8580175847634772,1766740188.022681447,/ground_truth.poses[1].position.y,0.9905715416294062
0.8535907527750213,1766740188.043079142,/ground_truth.poses[1].position.y,0.9893395241747845
0.8491639207865536,1766740188.062623393,/ground_truth.poses[1].position.y,0.9881075067201547
0.84473708879807,1766740188.082906593,/ground_truth.poses[1].position.y,0.9868754892655263
0.8403102568095759,1766740188.102661738,/ground_truth.poses[1].position.y,0.9856434718108921
0.8358834248210718,1766740188.122949386,/ground_truth.poses[1].position.y,0.9844114543562524
0.8314565928325565,1766740188.143696993,/ground_truth.poses[1].position.y,0.9831794369016114
0.8270297608440274,1766740188.163083841,/ground_truth.poses[1].position.y,0.9819474194469637
0.8226029288554881,1766740188.183023129,/ground_truth.poses[1].position.y,0.9807154019923109
0.8181760968669379,1766740188.203262307,/ground_truth.poses[1].position.y,0.9794833845376566
0.8137492648783754,1766740188.222941861,/ground_truth.poses[1].position.y,0.9782513670829982
0.8093224328898077,1766740188.243604550,/ground_truth.poses[1].position.y,0.9770193496283379
0.8048956009012218,1766740188.263053483,/ground_truth.poses[1].position.y,0.9757873321736679
0.800468768912626,1766740188.283437732,/ground_truth.poses[1].position.y,0.9745553147189988
0.7960419369240203,1766740188.303293765,/ground_truth.poses[1].position.y,0.9733232972643244
0.7916151049354059,1766740188.323259693,/ground_truth.poses[1].position.y,0.972091279809647
0.7871882729467828,1766740188.343661855,/ground_truth.poses[1].position.y,0.9708592623549671
0.7827614409581467,1766740188.363745914,/ground_truth.poses[1].position.y,0.9696272449002873
0.7783346089695031,1766740188.383639487,/ground_truth.poses[1].position.y,0.9683952274456005
0.7739077769808523,1766740188.403624481,/ground_truth.poses[1].position.y,0.9671632099909133
0.7694809449921882,1766740188.423672172,/ground_truth.poses[1].position.y,0.9659311925362198
0.7650541130035169,1766740188.443702039,/ground_truth.poses[1].position.y,0.9646991750815328
0.7606272810148371,1766740188.463679559,/ground_truth.poses[1].position.y,0.9634671576268368
0.7562004490261443,1766740188.483744061,/ground_truth.poses[1].position.y,0.9622351401721407
0.7517736170374477,1766740188.503601387,/ground_truth.poses[1].position.y,0.961003122717439
0.7473467850487405,1766740188.524052370,/ground_truth.poses[1].position.y,0.9597711052627362
0.7429199530600261,1766740188.544223701,/ground_truth.poses[1].position.y,0.9585390878080269
0.7384931210713057,1766740188.563915869,/ground_truth.poses[1].position.y,0.9573070703533134
0.7340662890825759,1766740188.584398762,/ground_truth.poses[1].position.y,0.9560750528986013
0.7296394570938342,1766740188.603865588,/ground_truth.poses[1].position.y,0.9548430354438856
0.7252126251050912,1766740188.624122079,/ground_truth.poses[1].position.y,0.9536110179891694
0.7207857931163388,1766740188.644149141,/ground_truth.poses[1].position.y,0.9523790005344478
0.7163589611275796,1766740188.663965420,/ground_truth.poses[1].position.y,0.951146983079726
0.7119321291388145,1766740188.684477798,/ground_truth.poses[1].position.y,0.9499149656250003
0.7075052971500377,1766740188.703960505,/ground_truth.poses[1].position.y,0.9486829481702712
0.7030784651612539,1766740188.724415305,/ground_truth.poses[1].position.y,0.9474509307155419
0.6986516331724715,1766740188.744616442,/ground_truth.poses[1].position.y,0.9462189132608104
0.6942248011836797,1766740188.764406522,/ground_truth.poses[1].position.y,0.9449868958060741
0.6897979691948788,1766740188.784662261,/ground_truth.poses[1].position.y,0.943754878351339
0.6853711372060721,1766740188.804477118,/ground_truth.poses[1].position.y,0.9425228608966002
0.6809443052172599,1766740188.824721185,/ground_truth.poses[1].position.y,0.941290843441864
0.676517473228443,1766740188.844990980,/ground_truth.poses[1].position.y,0.9400588259871261
0.6720906412396241,1766740188.864621302,/ground_truth.poses[1].position.y,0.938826808532379
0.6676638092507939,1766740188.884930821,/ground_truth.poses[1].position.y,0.9375947910776345
0.6632369772619593,1766740188.904911267,/ground_truth.poses[1].position.y,0.9363627736228888
0.6592419206520761,1766740188.924773131,/ground_truth.poses[1].position.y,0.9352509221931361
0.6552468687483198,1766740188.945156588,/ground_truth.poses[1].position.y,0.9341390720731284
0.6512518168445692,1766740188.964859205,/ground_truth.poses[1].position.y,0.9330272219531239
0.6476885450257005,1766740188.985050624,/ground_truth.poses[1].position.y,0.9320355391678006
0.6439093784587007,1766740189.005282738,/ground_truth.poses[1].position.y,0.930983771405512
0.640130221303436,1766740189.025017415,/ground_truth.poses[1].position.y,0.9299320062625729
0.6361351693998314,1766740189.045451357,/ground_truth.poses[1].position.y,0.9288201561426079
0.6321401174961296,1766740189.065470063,/ground_truth.poses[1].position.y,0.9277083060226196
0.6281450655924299,1766740189.085659479,/ground_truth.poses[1].position.y,0.9265964559026276
0.6241500136887366,1766740189.105815562,/ground_truth.poses[1].position.y,0.9254846057826355
0.6201549617850445,1766740189.125471562,/ground_truth.poses[1].position.y,0.9243727556626432
0.6161599098813598,1766740189.145697174,/ground_truth.poses[1].position.y,0.9232609055426529
0.612164857977676,1766740189.165762679,/ground_truth.poses[1].position.y,0.9221490554226628
0.6081698060739985,1766740189.186048343,/ground_truth.poses[1].position.y,0.9210372053026722
0.6043906395068475,1766740189.205785334,/ground_truth.poses[1].position.y,0.9199854375403357
0.6008273676881598,1766740189.225771400,/ground_truth.poses[1].position.y,0.918993754755057
0.5972640958695882,1766740189.245828969,/ground_truth.poses[1].position.y,0.9180020719698139
0.5937008240510364,1766740189.265860580,/ground_truth.poses[1].position.y,0.9170103891845724
0.5901375522324948,1766740189.285868527,/ground_truth.poses[1].position.y,0.9160187063993338
0.5865742804139702,1766740189.305974125,/ground_truth.poses[1].position.y,0.9150270236141017
0.5830110085954537,1766740189.326385345,/ground_truth.poses[1].position.y,0.9140353408288734
0.579447736776953,1766740189.346117376,/ground_truth.poses[1].position.y,0.9130436580436494
0.5758844649584633,1766740189.366007653,/ground_truth.poses[1].position.y,0.91205197525843
0.5723211931399863,1766740189.386365743,/ground_truth.poses[1].position.y,0.911060292473214
0.5687579213215228,1766740189.406240582,/ground_truth.poses[1].position.y,0.910068609687998
0.5651946495030727,1766740189.426401323,/ground_truth.poses[1].position.y,0.9090769269027874
0.561631377684634,1766740189.446237389,/ground_truth.poses[1].position.y,0.9080852441175782
0.5580681058662078,1766740189.466262909,/ground_truth.poses[1].position.y,0.9070935613323723
0.5545048340477893,1766740189.486653890,/ground_truth.poses[1].position.y,0.90610187854717
0.550941562229384,1766740189.506520152,/ground_truth.poses[1].position.y,0.9051101957619727
0.5473782904109887,1766740189.526807550,/ground_truth.poses[1].position.y,0.9041185129767748
0.5433832432136455,1766740189.546887231,/ground_truth.poses[1].position.y,0.9030066641665883
0.5398199666891391,1766740189.566634371,/ground_truth.poses[1].position.y,0.9020149800716475
0.536256694870765,1766740189.587006857,/ground_truth.poses[1].position.y,0.9010232972864555
0.532693423052401,1766740189.606834969,/ground_truth.poses[1].position.y,0.9000316145012675
0.529130151234044,1766740189.626913908,/ground_truth.poses[1].position.y,0.8990399317160832
0.5255668794157028,1766740189.647408252,/ground_truth.poses[1].position.y,0.8980482489308999
0.5220036075973666,1766740189.666854951,/ground_truth.poses[1].position.y,0.897056566145721
0.5184403357790403,1766740189.687134404,/ground_truth.poses[1].position.y,0.8960648833605467
0.5148770639607244,1766740189.707305716,/ground_truth.poses[1].position.y,0.8950732005753734
0.5113137921424173,1766740189.727112698,/ground_truth.poses[1].position.y,0.8940815177902023
0.5077505203241198,1766740189.747798279,/ground_truth.poses[1].position.y,0.8930898350050356
0.5041872485058281,1766740189.767238446,/ground_truth.poses[1].position.y,0.8920981522198703
0.5006239766875468,1766740189.787494946,/ground_truth.poses[1].position.y,0.8911064694347062
0.49706070486927084,1766740189.807619581,/ground_truth.poses[1].position.y,0.8901147866495436
0.4934974330510072,1766740189.827368344,/ground_truth.poses[1].position.y,0.8891231038643859
0.48993416123274897,1766740189.847705564,/ground_truth.poses[1].position.y,0.8881314210792298
0.486370889414502,1766740189.867789483,/ground_truth.poses[1].position.y,0.8871397382940768
0.48280761759625934,1766740189.887584091,/ground_truth.poses[1].position.y,0.8861480555089177
0.4792443457780288,1766740189.907748029,/ground_truth.poses[1].position.y,0.8851563727237637
0.4756810739598034,1766740189.927823682,/ground_truth.poses[1].position.y,0.8841646899386112
0.4721178021415862,1766740189.948265288,/ground_truth.poses[1].position.y,0.8831730071534608
0.4685545303233752,1766740189.968027707,/ground_truth.poses[1].position.y,0.8821813243683139
0.46499125850517214,1766740189.988128065,/ground_truth.poses[1].position.y,0.8811896415831688
0.4614279866869742,1766740190.007977115,/ground_truth.poses[1].position.y,0.8801979587980252
0.45786471486878033,1766740190.028342730,/ground_truth.poses[1].position.y,0.879206276012886
0.4543014430505952,1766740190.048290364,/ground_truth.poses[1].position.y,0.8782145932277458
0.45073817123241694,1766740190.068183496,/ground_truth.poses[1].position.y,0.8772229104426109
0.44717489941424743,1766740190.088685555,/ground_truth.poses[1].position.y,0.8762312276574751
0.44361162759608475,1766740190.108359538,/ground_truth.poses[1].position.y,0.8752395448723391
0.44004835577792495,1766740190.128595971,/ground_truth.poses[1].position.y,0.8742478620872055
0.43648508395977476,1766740190.148844667,/ground_truth.poses[1].position.y,0.8732561793020729
0.43292181214162745,1766740190.168394749,/ground_truth.poses[1].position.y,0.8722644965169428
0.42935854032348386,1766740190.188830524,/ground_truth.poses[1].position.y,0.8712728137318173
0.4257952685053507,1766740190.208546476,/ground_truth.poses[1].position.y,0.8702811309466891
0.4222319966872204,1766740190.228920325,/ground_truth.poses[1].position.y,0.8692894481615636
0.4186687248690945,1766740190.249077490,/ground_truth.poses[1].position.y,0.8682977653764392
0.4151054530509762,1766740190.268757845,/ground_truth.poses[1].position.y,0.867306082591317
0.4115421812328634,1766740190.289140692,/ground_truth.poses[1].position.y,0.866314399806198
0.40797890941475506,1766740190.308918299,/ground_truth.poses[1].position.y,0.8653227170210801
0.40441563759664745,1766740190.329166594,/ground_truth.poses[1].position.y,0.8643310342359659
0.4006364804420257,1766740190.349916946,/ground_truth.poses[1].position.y,0.8632792690931976
0.396641428538949,1766740190.369025183,/ground_truth.poses[1].position.y,0.8621674189733681
0.39264637663576524,1766740190.389401668,/ground_truth.poses[1].position.y,0.8610555688535105
0.38908310011153585,1766740190.409349242,/ground_truth.poses[1].position.y,0.8600638847586468
0.38530394295691106,1766740190.429211156,/ground_truth.poses[1].position.y,0.8590121196158759
0.3813088910538275,1766740190.449810536,/ground_truth.poses[1].position.y,0.857900269496046
0.37731383915063255,1766740190.469230255,/ground_truth.poses[1].position.y,0.856788419376185
0.37331878724743184,1766740190.489437273,/ground_truth.poses[1].position.y,0.8556765692563264
0.36932373534422425,1766740190.509586864,/ground_truth.poses[1].position.y,0.8545647191364619
0.3648969080620564,1766740190.529434452,/ground_truth.poses[1].position.y,0.8533327029916016
0.36025419073722287,1766740190.550044562,/ground_truth.poses[1].position.y,0.8520406031793388
0.35539557866391747,1766740190.569687738,/ground_truth.poses[1].position.y,0.8506884183900092
0.35053696659048317,1766740190.589810108,/ground_truth.poses[1].position.y,0.8493362336006505
0.3454624690369444,1766740190.609882004,/ground_truth.poses[1].position.y,0.8479239664136745
0.3401720765913587,1766740190.630712996,/ground_truth.poses[1].position.y,0.8464516142096833
0.33488168414563246,1766740190.650949299,/ground_truth.poses[1].position.y,0.8449792620056479
0.3295912916998726,1766740190.671120631,/ground_truth.poses[1].position.y,0.8435069098016105
0.32408501406111034,1766740190.690698264,/ground_truth.poses[1].position.y,0.8419744752798553
0.31836284181741703,1766740190.710946599,/ground_truth.poses[1].position.y,0.8403819558209832
0.3126406695735719,1766740190.730654616,/ground_truth.poses[1].position.y,0.8387894363620741
0.30691849732969045,1766740190.751110679,/ground_truth.poses[1].position.y,0.8371969169031499
0.3011963250857653,1766740190.771070065,/ground_truth.poses[1].position.y,0.8356043974442189
0.2954741528417917,1766740190.791235996,/ground_truth.poses[1].position.y,0.8340118779852793
0.2897519805977799,1766740190.811080999,/ground_truth.poses[1].position.y,0.8324193585263212
0.2840298083537318,1766740190.831512887,/ground_truth.poses[1].position.y,0.8308268390673558
0.27830763610964737,1766740190.851265617,/ground_truth.poses[1].position.y,0.8292343196083827
0.27238068033151774,1766740190.871162186,/ground_truth.poses[1].position.y,0.827584807558233
0.2662469929934452,1766740190.891209446,/ground_truth.poses[1].position.y,0.8258852508690975
0.26012996772457553,1766740190.910994126,/ground_truth.poses[1].position.y,0.824202476067551
0.25402301882105,1766740190.931005779,/ground_truth.poses[1].position.y,0.8225412104297434
0.247923744112651,1766740190.951494704,/ground_truth.poses[1].position.y,0.8209106286435379
0.24259319381311026,1766740190.971023015,/ground_truth.poses[1].position.y,0.81951882637851
0.23698942692706032,1766740190.991531396,/ground_truth.poses[1].position.y,0.8181105347103217
0.2309592260790299,1766740191.011235295,/ground_truth.poses[1].position.y,0.8166670946396766
0.2255342590989254,1766740191.031325986,/ground_truth.poses[1].position.y,0.8154237510049845
0.21993130231670344,1766740191.051976582,/ground_truth.poses[1].position.y,0.8142397823071138
0.21343802314719154,1766740191.071367136,/ground_truth.poses[1].position.y,0.8129613845726075
0.20627038006917028,1766740191.091685081,/ground_truth.poses[1].position.y,0.8116587083671888
0.1984166635887378,1766740191.111941612,/ground_truth.poses[1].position.y,0.8103470205839179
0.19011188545393717,1766740191.131661812,/ground_truth.poses[1].position.y,0.8090830893438559
0.1817840358675544,1766740191.152114458,/ground_truth.poses[1].position.y,0.8079428343374719
0.1734354794479408,1766740191.171658308,/ground_truth.poses[1].position.y,0.8069224163760573
0.1650783023360974,1766740191.191823348,/ground_truth.poses[1].position.y,0.8060218903943215
0.15670872370326133,1766740191.212218157,/ground_truth.poses[1].position.y,0.8052450933030699
0.148333799339338,1766740191.231772197,/ground_truth.poses[1].position.y,0.8045911294231145
0.13994499434674976,1766740191.252479629,/ground_truth.poses[1].position.y,0.8040607498823181
0.13155439301827673,1766740191.272068994,/ground_truth.poses[1].position.y,0.8036547553675532
0.12351162552106724,1766740191.292035423,/ground_truth.poses[1].position.y,0.803351249123239
0.11533665015074679,1766740191.312030165,/ground_truth.poses[1].position.y,0.8032032493686697
0.1069362764575759,1766740191.332075030,/ground_truth.poses[1].position.y,0.8031759729049676
0.09853643446167619,1766740191.352670604,/ground_truth.poses[1].position.y,0.8032743428255329
0.08991502195392675,1766740191.372482495,/ground_truth.poses[1].position.y,0.8035051499344279
0.08107408217352743,1766740191.392094573,/ground_truth.poses[1].position.y,0.8038733690065375
0.07223963874926648,1766740191.412344521,/ground_truth.poses[1].position.y,0.8043737797145025
0.06336398301985337,1766740191.432487990,/ground_truth.poses[1].position.y,0.8050100160740344
0.05463318888183076,1766740191.452634335,/ground_truth.poses[1].position.y,0.805799881133547
0.045930636318114657,1766740191.472545722,/ground_truth.poses[1].position.y,0.8067674469629635
0.03727107952062042,1766740191.492540554,/ground_truth.poses[1].position.y,0.8079178214675875
0.028634089498326007,1766740191.512537620,/ground_truth.poses[1].position.y,0.8092607670057131
0.020034079655641218,1766740191.532659770,/ground_truth.poses[1].position.y,0.8107940988056204
0.011470489218874117,1766740191.552967315,/ground_truth.poses[1].position.y,0.8125192638792978
0.0029372534709513906,1766740191.572698345,/ground_truth.poses[1].position.y,0.8144362191031023
-0.005557394591105122,1766740191.592765222,/ground_truth.poses[1].position.y,0.8165389724307147
-0.014010582478958228,1766740191.612728104,/ground_truth.poses[1].position.y,0.8188224378682659
-0.022648932408023785,1766740191.632958496,/ground_truth.poses[1].position.y,0.8213343332264846
-0.031236007524736882,1766740191.652784473,/ground_truth.poses[1].position.y,0.8239553115109695
-0.039794264132126576,1766740191.672703293,/ground_truth.poses[1].position.y,0.826647843554872
-0.04833911575377651,1766740191.693053148,/ground_truth.poses[1].position.y,0.8293994079865699
-0.05686039981039037,1766740191.712776143,/ground_truth.poses[1].position.y,0.8322067487541867
-0.06536213915696,1766740191.733107884,/ground_truth.poses[1].position.y,0.83507273414195
-0.07385412705053862,1766740191.753106974,/ground_truth.poses[1].position.y,0.8379991471275803
-0.08232291718325876,1766740191.773182557,/ground_truth.poses[1].position.y,0.8409765948113725
-0.0907666670675438,1766740191.793380728,/ground_truth.poses[1].position.y,0.8440091732614152
-0.0991946644599456,1766740191.813198570,/ground_truth.poses[1].position.y,0.8471002015722477
-0.10759208037347873,1766740191.833258724,/ground_truth.poses[1].position.y,0.8502442117974537
-0.11596122109457048,1766740191.854079888,/ground_truth.poses[1].position.y,0.8534484000050985
-0.12429578369011135,1766740191.873221138,/ground_truth.poses[1].position.y,0.8567134436810305
-0.13256283255593687,1766740191.893492326,/ground_truth.poses[1].position.y,0.8600372717935931
-0.14077414203244965,1766740191.913710965,/ground_truth.poses[1].position.y,0.8634432897036957
-0.1489117708912325,1766740191.933438649,/ground_truth.poses[1].position.y,0.8669445233666624
-0.15699855533026721,1766740191.954017862,/ground_truth.poses[1].position.y,0.8705616428186044
-0.16503284534371812,1766740191.973747028,/ground_truth.poses[1].position.y,0.8742939101820629
-0.17301300143882867,1766740191.993824294,/ground_truth.poses[1].position.y,0.878140563843392
-0.18093739516952728,1766740192.014201991,/ground_truth.poses[1].position.y,0.8821008188469769
-0.18880440946868338,1766740192.033938010,/ground_truth.poses[1].position.y,0.8861738670555273
-0.19661243897814729,1766740192.054188038,/ground_truth.poses[1].position.y,0.8903588773149329
-0.20435989037632565,1766740192.074183462,/ground_truth.poses[1].position.y,0.8946549956239286
-0.21220714415042907,1766740192.094312484,/ground_truth.poses[1].position.y,0.8991322131037187
-0.21987686410292195,1766740192.114504775,/ground_truth.poses[1].position.y,0.9035536219229937
-0.22735145778431523,1766740192.134600445,/ground_truth.poses[1].position.y,0.9078648121432883
-0.23443781559059537,1766740192.154771867,/ground_truth.poses[1].position.y,0.9119520759830029
-0.24152416916528271,1766740192.174743255,/ground_truth.poses[1].position.y,0.9160393373821486
-0.24861052273994344,1766740192.194923142,/ground_truth.poses[1].position.y,0.9201265987813905
-0.2556968763145718,1766740192.214797300,/ground_truth.poses[1].position.y,0.924213860180719
-0.262783229889176,1766740192.234969222,/ground_truth.poses[1].position.y,0.9283011215801404
-0.26986958346375395,1766740192.254662281,/ground_truth.poses[1].position.y,0.9323883829796591
-0.2769559370382971,1766740192.274629903,/ground_truth.poses[1].position.y,0.9364756443792766
-0.284042290612814,1766740192.294577106,/ground_truth.poses[1].position.y,0.9405629057789787
-0.29112864418730644,1766740192.314698053,/ground_truth.poses[1].position.y,0.944650167178769
-0.29821499776176896,1766740192.334970684,/ground_truth.poses[1].position.y,0.9487374285786382
-0.30530135133621017,1766740192.354793515,/ground_truth.poses[1].position.y,0.9528246899785977
-0.31238770491062423,1766740192.374947595,/ground_truth.poses[1].position.y,0.9569119513786379
-0.3194740584850077,1766740192.395156286,/ground_truth.poses[1].position.y,0.9609992127787591
-0.3265604120593706,1766740192.415110212,/ground_truth.poses[1].position.y,0.965086474178957
-0.3336467656337119,1766740192.435176317,/ground_truth.poses[1].position.y,0.9691737355792207
-0.34073311920803445,1766740192.455138829,/ground_truth.poses[1].position.y,0.9732609969795586
-0.3478194727823279,1766740192.475051247,/ground_truth.poses[1].position.y,0.9773482583799828
-0.3549058263565985,1766740192.495340078,/ground_truth.poses[1].position.y,0.9814355197804758
-0.36199217993085225,1766740192.515229103,/ground_truth.poses[1].position.y,0.9855227811810346
-0.3690785335050863,1766740192.535412136,/ground_truth.poses[1].position.y,0.9896100425816642
-0.3761648870793038,1766740192.555706206,/ground_truth.poses[1].position.y,0.9936973039823729
-0.38325124065349325,1766740192.575546290,/ground_truth.poses[1].position.y,0.9977845653831483
-0.39033759422766445,1766740192.595621512,/ground_truth.poses[1].position.y,1.0018718267839863
-0.39742394780180895,1766740192.616016190,/ground_truth.poses[1].position.y,1.0059590881848883
-0.4045103013759392,1766740192.635454103,/ground_truth.poses[1].position.y,1.0100463495858603
-0.4115966549500534,1766740192.655786806,/ground_truth.poses[1].position.y,1.014133610986892
-0.418683008524147,1766740192.675430833,/ground_truth.poses[1].position.y,1.0182208723879789
-0.4257693620982204,1766740192.695603467,/ground_truth.poses[1].position.y,1.0223081337891198
-0.4328557156722823,1766740192.716016289,/ground_truth.poses[1].position.y,1.0263953951903266
-0.43994206924631635,1766740192.735778458,/ground_truth.poses[1].position.y,1.0304826565915888
-0.44702842282033817,1766740192.756089269,/ground_truth.poses[1].position.y,1.0345699179929053
-0.45411477639433884,1766740192.776370175,/ground_truth.poses[1].position.y,1.0386571793942785
-0.4612011299683298,1766740192.796055350,/ground_truth.poses[1].position.y,1.0427444407957092
-0.4682874835422956,1766740192.816549173,/ground_truth.poses[1].position.y,1.046831702197191
-0.4753738371162552,1766740192.836175147,/ground_truth.poses[1].position.y,1.0509189635987175
-0.482460190690206,1766740192.856432048,/ground_truth.poses[1].position.y,1.0550062250002943
-0.4895465442641357,1766740192.876510837,/ground_truth.poses[1].position.y,1.0590934864019292
-0.4966328978380507,1766740192.896426291,/ground_truth.poses[1].position.y,1.0631807478036048
-0.5037192514119504,1766740192.916705674,/ground_truth.poses[1].position.y,1.067268009205336
-0.5111938363712917,1766740192.936994915,/ground_truth.poses[1].position.y,1.0715791943982715
-0.5190566696417827,1766740192.956658610,/ground_truth.poses[1].position.y,1.0761143131448025
-0.526143031678784,1766740192.976740194,/ground_truth.poses[1].position.y,1.080201579428036
-0.5332293852526561,1766740192.996595235,/ground_truth.poses[1].position.y,1.0842888408299638
-0.5403157388265196,1766740193.016887402,/ground_truth.poses[1].position.y,1.0883761022319374
-0.5477903282753592,1766740193.037009241,/ground_truth.poses[1].position.y,1.0926872900145808
-0.5552649219557655,1766740193.056968147,/ground_truth.poses[1].position.y,1.0969984802379484
-0.5627395156361515,1766740193.077034853,/ground_truth.poses[1].position.y,1.1013096704613694
-0.5702141093165403,1766740193.097117428,/ground_truth.poses[1].position.y,1.1056208606848257
-0.5776887029969358,1766740193.116993078,/ground_truth.poses[1].position.y,1.1099320509083317
-0.5851632966773205,1766740193.137273614,/ground_truth.poses[1].position.y,1.1142432411318766
-0.5926378903577072,1766740193.157251274,/ground_truth.poses[1].position.y,1.1185544313554663
-0.6001124840380903,1766740193.177096006,/ground_truth.poses[1].position.y,1.122865621579097
-0.6075870777184654,1766740193.197365090,/ground_truth.poses[1].position.y,1.1271768118027699
-0.6150616713988429,1766740193.217321300,/ground_truth.poses[1].position.y,1.1314880020264813
-0.6225362650792186,1766740193.237489626,/ground_truth.poses[1].position.y,1.1357991922502322
-0.6296226228845945,1766740193.257650167,/ground_truth.poses[1].position.y,1.1398864560933808
-0.6367089764583956,1766740193.277286020,/ground_truth.poses[1].position.y,1.1439737174958882
-0.6437953300321794,1766740193.297479372,/ground_truth.poses[1].position.y,1.1480609788984273
-0.6508816836059517,1766740193.317817024,/ground_truth.poses[1].position.y,1.1521482403010015
-0.6583562730547126,1766740193.337550729,/ground_truth.poses[1].position.y,1.1564594280842353
-0.6658308667350357,1766740193.357969412,/ground_truth.poses[1].position.y,1.1607706183081776
-0.6733054604153598,1766740193.377508624,/ground_truth.poses[1].position.y,1.1650818085321561
-0.6807800540956745,1766740193.397756909,/ground_truth.poses[1].position.y,1.1693929987561678
-0.6880605319541817,1766740193.418145727,/ground_truth.poses[1].position.y,1.173592227010178
-0.6951468855280247,1766740193.437707821,/ground_truth.poses[1].position.y,1.177679488412994
-0.7022332391017695,1766740193.458118048,/ground_truth.poses[1].position.y,1.1817667498157818
-0.7093195926755002,1766740193.477765522,/ground_truth.poses[1].position.y,1.1858540112185976
-0.716794182124216,1766740193.497945899,/ground_truth.poses[1].position.y,1.1901651990020818
-0.7240746599826829,1766740193.518718901,/ground_truth.poses[1].position.y,1.1943644272562361
-0.7311610135564861,1766740193.538128019,/ground_truth.poses[1].position.y,1.1984516886591892
-0.7386356030051879,1766740193.558229638,/ground_truth.poses[1].position.y,1.2027628764427385
-0.7461101966854476,1766740193.578268611,/ground_truth.poses[1].position.y,1.2070740666669997
-0.7535847903657077,1766740193.598347838,/ground_truth.poses[1].position.y,1.2113852568912935
-0.7610593840459624,1766740193.618722978,/ground_truth.poses[1].position.y,1.2156964471156162
-0.7685339777262178,1766740193.638415264,/ground_truth.poses[1].position.y,1.220007637339971
-0.7760085714064748,1766740193.658581073,/ground_truth.poses[1].position.y,1.2243188275643362
-0.7834831650867338,1766740193.678731433,/ground_truth.poses[1].position.y,1.2286300177887326
-0.7909577587669775,1766740193.698543442,/ground_truth.poses[1].position.y,1.2329412080131545
-0.7984323524472323,1766740193.718904696,/ground_truth.poses[1].position.y,1.2372523982375991
-0.8059069461274897,1766740193.738856726,/ground_truth.poses[1].position.y,1.2415635884620744
-0.8133815398077466,1766740193.759877090,/ground_truth.poses[1].position.y,1.245874778686565
-0.8208561334880059,1766740193.779761774,/ground_truth.poses[1].position.y,1.2501859689110804
-0.828330727168257,1766740193.800201855,/ground_truth.poses[1].position.y,1.2544971591356184
-0.8356112050267026,1766740193.820311519,/ground_truth.poses[1].position.y,1.2586963873901489
-0.8426975586004847,1766740193.840073495,/ground_truth.poses[1].position.y,1.2627836487934747
-0.8501721480491604,1766740193.859968329,/ground_truth.poses[1].position.y,1.2670948365773949
-0.8576467417294015,1766740193.880017300,/ground_truth.poses[1].position.y,1.2714060268020109
-0.8651213354096366,1766740193.900289878,/ground_truth.poses[1].position.y,1.2757172170266529
-0.8725959290898688,1766740193.920467920,/ground_truth.poses[1].position.y,1.2800284072513093
-0.8796822868951142,1766740193.940311719,/ground_truth.poses[1].position.y,1.2841156710953556
-0.8867686404687867,1766740193.960668164,/ground_truth.poses[1].position.y,1.28820293249873
-0.8938549940424524,1766740193.980319483,/ground_truth.poses[1].position.y,1.2922901939021245
-0.8993884056650757,1766740194.000502995,/ground_truth.poses[1].position.y,1.2954817506763934
-0.9047276845396106,1766740194.020481064,/ground_truth.poses[1].position.y,1.2985613357179224
-0.9098728391294332,1766740194.040181685,/ground_truth.poses[1].position.y,1.3015289539082109
-0.9150179937191034,1766740194.060545449,/ground_truth.poses[1].position.y,1.3044965720984387
-0.9191426833714714,1766740194.080029537,/ground_truth.poses[1].position.y,1.3068756071069518
-0.919917475880241,1766740194.100310217,/ground_truth.poses[1].position.y,1.3073224908710248
-0.919917475880241,1766740194.120972778,/ground_truth.poses[1].position.y,1.3073224908710248
-0.919917475880241,1766740194.140262494,/ground_truth.poses[1].position.y,1.3073224908710248
-0.919917475880241,1766740194.160614166,/ground_truth.poses[1].position.y,1.3073224908710248
-0.919917475880241,1766740194.180327540,/ground_truth.poses[1].position.y,1.3073224908710248
-0.919917475880241,1766740194.200643847,/ground_truth.poses[1].position.y,1.3073224908710248
-0.919917475880241,1766740194.221130110,/ground_truth.poses[1].position.y,1.3073224908710248
-0.919917475880241,1766740194.240718581,/ground_truth.poses[1].position.y,1.3073224908710248
-0.919917475880241,1766740194.260858830,/ground_truth.poses[1].position.y,1.3073224908710248
-0.919917475880241,1766740194.280888703,/ground_truth.poses[1].position.y,1.3073224908710248
-0.919917475880241,1766740194.300867452,/ground_truth.poses[1].position.y,1.3073224908710248
-0.919917475880241,1766740194.321133825,/ground_truth.poses[1].position.y,1.3073224908710248
-0.9199174786360053,1766740194.340863921,/ground_truth.poses[1].position.y,1.3073224924723768
-0.919917478657713,1766740194.361169317,/ground_truth.poses[1].position.y,1.3073224924508549
-0.9199174786563954,1766740194.381055222,/ground_truth.poses[1].position.y,1.3073224924697082
-0.9199174786947492,1766740194.401276712,/ground_truth.poses[1].position.y,1.3073224924169733
-0.9199174787323402,1766740194.421446045,/ground_truth.poses[1].position.y,1.3073224923643028
-0.9199174787304916,1766740194.441261379,/ground_truth.poses[1].position.y,1.3073224923845665
-0.9199174787306393,1766740194.461424310,/ground_truth.poses[1].position.y,1.307322492401821
-0.9199174787408666,1766740194.481622186,/ground_truth.poses[1].position.y,1.3073224923992186
-0.9199174787458557,1766740194.501351260,/ground_truth.poses[1].position.y,1.3073224924077367
-0.9199174787587516,1766740194.521843894,/ground_truth.poses[1].position.y,1.3073224923986198
-0.9199174787806198,1766740194.541679656,/ground_truth.poses[1].position.y,1.3073224923667348
-0.9199174788182647,1766740194.561736510,/ground_truth.poses[1].position.y,1.307322492292182
-0.9199174788540164,1766740194.581601036,/ground_truth.poses[1].position.y,1.3073224922162954
-0.9199174788878339,1766740194.602033839,/ground_truth.poses[1].position.y,1.30732249213913
-0.9199174789196776,1766740194.622081064,/ground_truth.poses[1].position.y,1.307322492060745
-0.9199174789495101,1766740194.642109295,/ground_truth.poses[1].position.y,1.3073224919811983
-0.9199174789772959,1766740194.661924799,/ground_truth.poses[1].position.y,1.3073224919005506
-0.9199174790030021,1766740194.681859295,/ground_truth.poses[1].position.y,1.307322491818862
-0.9199174790265957,1766740194.701926358,/ground_truth.poses[1].position.y,1.307322491736194
-0.9199174790480474,1766740194.721999211,/ground_truth.poses[1].position.y,1.3073224916526092
-0.9199174790673287,1766740194.741871812,/ground_truth.poses[1].position.y,1.3073224915681694
-0.919917479084414,1766740194.762113860,/ground_truth.poses[1].position.y,1.3073224914829389
-0.9199174790992791,1766740194.781803931,/ground_truth.poses[1].position.y,1.3073224913969805
-0.9199174791119009,1766740194.802377446,/ground_truth.poses[1].position.y,1.3073224913103596
-0.9199174791222591,1766740194.822289971,/ground_truth.poses[1].position.y,1.307322491223141
-0.9199174791289967,1766740194.842100476,/ground_truth.poses[1].position.y,1.3073224911678036
-0.9199174791347351,1766740194.862510727,/ground_truth.poses[1].position.y,1.3073224910786323
-0.9199174791380694,1766740194.882090102,/ground_truth.poses[1].position.y,1.307322490989048
-0.9199174791389862,1766740194.902321681,/ground_truth.poses[1].position.y,1.307322490899119
-0.9199174791376135,1766740194.922925593,/ground_truth.poses[1].position.y,1.3073224908113594
-0.9199174791337824,1766740194.942439876,/ground_truth.poses[1].position.y,1.3073224907219345
-0.9199174791310727,1766740194.962782341,/ground_truth.poses[1].position.y,1.3073224906645595
-0.9199174791223335,1766740194.982456092,/ground_truth.poses[1].position.y,1.3073224905739602
-0.9199174791111401,1766740195.002817412,/ground_truth.poses[1].position.y,1.307322490483369
-0.9199174790974913,1766740195.023270603,/ground_truth.poses[1].position.y,1.3073224903928569
-0.9199174790813878,1766740195.042672228,/ground_truth.poses[1].position.y,1.307322490302495
-0.9199174790628323,1766740195.063075947,/ground_truth.poses[1].position.y,1.307322490212354
-0.9199174790418302,1766740195.082919003,/ground_truth.poses[1].position.y,1.307322490122504
-0.919917479018389,1766740195.103054133,/ground_truth.poses[1].position.y,1.3073224900330147
-0.9199174789925174,1766740195.123707567,/ground_truth.poses[1].position.y,1.3073224899439562
-0.9199174789642259,1766740195.143337215,/ground_truth.poses[1].position.y,1.3073224898553981
-0.9199174789335269,1766740195.163507921,/ground_truth.poses[1].position.y,1.3073224897674085
-0.9199174789004361,1766740195.183610019,/ground_truth.poses[1].position.y,1.3073224896800557
-0.9199174788649694,1766740195.203637939,/ground_truth.poses[1].position.y,1.307322489593409
-0.9199174788271468,1766740195.223613732,/ground_truth.poses[1].position.y,1.3073224895075344
-0.919917478786988,1766740195.243648474,/ground_truth.poses[1].position.y,1.307322489422499
-0.9199174787445151,1766740195.263656267,/ground_truth.poses[1].position.y,1.307322489338369
-0.9199174786997526,1766740195.283719653,/ground_truth.poses[1].position.y,1.3073224892552082
-0.9199174786527264,1766740195.303872155,/ground_truth.poses[1].position.y,1.3073224891730821
-0.9199174786034644,1766740195.323785291,/ground_truth.poses[1].position.y,1.3073224890920545
-0.9199174785519958,1766740195.343994979,/ground_truth.poses[1].position.y,1.3073224890121864
-0.9199174784983521,1766740195.363853864,/ground_truth.poses[1].position.y,1.307322488933541
-0.9199174784425662,1766740195.383510543,/ground_truth.poses[1].position.y,1.3073224888561787
-0.9199174783846721,1766740195.403941113,/ground_truth.poses[1].position.y,1.3073224887801578
-0.9199174783247067,1766740195.423921043,/ground_truth.poses[1].position.y,1.307322488705539
-0.9199174782627071,1766740195.443771593,/ground_truth.poses[1].position.y,1.3073224886323784
-0.9199174781987123,1766740195.463660715,/ground_truth.poses[1].position.y,1.3073224885607329
-0.919917478132764,1766740195.483431195,/ground_truth.poses[1].position.y,1.3073224884906571
-0.9199174780649038,1766740195.503695145,/ground_truth.poses[1].position.y,1.3073224884222066
-0.9199174779970245,1766740195.523589817,/ground_truth.poses[1].position.y,1.3073224883571768
-0.9199174779263909,1766740195.543602438,/ground_truth.poses[1].position.y,1.3073224882928638
-0.9199174778540506,1766740195.563790806,/ground_truth.poses[1].position.y,1.3073224882302577
-0.9199174777800482,1766740195.583534948,/ground_truth.poses[1].position.y,1.3073224881694032
-0.9199174777044298,1766740195.603882703,/ground_truth.poses[1].position.y,1.307322488110345
-0.9199174776272422,1766740195.624568958,/ground_truth.poses[1].position.y,1.3073224880531262
-0.9199174775485334,1766740195.643794265,/ground_truth.poses[1].position.y,1.3073224879977885
-0.9199174774683514,1766740195.664192203,/ground_truth.poses[1].position.y,1.3073224879443721
-0.9199174773867471,1766740195.683917119,/ground_truth.poses[1].position.y,1.3073224878929162
-0.9199174773037709,1766740195.704417068,/ground_truth.poses[1].position.y,1.3073224878434586
-0.9199174772194754,1766740195.724861282,/ground_truth.poses[1].position.y,1.3073224877960357
-0.9199174771339128,1766740195.744328869,/ground_truth.poses[1].position.y,1.3073224877506826
-0.919917477047136,1766740195.764639295,/ground_truth.poses[1].position.y,1.307322487707433
-0.9199174769592007,1766740195.784549857,/ground_truth.poses[1].position.y,1.307322487666318
-0.919917476870161,1766740195.804546809,/ground_truth.poses[1].position.y,1.307322487627369
-0.9199174767800735,1766740195.824840543,/ground_truth.poses[1].position.y,1.3073224875906142
-0.9199174766889948,1766740195.844579546,/ground_truth.poses[1].position.y,1.307322487556082
-0.9199174765969824,1766740195.864899950,/ground_truth.poses[1].position.y,1.3073224875237985
-0.9199174765040943,1766740195.884965941,/ground_truth.poses[1].position.y,1.3073224874937874
-0.9199174764103881,1766740195.904821730,/ground_truth.poses[1].position.y,1.3073224874660723
-0.9199174763159237,1766740195.925069650,/ground_truth.poses[1].position.y,1.307322487440675
-0.9199174762207609,1766740195.944993225,/ground_truth.poses[1].position.y,1.3073224874176148
-0.9199174761249588,1766740195.965202833,/ground_truth.poses[1].position.y,1.30732248739691
-0.9199174760285784,1766740195.985250690,/ground_truth.poses[1].position.y,1.3073224873785774
-0.9199174759316805,1766740196.005111980,/ground_truth.poses[1].position.y,1.307322487362633
-0.9199174758343261,1766740196.025415714,/ground_truth.poses[1].position.y,1.3073224873490892
-0.9199174757365767,1766740196.045536587,/ground_truth.poses[1].position.y,1.3073224873379583
-0.9199174756384944,1766740196.065469530,/ground_truth.poses[1].position.y,1.307322487329251
-0.9199174755401407,1766740196.085479356,/ground_truth.poses[1].position.y,1.3073224873229758
-0.9199174754415772,1766740196.105526262,/ground_truth.poses[1].position.y,1.3073224873191407
-0.9199174753428666,1766740196.125888794,/ground_truth.poses[1].position.y,1.3073224873177505
-0.9199174752440711,1766740196.145795088,/ground_truth.poses[1].position.y,1.3073224873188092
-0.9199174751452536,1766740196.165740816,/ground_truth.poses[1].position.y,1.3073224873223193
-0.9199174750464759,1766740196.185782411,/ground_truth.poses[1].position.y,1.3073224873282814
-0.9199174749478011,1766740196.206074382,/ground_truth.poses[1].position.y,1.307322487336695
-0.9199174748492902,1766740196.226190046,/ground_truth.poses[1].position.y,1.3073224873475568
-0.9199174747510066,1766740196.246072656,/ground_truth.poses[1].position.y,1.307322487360864
-0.919917474653012,1766740196.266290078,/ground_truth.poses[1].position.y,1.3073224873766105
-0.9199174745553673,1766740196.286166306,/ground_truth.poses[1].position.y,1.307322487394789
-0.9199174744581351,1766740196.306310192,/ground_truth.poses[1].position.y,1.3073224874153897
-0.9199174743613758,1766740196.326690909,/ground_truth.poses[1].position.y,1.3073224874384046
-0.9199174742651511,1766740196.346294770,/ground_truth.poses[1].position.y,1.3073224874638196
-0.9199174741695211,1766740196.366675556,/ground_truth.poses[1].position.y,1.3073224874916223
-0.9199174740745463,1766740196.386433885,/ground_truth.poses[1].position.y,1.3073224875217972
-0.9199174739864666,1766740196.406643393,/ground_truth.poses[1].position.y,1.3073224875522647
-0.9199174739204905,1766740196.427029509,/ground_truth.poses[1].position.y,1.3073224875769878
-0.9199174738406383,1766740196.446732675,/ground_truth.poses[1].position.y,1.3073224876078808
-0.9199174737883765,1766740196.466986165,/ground_truth.poses[1].position.y,1.3073224876292058
-0.9199174737501303,1766740196.486723304,/ground_truth.poses[1].position.y,1.307322487645232
-0.9199174736825911,1766740196.506870807,/ground_truth.poses[1].position.y,1.3073224876739318
-0.9199174736145207,1766740196.527441076,/ground_truth.poses[1].position.y,1.3073224877036518
-0.9199174735568507,1766740196.546849654,/ground_truth.poses[1].position.y,1.307322487729531
-0.9199174734937962,1766740196.567100989,/ground_truth.poses[1].position.y,1.3073224877582483
-0.919917473448473,1766740196.587183091,/ground_truth.poses[1].position.y,1.3073224877791285
-0.9199174734203835,1766740196.607038510,/ground_truth.poses[1].position.y,1.3073224877920782
-0.9199174734203835,1766740196.627678168,/ground_truth.poses[1].position.y,1.3073224877920782
-0.9199174734203835,1766740196.647226566,/ground_truth.poses[1].position.y,1.3073224877920782
-0.9199174734203835,1766740196.667438458,/ground_truth.poses[1].position.y,1.3073224877920782
-0.9199174734203835,1766740196.687528884,/ground_truth.poses[1].position.y,1.3073224877920782
-0.9199174734203835,1766740196.707398891,/ground_truth.poses[1].position.y,1.3073224877920782
-0.9199174734203835,1766740196.727931310,/ground_truth.poses[1].position.y,1.3073224877920782
-0.9199174734203835,1766740196.747752275,/ground_truth.poses[1].position.y,1.3073224877920782
-0.9199174734203835,1766740196.767613645,/ground_truth.poses[1].position.y,1.3073224877920782
-0.9199174734203835,1766740196.787443486,/ground_truth.poses[1].position.y,1.3073224877920782
-0.9199174734203835,1766740196.807847907,/ground_truth.poses[1].position.y,1.3073224877920782
-0.9199174734203835,1766740196.828023672,/ground_truth.poses[1].position.y,1.3073224877920782
-0.9199174734203835,1766740196.847762384,/ground_truth.poses[1].position.y,1.3073224877920782
-0.9199174734203835,1766740196.867823106,/ground_truth.poses[1].position.y,1.3073224877920782
-0.9199174734203835,1766740196.888781127,/ground_truth.poses[1].position.y,1.3073224877920782
-0.919683267710244,1766740196.909091272,/ground_truth.poses[1].position.y,1.3068123198129864
-0.9191685801000185,1766740196.929365841,/ground_truth.poses[1].position.y,1.305691180972059
-0.9183734009284765,1766740196.948835001,/ground_truth.poses[1].position.y,1.3039590501869247
-0.9165479145262404,1766740196.969129477,/ground_truth.poses[1].position.y,1.2999826111843948
-0.9143503100149368,1766740196.988797147,/ground_truth.poses[1].position.y,1.2951955914031767
-0.9120592082489412,1766740197.008956882,/ground_truth.poses[1].position.y,1.2902049074934687
-0.9097681064828426,1766740197.029510180,/ground_truth.poses[1].position.y,1.2852142235835444
-0.907290018484047,1766740197.048987386,/ground_truth.poses[1].position.y,1.2798162294456534
-0.9046249361005374,1766740197.069535154,/ground_truth.poses[1].position.y,1.2740109073223274
-0.9023338302580968,1766740197.089111043,/ground_truth.poses[1].position.y,1.2690202145330163
-0.9000427284917434,1766740197.109359453,/ground_truth.poses[1].position.y,1.2640295306226235
-0.8977516267253306,1766740197.130103727,/ground_truth.poses[1].position.y,1.259038846712125
-0.8954605249588647,1766740197.148963744,/ground_truth.poses[1].position.y,1.2540481628015228
-0.8931694231923435,1766740197.169271154,/ground_truth.poses[1].position.y,1.2490574788908226
-0.8908783214257683,1766740197.189133736,/ground_truth.poses[1].position.y,1.2440667949800215
-0.8885872196591452,1766740197.209348254,/ground_truth.poses[1].position.y,1.239076111069121
-0.8862961178924721,1766740197.230253116,/ground_truth.poses[1].position.y,1.2340854271581276
-0.8840050161257489,1766740197.249200486,/ground_truth.poses[1].position.y,1.229094743247041
-0.8817139143589733,1766740197.269536499,/ground_truth.poses[1].position.y,1.2241040593358672
-0.8794228125921575,1766740197.289424279,/ground_truth.poses[1].position.y,1.2191133754246029
-0.8771317108252908,1766740197.309615423,/ground_truth.poses[1].position.y,1.2141226915132484
-0.8748406090583721,1766740197.330110382,/ground_truth.poses[1].position.y,1.2091320076018135
-0.8725495072914154,1766740197.349497680,/ground_truth.poses[1].position.y,1.2041413236902923
-0.8702584055244106,1766740197.369747243,/ground_truth.poses[1].position.y,1.1991506397786915
-0.8679673037573606,1766740197.390038123,/ground_truth.poses[1].position.y,1.1941599558670124
-0.8654892138439995,1766740197.409832248,/ground_truth.poses[1].position.y,1.1887619575589243
-0.8631981100387931,1766740197.430420241,/ground_truth.poses[1].position.y,1.1837712692075704
-0.8609070082716157,1766740197.450019884,/ground_truth.poses[1].position.y,1.1787805852956472
-0.8586159065044001,1766740197.470156056,/ground_truth.poses[1].position.y,1.1737899013836475
-0.8563248047371481,1766740197.490096814,/ground_truth.poses[1].position.y,1.168799217471575
-0.8540337029698596,1766740197.510081153,/ground_truth.poses[1].position.y,1.1638085335594295
-0.8517426012025309,1766740197.530449106,/ground_truth.poses[1].position.y,1.1588178496472203
-0.8494514994351616,1766740197.550427063,/ground_truth.poses[1].position.y,1.15382716573494
-0.847160397667757,1766740197.570192044,/ground_truth.poses[1].position.y,1.1488364818225938
-0.8448692959003168,1766740197.590211709,/ground_truth.poses[1].position.y,1.1438457979101815
-0.8425781941328476,1766740197.610521384,/ground_truth.poses[1].position.y,1.1388551139977054
-0.840287092365343,1766740197.630938168,/ground_truth.poses[1].position.y,1.1338644300851632
-0.8379959905978036,1766740197.650623019,/ground_truth.poses[1].position.y,1.128873746172562
-0.8357048888302313,1766740197.670733704,/ground_truth.poses[1].position.y,1.1238830622598983
-0.8334137870626277,1766740197.690529242,/ground_truth.poses[1].position.y,1.1188923783471765
-0.8311226852949903,1766740197.710811355,/ground_truth.poses[1].position.y,1.1139016944344027
-0.8288315835273273,1766740197.731074674,/ground_truth.poses[1].position.y,1.1089110105215656
-0.8265404817596382,1766740197.750763913,/ground_truth.poses[1].position.y,1.103920326608675
-0.8242493799919182,1766740197.771169807,/ground_truth.poses[1].position.y,1.0989296426957262
-0.82195827822416,1766740197.790814113,/ground_truth.poses[1].position.y,1.0939389587827273
-0.8195736834022296,1766740197.810948452,/ground_truth.poses[1].position.y,1.0887446198911706
-0.8170955914501106,1766740197.831489227,/ground_truth.poses[1].position.y,1.083346617142329
-0.8148086954161948,1766740197.850840508,/ground_truth.poses[1].position.y,1.0783580331173417
-0.8125543148791115,1766740197.871233628,/ground_truth.poses[1].position.y,1.073409747552551
-0.8103233011309217,1766740197.890967861,/ground_truth.poses[1].position.y,1.0684621419539022
-0.8081231112034506,1766740197.911080048,/ground_truth.poses[1].position.y,1.063523217105835
-0.8059643562083257,1766740197.931880396,/ground_truth.poses[1].position.y,1.0585996451779296
-0.8038526484104949,1766740197.951086637,/ground_truth.poses[1].position.y,1.0536780450912966
-0.8017924693923336,1766740197.971337041,/ground_truth.poses[1].position.y,1.0487513408937486
-0.799784016109244,1766740197.991715554,/ground_truth.poses[1].position.y,1.0438088658615867
-0.797840124013088,1766740198.011636696,/ground_truth.poses[1].position.y,1.0388737290180297
-0.7959587295700005,1766740198.032696677,/ground_truth.poses[1].position.y,1.0339199194782123
-0.7941425356453643,1766740198.051790760,/ground_truth.poses[1].position.y,1.0289473023174756
-0.7923908405190201,1766740198.071979048,/ground_truth.poses[1].position.y,1.023951599565795
-0.7907162670651802,1766740198.092040121,/ground_truth.poses[1].position.y,1.0189619958353882
-0.7891165097556445,1766740198.112277912,/ground_truth.poses[1].position.y,1.0139479047467603
-0.7875919265244702,1766740198.132308177,/ground_truth.poses[1].position.y,1.0089104471672627
-0.7861391798503536,1766740198.152756830,/ground_truth.poses[1].position.y,1.0038411246547672
-0.7847603203693909,1766740198.172415022,/ground_truth.poses[1].position.y,0.9987565243900548
-0.7834580951000814,1766740198.192683962,/ground_truth.poses[1].position.y,0.993657059492543
-0.7822290345617734,1766740198.212265832,/ground_truth.poses[1].position.y,0.9885289103306104
-0.7810744600735077,1766740198.232508252,/ground_truth.poses[1].position.y,0.9833887380504112
-0.7799970978963466,1766740198.252786277,/ground_truth.poses[1].position.y,0.9782370758302069
-0.7789940878748952,1766740198.272462423,/ground_truth.poses[1].position.y,0.9730599651949468
-0.7780651335127258,1766740198.293043693,/ground_truth.poses[1].position.y,0.9678690548368104
-0.7772104243233721,1766740198.312945860,/ground_truth.poses[1].position.y,0.9626654043148521
-0.7764325286537945,1766740198.332810306,/ground_truth.poses[1].position.y,0.9574600979710459
-0.7757325750439338,1766740198.352865307,/ground_truth.poses[1].position.y,0.9522437392952838
-0.7751101328596504,1766740198.372749731,/ground_truth.poses[1].position.y,0.9470123972955165
-0.7745633252849945,1766740198.393761091,/ground_truth.poses[1].position.y,0.9417726058118085
-0.7740945433311204,1766740198.413131448,/ground_truth.poses[1].position.y,0.9365304138686361
-0.7737042206201332,1766740198.432972280,/ground_truth.poses[1].position.y,0.9312817968060051
-0.773392444475269,1766740198.453237452,/ground_truth.poses[1].position.y,0.9260279288476384
-0.7731592846472807,1766740198.473348668,/ground_truth.poses[1].position.y,0.9207699853919833
-0.7730050562955343,1766740198.493526046,/ground_truth.poses[1].position.y,0.915519402221234
-0.7729348497077563,1766740198.513251875,/ground_truth.poses[1].position.y,0.9102772952941676
-0.7729547829456217,1766740198.533178617,/ground_truth.poses[1].position.y,0.905059472558941
-0.773079932789334,1766740198.553093146,/ground_truth.poses[1].position.y,0.89987487826862
-0.7733080693800661,1766740198.573314076,/ground_truth.poses[1].position.y,0.8946886527566815
-0.7736384856490496,1766740198.593534164,/ground_truth.poses[1].position.y,0.8895027961157336
-0.7740685918537028,1766740198.613355490,/ground_truth.poses[1].position.y,0.8843191007474794
-0.7746026308766966,1766740198.633482966,/ground_truth.poses[1].position.y,0.8790399000946297
-0.7752248100241936,1766740198.653395101,/ground_truth.poses[1].position.y,0.8736987607166338
-0.7758916975499659,1766740198.673695388,/ground_truth.poses[1].position.y,0.8683228710359417
-0.7765876528642488,1766740198.693967172,/ground_truth.poses[1].position.y,0.8628756964921126
-0.7772552087444398,1766740198.713500603,/ground_truth.poses[1].position.y,0.8576508045218305
-0.7778943634605487,1766740198.733792063,/ground_truth.poses[1].position.y,0.8526482055733345
-0.7785903186477541,1766740198.753537669,/ground_truth.poses[1].position.y,0.8472010351176748
-0.779257874528121,1766740198.773714666,/ground_truth.poses[1].position.y,0.8419761431473457
-0.7798970292443981,1766740198.795681425,/ground_truth.poses[1].position.y,0.836973544198802
-0.7805929844317745,1766740198.813889950,/ground_truth.poses[1].position.y,0.8315263737431015
-0.7812889402382931,1766740198.834314609,/ground_truth.poses[1].position.y,0.826079198441787
-0.7819848960448624,1766740198.854124844,/ground_truth.poses[1].position.y,0.8206320231404503
-0.7826808518514938,1766740198.874253091,/ground_truth.poses[1].position.y,0.8151848478390945
-0.7833768076581688,1766740198.894732211,/ground_truth.poses[1].position.y,0.8097376725377197
-0.7840727634648987,1766740198.914262876,/ground_truth.poses[1].position.y,0.8042904972363252
-0.7847119188006245,1766740198.934543698,/ground_truth.poses[1].position.y,0.7992878934421743
-0.7853794734432993,1766740198.954412281,/ground_truth.poses[1].position.y,0.7940630111626689
-0.7860754292501553,1766740198.974418191,/ground_truth.poses[1].position.y,0.7886158358613431
-0.7867713850570756,1766740198.994964647,/ground_truth.poses[1].position.y,0.7831686605598949
-0.7874673408640385,1766740199.014524576,/ground_truth.poses[1].position.y,0.7777214852584319
-0.7881632966710461,1766740199.034753972,/ground_truth.poses[1].position.y,0.772274309956948
-0.7888024520070442,1766740199.055011129,/ground_truth.poses[1].position.y,0.7672717061627072
-0.7894416067239886,1766740199.074655095,/ground_truth.poses[1].position.y,0.7622691072140538
-0.7900807614409712,1766740199.095110551,/ground_truth.poses[1].position.y,0.7572665082653941
-0.7907483167030539,1766740199.115241013,/ground_truth.poses[1].position.y,0.7520416211404098
-0.7913874714201291,1766740199.135004922,/ground_truth.poses[1].position.y,0.747039022191631
-0.792055026063228,1766740199.155157074,/ground_truth.poses[1].position.y,0.7418141399120146
-0.7927509818705023,1766740199.175058449,/ground_truth.poses[1].position.y,0.7363669646105796
-0.7934185377518327,1766740199.195278788,/ground_truth.poses[1].position.y,0.7311420726399653
-0.7940860923950516,1766740199.215388761,/ground_truth.poses[1].position.y,0.7259171903602003
-0.7947252477313894,1766740199.235274087,/ground_truth.poses[1].position.y,0.7209145865659928
-0.7954133721958695,1766740199.255454471,/ground_truth.poses[1].position.y,0.7155052080041973
-0.7960622992236613,1766740199.275620278,/ground_truth.poses[1].position.y,0.7102930547556033
-0.7967021033996773,1766740199.295713060,/ground_truth.poses[1].position.y,0.7049449359813095
-0.7973050312602116,1766740199.315565754,/ground_truth.poses[1].position.y,0.6995925274022251
-0.7978552376961162,1766740199.335697448,/ground_truth.poses[1].position.y,0.6943882664543235
-0.7983396685822695,1766740199.355448463,/ground_truth.poses[1].position.y,0.6894740117448519
-0.7988160185889834,1766740199.375663252,/ground_truth.poses[1].position.y,0.6842700289491488
-0.799226899964985,1766740199.395531866,/ground_truth.poses[1].position.y,0.6793593794862401
-0.7996006210037866,1766740199.415553405,/ground_truth.poses[1].position.y,0.6744457654838963
-0.7999316955004405,1766740199.435902563,/ground_truth.poses[1].position.y,0.6695175462138802
-0.8001900958076209,1766740199.456032854,/ground_truth.poses[1].position.y,0.6646993170049189
-0.8003775751881592,1766740199.476229499,/ground_truth.poses[1].position.y,0.6598880848497947
-0.8004930600156909,1766740199.496341877,/ground_truth.poses[1].position.y,0.6550745864731419
-0.8005364972588038,1766740199.516021700,/ground_truth.poses[1].position.y,0.650265030479313
-0.8005026322618017,1766740199.536374234,/ground_truth.poses[1].position.y,0.6455015992274231
-0.8003819666674382,1766740199.556016047,/ground_truth.poses[1].position.y,0.6407549766181465
-0.8001902135829699,1766740199.576328637,/ground_truth.poses[1].position.y,0.6363298709858983
-0.7999332875833288,1766740199.596751082,/ground_truth.poses[1].position.y,0.6322307896594682
-0.7995859604414655,1766740199.616353591,/ground_truth.poses[1].position.y,0.6284512639589341
-0.799151172316899,1766740199.636667093,/ground_truth.poses[1].position.y,0.6246706026915644
-0.7986327107797755,1766740199.656837910,/ground_truth.poses[1].position.y,0.6209056842470798
-0.7980281156958542,1766740199.676703308,/ground_truth.poses[1].position.y,0.6171484372344529
-0.7972845507695991,1766740199.697239725,/ground_truth.poses[1].position.y,0.613088401437424
-0.7965056670997797,1766740199.716686714,/ground_truth.poses[1].position.y,0.6093419438334049
-0.7956476995980936,1766740199.736920138,/ground_truth.poses[1].position.y,0.6056343389185512
-0.7947057731241985,1766740199.756998131,/ground_truth.poses[1].position.y,0.6019418737795956
-0.7936806403311989,1766740199.776799541,/ground_truth.poses[1].position.y,0.5982609798715136
-0.7925415015257166,1766740199.797070894,/ground_truth.poses[1].position.y,0.5944667299640567
-0.7913210058809074,1766740199.817203480,/ground_truth.poses[1].position.y,0.5906339540229288
-0.7900471409768121,1766740199.837178582,/ground_truth.poses[1].position.y,0.5866875735788544
-0.7887732760726295,1766740199.857406295,/ground_truth.poses[1].position.y,0.5827411931347211
-0.7874994111684235,1766740199.877150848,/ground_truth.poses[1].position.y,0.5787948126906024
-0.7862943836060892,1766740199.897676655,/ground_truth.poses[1].position.y,0.5750616874658621
-0.7851581963867234,1766740199.917492962,/ground_truth.poses[1].position.y,0.5715418267577779
-0.7838843329830563,1766740199.937478513,/ground_truth.poses[1].position.y,0.5675954509625097
-0.7826793054206646,1766740199.957517054,/ground_truth.poses[1].position.y,0.5638623257378299
-0.7815431182012451,1766740199.977584869,/ground_truth.poses[1].position.y,0.5603424650298066
-0.7804069309818416,1766740199.997708257,/ground_truth.poses[1].position.y,0.556822604321911
-0.7792707437624229,1766740200.018685585,/ground_truth.poses[1].position.y,0.553302743614034
-0.7781345565429879,1766740200.038578264,/ground_truth.poses[1].position.y,0.5497828829061818
-0.7769295319816476,1766740200.058449844,/ground_truth.poses[1].position.y,0.5460497669789857
-0.7756556670772968,1766740200.078700469,/ground_truth.poses[1].position.y,0.5421033865351683
-0.7743818021728986,1766740200.098592126,/ground_truth.poses[1].position.y,0.5381570060912577
-0.7731079372684838,1766740200.118384890,/ground_truth.poses[1].position.y,0.5342106256473607
-0.7718340723640531,1766740200.138689576,/ground_truth.poses[1].position.y,0.5302642452034715
-0.7705602074596043,1766740200.158492127,/ground_truth.poses[1].position.y,0.5263178647595944
-0.7692863425551388,1766740200.178732543,/ground_truth.poses[1].position.y,0.522371484315727
-0.7680124776506551,1766740200.198560622,/ground_truth.poses[1].position.y,0.5184251038718682
-0.7667386127461566,1766740200.218656369,/ground_truth.poses[1].position.y,0.5144787234280221
-0.7654647478416451,1766740200.239164284,/ground_truth.poses[1].position.y,0.5105323429841865
-0.7641908829371173,1766740200.258952468,/ground_truth.poses[1].position.y,0.5065859625403569
-0.762917018032577,1766740200.278474728,/ground_truth.poses[1].position.y,0.5026395820965376
-0.7616431531280142,1766740200.298863230,/ground_truth.poses[1].position.y,0.49869320165272646
-0.7603692882234432,1766740200.318590231,/ground_truth.poses[1].position.y,0.49474682120892416
-0.7590954233188568,1766740200.338990014,/ground_truth.poses[1].position.y,0.49080044076513285
-0.7578215584142567,1766740200.358572736,/ground_truth.poses[1].position.y,0.48685406032135037
-0.7565476935096415,1766740200.378819153,/ground_truth.poses[1].position.y,0.48290767987757
-0.7552738286050142,1766740200.399541397,/ground_truth.poses[1].position.y,0.47896129943380134
-0.7539999637003756,1766740200.418978478,/ground_truth.poses[1].position.y,0.4750149189900388
-0.7527260987957246,1766740200.439155947,/ground_truth.poses[1].position.y,0.4710685385462845
-0.7513145577067443,1766740200.459187334,/ground_truth.poses[1].position.y,0.4666956430152238
-0.7499030151171464,1766740200.479374471,/ground_truth.poses[1].position.y,0.4623227428353709
-0.7484914725275369,1766740200.499649933,/ground_truth.poses[1].position.y,0.45794984265551253
-0.747079929937917,1766740200.519253173,/ground_truth.poses[1].position.y,0.45357694247565233
-0.745668387348281,1766740200.539448025,/ground_truth.poses[1].position.y,0.4492040422957843
-0.7442568447586314,1766740200.559422015,/ground_truth.poses[1].position.y,0.4448311421159155
-0.7428453021689697,1766740200.579400484,/ground_truth.poses[1].position.y,0.44045824193604344
-0.7414337595792858,1766740200.599758419,/ground_truth.poses[1].position.y,0.4360853417561694
-0.7399533796477005,1766740200.619910291,/ground_truth.poses[1].position.y,0.4314991863569253
-0.7384041593731109,1766740200.639685611,/ground_truth.poses[1].position.y,0.426699766441032
-0.7368549390984729,1766740200.659791698,/ground_truth.poses[1].position.y,0.4219003465250269
-0.7353057188238175,1766740200.679713832,/ground_truth.poses[1].position.y,0.4171009266090045
-0.7337564985491489,1766740200.699834826,/ground_truth.poses[1].position.y,0.41230150669297
-0.7322072782744604,1766740200.720044235,/ground_truth.poses[1].position.y,0.40750208677692323
-0.730658057999762,1766740200.740008176,/ground_truth.poses[1].position.y,0.40270266686086553
-0.72897116144918,1766740200.759989781,/ground_truth.poses[1].position.y,0.39747673157385877
-0.7272842633979849,1766740200.780318441,/ground_truth.poses[1].position.y,0.39225079163804966
-0.725597365346777,1766740200.800116234,/ground_truth.poses[1].position.y,0.387024851702217
-0.7239104672955533,1766740200.820311717,/ground_truth.poses[1].position.y,0.3817989117663593
-0.7222235692443048,1766740200.840977284,/ground_truth.poses[1].position.y,0.3765729718304795
-0.7205366711930419,1766740200.860226546,/ground_truth.poses[1].position.y,0.3713470318945788
-0.7188497731417576,1766740200.880482010,/ground_truth.poses[1].position.y,0.36612109195865716
-0.717162875090458,1766740200.900463545,/ground_truth.poses[1].position.y,0.3608951520227173
-0.7154759770391448,1766740200.920401618,/ground_truth.poses[1].position.y,0.35566921208675645
-0.7137890789878164,1766740200.940931423,/ground_truth.poses[1].position.y,0.35044327215077714
-0.7121021809364669,1766740200.960227532,/ground_truth.poses[1].position.y,0.345217332214784
-0.7104152828851139,1766740200.980525966,/ground_truth.poses[1].position.y,0.33999139227875963
-0.7087283848337338,1766740201.001072182,/ground_truth.poses[1].position.y,0.33476545234272526
-0.7070414867823455,1766740201.020822215,/ground_truth.poses[1].position.y,0.32953951240666796
-0.7053545887309443,1766740201.041015144,/ground_truth.poses[1].position.y,0.3243135724705963
-0.7036676906795274,1766740201.060996518,/ground_truth.poses[1].position.y,0.31908763253450895
-0.7019807926280964,1766740201.081288040,/ground_truth.poses[1].position.y,0.3138616925984029
-0.7001562184838873,1766740201.101429352,/ground_truth.poses[1].position.y,0.30820923785857585
-0.6984004801351866,1766740201.121784161,/ground_truth.poses[1].position.y,0.30277003354749876
-0.6967135820836818,1766740201.141628571,/ground_truth.poses[1].position.y,0.2975440936112271
-0.6948890079394293,1766740201.161802143,/ground_truth.poses[1].position.y,0.2918916388713352
-0.6930644322945652,1766740201.181884155,/ground_truth.poses[1].position.y,0.28623917948263317
-0.6912398566496797,1766740201.202204670,/ground_truth.poses[1].position.y,0.28058672009391283
-0.6894152810047834,1766740201.221565249,/ground_truth.poses[1].position.y,0.2749342607051634
-0.6875907053598749,1766740201.241776852,/ground_truth.poses[1].position.y,0.26928180131638774
-0.6857661297149553,1766740201.261821394,/ground_truth.poses[1].position.y,0.26362934192759035
-0.6839415540700199,1766740201.281773364,/ground_truth.poses[1].position.y,0.257976882538773
-0.6821169784250708,1766740201.302189467,/ground_truth.poses[1].position.y,0.25232442314993225
-0.6802924027801079,1766740201.322009251,/ground_truth.poses[1].position.y,0.24667196376106823
-0.6784678271351294,1766740201.341943057,/ground_truth.poses[1].position.y,0.24101950437218392
-0.6766432514901392,1766740201.362023085,/ground_truth.poses[1].position.y,0.23536704498327285
-0.6748186758451369,1766740201.381933106,/ground_truth.poses[1].position.y,0.22971458559434257
-0.6729941002001193,1766740201.402950689,/ground_truth.poses[1].position.y,0.22406212620539173
-0.6711695245550916,1766740201.422188069,/ground_truth.poses[1].position.y,0.2184096668164185
-0.6693449489100538,1766740201.442166558,/ground_truth.poses[1].position.y,0.21275720742742274
-0.6675203732650057,1766740201.462311146,/ground_truth.poses[1].position.y,0.20710474803841225
-0.6656957976199425,1766740201.482291298,/ground_truth.poses[1].position.y,0.20145228864938858
-0.6638712219748747,1766740201.502609840,/ground_truth.poses[1].position.y,0.19579982926034067
-0.6620466463297986,1766740201.522597346,/ground_truth.poses[1].position.y,0.19014736987127484
-0.6602220706847012,1766740201.542605130,/ground_truth.poses[1].position.y,0.18449491048219263
-0.6583974950395924,1766740201.562474646,/ground_truth.poses[1].position.y,0.17884245109309058
-0.6565729193944758,1766740201.582742193,/ground_truth.poses[1].position.y,0.17318999170397012
-0.6547483437493494,1766740201.602632688,/ground_truth.poses[1].position.y,0.16753753231483456
-0.6529237681042103,1766740201.622543782,/ground_truth.poses[1].position.y,0.16188507292568205
-0.6510991924590586,1766740201.642664826,/ground_truth.poses[1].position.y,0.1562326135365126
-0.6492746168139072,1766740201.662431411,/ground_truth.poses[1].position.y,0.15058015414733225
-0.6474500411687416,1766740201.682725767,/ground_truth.poses[1].position.y,0.14492769475813017
-0.6454877892477048,1766740201.702944233,/ground_truth.poses[1].position.y,0.1388487199979798
-0.6436632121019189,1766740201.722747887,/ground_truth.poses[1].position.y,0.13319625595995252
-0.6418386364567215,1766740201.743081918,/ground_truth.poses[1].position.y,0.12754379657069856
-0.6400150685577953,1766740201.762638261,/ground_truth.poses[1].position.y,0.12189365184645455
-0.6381987456506778,1766740201.782896440,/ground_truth.poses[1].position.y,0.11626273723672252
-0.6364009847808436,1766740201.803337591,/ground_truth.poses[1].position.y,0.11064742096607263
-0.6344920659437301,1766740201.822903983,/ground_truth.poses[1].position.y,0.10461869169532557
-0.6326544608808058,1766740201.843196406,/ground_truth.poses[1].position.y,0.09872987660717751
-0.6309337984563634,1766740201.863002835,/ground_truth.poses[1].position.y,0.09312265699129162
-0.6292443876690856,1766740201.883294957,/ground_truth.poses[1].position.y,0.0875166653672886
-0.6275875369312814,1766740201.903482275,/ground_truth.poses[1].position.y,0.08190631506539374
-0.6259660877512642,1766740201.923318019,/ground_truth.poses[1].position.y,0.07629097411602984
-0.6243795843242026,1766740201.943338185,/ground_truth.poses[1].position.y,0.07066566005396982
-0.6228280879842749,1766740201.963550078,/ground_truth.poses[1].position.y,0.06503059035360223
-0.6213116587122512,1766740201.983375733,/ground_truth.poses[1].position.y,0.059385982866476186
-0.6198303551332328,1766740202.003885271,/ground_truth.poses[1].position.y,0.05373205581287659
-0.6183842345143324,1766740202.023578699,/ground_truth.poses[1].position.y,0.04806902777336977
-0.6169802084032591,1766740202.043604847,/ground_truth.poses[1].position.y,0.04241656788862456
-0.6156189675017527,1766740202.063636565,/ground_truth.poses[1].position.y,0.036753652663752634
-0.614300589741032,1766740202.083743684,/ground_truth.poses[1].position.y,0.03108060535953535
-0.6130251505165023,1766740202.104177651,/ground_truth.poses[1].position.y,0.025397750406231014
-0.6117989737956447,1766740202.123909020,/ground_truth.poses[1].position.y,0.019725065639099898
-0.6106233707679751,1766740202.143861140,/ground_truth.poses[1].position.y,0.014041685225547388
-0.6094984347977064,1766740202.164021408,/ground_truth.poses[1].position.y,0.008348059450487673
-0.6084290514761852,1766740202.184129809,/ground_truth.poses[1].position.y,0.0026344226585226066
-0.6074563358575424,1766740202.204055931,/ground_truth.poses[1].position.y,-0.0030038499744489805
-0.6065642602949974,1766740202.224150396,/ground_truth.poses[1].position.y,-0.008655442240906506
-0.6057580630161388,1766740202.244119928,/ground_truth.poses[1].position.y,-0.014328944102546055
-0.6050747697399506,1766740202.264122733,/ground_truth.poses[1].position.y,-0.019921651481071227
-0.6045049443974164,1766740202.284377697,/ground_truth.poses[1].position.y,-0.02552189327871481
-0.6040508866749316,1766740202.304508239,/ground_truth.poses[1].position.y,-0.03112240638948065
-0.6037148562587329,1766740202.324475667,/ground_truth.poses[1].position.y,-0.03672609779662087
-0.6034996659549969,1766740202.344703941,/ground_truth.poses[1].position.y,-0.0423305887114479
-0.6034049079874295,1766740202.364380368,/ground_truth.poses[1].position.y,-0.04794867826220978
-0.6034281871808375,1766740202.384654849,/ground_truth.poses[1].position.y,-0.053567518931888526
-0.6035694931588904,1766740202.404595147,/ground_truth.poses[1].position.y,-0.05918463073520831
-0.6038287635604219,1766740202.424462980,/ground_truth.poses[1].position.y,-0.06479753472937463
-0.6042058839642882,1766740202.444892899,/ground_truth.poses[1].position.y,-0.0704037538285761
-0.6047006879397536,1766740202.464526677,/ground_truth.poses[1].position.y,-0.07600081389718484
-0.605312957120017,1766740202.484929596,/ground_truth.poses[1].position.y,-0.0815862448416227
-0.6060424212985522,1766740202.505518511,/ground_truth.poses[1].position.y,-0.0871575817004983
-0.6068887585483591,1766740202.524967295,/ground_truth.poses[1].position.y,-0.09271236573239244
-0.6078515953640155,1766740202.545217640,/ground_truth.poses[1].position.y,-0.09824814550098926
-0.608930506826541,1766740202.564955892,/ground_truth.poses[1].position.y,-0.10376247795693229
-0.6101250167909252,1766740202.585179147,/ground_truth.poses[1].position.y,-0.10925292951598677
-0.6114345980962342,1766740202.606215174,/ground_truth.poses[1].position.y,-0.11471707713303388
-0.6128586727982657,1766740202.625150713,/ground_truth.poses[1].position.y,-0.12015250937139134
-0.6143966124246115,1766740202.645567507,/ground_truth.poses[1].position.y,-0.12555682746706007
-0.616047738252041,1766740202.665400255,/ground_truth.poses[1].position.y,-0.13092764638731877
-0.6178113216059822,1766740202.685522772,/ground_truth.poses[1].position.y,-0.1362625958832996
-0.6196865841821215,1766740202.706121957,/ground_truth.poses[1].position.y,-0.1415593215360377
-0.6216726983899261,1766740202.725585989,/ground_truth.poses[1].position.y,-0.146815485795474
-0.6237687877178113,1766740202.745729695,/ground_truth.poses[1].position.y,-0.15202876901212928
-0.6259739271199923,1766740202.765969781,/ground_truth.poses[1].position.y,-0.15719687046075315
-0.6282871434247227,1766740202.785698626,/ground_truth.poses[1].position.y,-0.16231750935574232
-0.6307074157637969,1766740202.806233721,/ground_truth.poses[1].position.y,-0.16738842585760377
-0.633233676023055,1766740202.825838706,/ground_truth.poses[1].position.y,-0.17240738207036937
-0.6358648093137381,1766740202.846092287,/ground_truth.poses[1].position.y,-0.1773721630291625
-0.6385996544645641,1766740202.866126039,/ground_truth.poses[1].position.y,-0.1822805776777105
-0.6415419717936763,1766740202.886136167,/ground_truth.poses[1].position.y,-0.18732571554894964
-0.6445537585280839,1766740202.906573550,/ground_truth.poses[1].position.y,-0.192312190006041
-0.6476290119843768,1766740202.926467001,/ground_truth.poses[1].position.y,-0.1973307176111138
-0.6507457829369554,1766740202.946303626,/ground_truth.poses[1].position.y,-0.20238691235290354
-0.6538625544503405,1766740202.966355241,/ground_truth.poses[1].position.y,-0.2074431074407591
-0.6569793259638144,1766740202.986373334,/ground_truth.poses[1].position.y,-0.2124993025285813
-0.6600960974773695,1766740203.006760494,/ground_truth.poses[1].position.y,-0.2175554976163664
-0.6632128689909991,1766740203.026609743,/ground_truth.poses[1].position.y,-0.22261169270412115
-0.6663296405047049,1766740203.046613169,/ground_truth.poses[1].position.y,-0.22766788779184755
-0.6694464120184898,1766740203.066484068,/ground_truth.poses[1].position.y,-0.2327240828795325
-0.6725631835323507,1766740203.086788995,/ground_truth.poses[1].position.y,-0.2377802779671949
-0.6756799550462814,1766740203.107193688,/ground_truth.poses[1].position.y,-0.24283647305482714
-0.6787967265602867,1766740203.126694718,/ground_truth.poses[1].position.y,-0.24789266814243494
-0.6817959090204881,1766740203.148149856,/ground_truth.poses[1].position.y,-0.2527581039160768
-0.6847950863542394,1766740203.167846611,/ground_truth.poses[1].position.y,-0.25762353137316446
-0.6879118578683838,1766740203.188214305,/ground_truth.poses[1].position.y,-0.2626797264605837
-0.6910286293826552,1766740203.208151537,/ground_truth.poses[1].position.y,-0.26773592154806986
-0.6939102202260139,1766740203.227901461,/ground_truth.poses[1].position.y,-0.27241059384944055
-0.6969093975599582,1766740203.248109408,/ground_truth.poses[1].position.y,-0.27727602130632006
-0.7000261690743482,1766740203.267893125,/ground_truth.poses[1].position.y,-0.2823322163936226
-0.702907759917879,1766740203.288353471,/ground_truth.poses[1].position.y,-0.2870068886949035
-0.705789348198132,1766740203.308841218,/ground_truth.poses[1].position.y,-0.29168155683776603
-0.7089061171494072,1766740203.328189144,/ground_truth.poses[1].position.y,-0.2967377477666714
-0.7117877079931038,1766740203.348513888,/ground_truth.poses[1].position.y,-0.30141242006786895
-0.7146692962735083,1766740203.368346726,/ground_truth.poses[1].position.y,-0.30608708821064134
-0.7175508845539712,1766740203.388353218,/ground_truth.poses[1].position.y,-0.310761756353378
-0.7204324728344798,1766740203.408506412,/ground_truth.poses[1].position.y,-0.315436424496084
-0.7233140611150374,1766740203.427972728,/ground_truth.poses[1].position.y,-0.32011109263875753
-0.7261956493956347,1766740203.448314594,/ground_truth.poses[1].position.y,-0.3247857607814041
-0.7290772376762856,1766740203.468320184,/ground_truth.poses[1].position.y,-0.32946042892402033
-0.7319588259569734,1766740203.488124479,/ground_truth.poses[1].position.y,-0.334135097066614
-0.7348404142377105,1766740203.508991302,/ground_truth.poses[1].position.y,-0.33880976520917483
-0.7377220025184968,1766740203.528953731,/ground_truth.poses[1].position.y,-0.3434844333517134
-0.7406035907993246,1766740203.548681584,/ground_truth.poses[1].position.y,-0.34815910149421897
-0.7434851790801899,1766740203.569018902,/ground_truth.poses[1].position.y,-0.3528337696367014
-0.7463667673610895,1766740203.588892435,/ground_truth.poses[1].position.y,-0.3575084377791576
-0.7492483556420301,1766740203.609195058,/ground_truth.poses[1].position.y,-0.3621831059215994
-0.7521299439230148,1766740203.628839506,/ground_truth.poses[1].position.y,-0.36685777406401143
-0.755011532204034,1766740203.648946815,/ground_truth.poses[1].position.y,-0.37153244220640264
-0.7580705983064489,1766740203.669250289,/ground_truth.poses[1].position.y,-0.37651718967160913
-0.7611031853691808,1766740203.689190577,/ground_truth.poses[1].position.y,-0.3815510582330571
-0.7639871611486408,1766740203.709283420,/ground_truth.poses[1].position.y,-0.38648068404828356
-0.7666351160850137,1766740203.729295963,/ground_truth.poses[1].position.y,-0.39112150809696256
-0.7691471910513383,1766740203.749141695,/ground_truth.poses[1].position.y,-0.3957346879754873
-0.7715868472646388,1766740203.769341667,/ground_truth.poses[1].position.y,-0.4003865721943453
-0.7741554135287511,1766740203.789462451,/ground_truth.poses[1].position.y,-0.4054761344915485
-0.7766040821017381,1766740203.809348839,/ground_truth.poses[1].position.y,-0.4104727415259574
-0.7788220837538351,1766740203.829301510,/ground_truth.poses[1].position.y,-0.4152350724744735
-0.7811479162547877,1766740203.849261856,/ground_truth.poses[1].position.y,-0.4204400393527253
-0.7833583654141065,1766740203.869465985,/ground_truth.poses[1].position.y,-0.4255465032708971
-0.7853494457644489,1766740203.889589244,/ground_truth.poses[1].position.y,-0.4304080796134807
-0.7872640209855145,1766740203.909778466,/ground_truth.poses[1].position.y,-0.4352995365476662
-0.7891019005155623,1766740203.929607827,/ground_truth.poses[1].position.y,-0.4402203238879148
-0.7909386237946088,1766740203.949867991,/ground_truth.poses[1].position.y,-0.44538549344916195
-0.7927672112515936,1766740203.969840660,/ground_truth.poses[1].position.y,-0.4507852675124112
-0.7944209395515777,1766740203.989978195,/ground_truth.poses[1].position.y,-0.45586358089006185
-0.7959481567063051,1766740204.010428112,/ground_truth.poses[1].position.y,-0.4608894695967413
-0.7973966240922484,1766740204.029849084,/ground_truth.poses[1].position.y,-0.46593861719227303
-0.7987659877650016,1766740204.050269856,/ground_truth.poses[1].position.y,-0.4710097898712787
-0.80011009199998,1766740204.070234590,/ground_truth.poses[1].position.y,-0.476319185169239
-0.801413268056574,1766740204.089945472,/ground_truth.poses[1].position.y,-0.48172878695164295
-0.8025422601379859,1766740204.110067268,/ground_truth.poses[1].position.y,-0.4868595475843528
-0.8036802190446011,1766740204.130345656,/ground_truth.poses[1].position.y,-0.4924458009384978
-0.8047307182109924,1766740204.150546019,/ground_truth.poses[1].position.y,-0.49804916960026807
-0.8056934988740158,1766740204.170415756,/ground_truth.poses[1].position.y,-0.5036682747116092
-0.8065337736618344,1766740204.190653418,/ground_truth.poses[1].position.y,-0.508942554479836
-0.8072572778826946,1766740204.210584930,/ground_truth.poses[1].position.y,-0.5141452932934623
-0.8079541498001068,1766740204.230364549,/ground_truth.poses[1].position.y,-0.519803521508709
-0.8085624900216235,1766740204.250481447,/ground_truth.poses[1].position.y,-0.5254719614200563
-0.8090821485898739,1766740204.271133129,/ground_truth.poses[1].position.y,-0.5311492181365766
-0.8094910544311857,1766740204.290599906,/ground_truth.poses[1].position.y,-0.5365210750230585
-0.8098493306029355,1766740204.310953664,/ground_truth.poses[1].position.y,-0.54209406493112
-0.810091944075886,1766740204.330652273,/ground_truth.poses[1].position.y,-0.5473625699119614
-0.8102592240204879,1766740204.350837888,/ground_truth.poses[1].position.y,-0.5526332532307099
-0.8103542905094069,1766740204.371484200,/ground_truth.poses[1].position.y,-0.5581298520244758
-0.8103723226241559,1766740204.390872201,/ground_truth.poses[1].position.y,-0.5638513475997339
-0.8103086083116575,1766740204.411115954,/ground_truth.poses[1].position.y,-0.569572516821625
-0.8101631605783324,1766740204.431271093,/ground_truth.poses[1].position.y,-0.5752921917892754
-0.8099406586639051,1766740204.450931590,/ground_truth.poses[1].position.y,-0.5811801583772834
-0.8096808557878235,1766740204.471535754,/ground_truth.poses[1].position.y,-0.5870666024641877
-0.8094098057758293,1766740204.491217542,/ground_truth.poses[1].position.y,-0.5930000589040902
-0.8091387557637779,1766740204.511535042,/ground_truth.poses[1].position.y,-0.5989335153440337
-0.8088779318829689,1766740204.531366919,/ground_truth.poses[1].position.y,-0.6046431152949554
-0.8086273345792282,1766740204.551240794,/ground_truth.poses[1].position.y,-0.6101288489974019
-0.808356284789971,1766740204.571604551,/ground_truth.poses[1].position.y,-0.616062300557473
-0.8080852347777545,1766740204.591533057,/ground_truth.poses[1].position.y,-0.6219957569974379
-0.8078141847654948,1766740204.611636089,/ground_truth.poses[1].position.y,-0.6279292134374216
-0.8075431347531932,1766740204.631446786,/ground_truth.poses[1].position.y,-0.6338626698774097
-0.8072720847408477,1766740204.651853582,/ground_truth.poses[1].position.y,-0.6397961263174093
-0.8070010347284671,1766740204.672108737,/ground_truth.poses[1].position.y,-0.6457295827574232
-0.8067299847160624,1766740204.691860996,/ground_truth.poses[1].position.y,-0.6516630391974472
-0.8064589347036084,1766740204.712238458,/ground_truth.poses[1].position.y,-0.6575964956374801
-0.8061878846911241,1766740204.731729771,/ground_truth.poses[1].position.y,-0.6635299520775204
-0.805916834678605,1766740204.752209193,/ground_truth.poses[1].position.y,-0.6694634085175729
-0.8056457846660463,1766740204.771853129,/ground_truth.poses[1].position.y,-0.6753968649576373
-0.805374734653454,1766740204.791855233,/ground_truth.poses[1].position.y,-0.6813303213977139
-0.8051036846408292,1766740204.812058250,/ground_truth.poses[1].position.y,-0.6872637778377929
-0.8048326346281744,1766740204.831897741,/ground_truth.poses[1].position.y,-0.6931972342778868
-0.8045615846154887,1766740204.852078768,/ground_truth.poses[1].position.y,-0.6991306907179834
-0.804290534602772,1766740204.872651013,/ground_truth.poses[1].position.y,-0.7050641471580875
-0.8040194845900249,1766740204.892149890,/ground_truth.poses[1].position.y,-0.7109976035981991
-0.8037484345772457,1766740204.912481036,/ground_truth.poses[1].position.y,-0.7169310600383205
-0.8034773845644371,1766740204.932188621,/ground_truth.poses[1].position.y,-0.7228645164784494
-0.803206334551608,1766740204.952525768,/ground_truth.poses[1].position.y,-0.7287979729185841
-0.8029352845387481,1766740204.972867674,/ground_truth.poses[1].position.y,-0.7347314293587237
-0.8026642345258554,1766740204.992370929,/ground_truth.poses[1].position.y,-0.7406648857988756
-0.8023931845129411,1766740205.012669525,/ground_truth.poses[1].position.y,-0.7465983422390404
-0.8021221344999979,1766740205.032745035,/ground_truth.poses[1].position.y,-0.7525317986792106
-0.8018510844870265,1766740205.052655398,/ground_truth.poses[1].position.y,-0.7584652551193861
-0.8015800344740297,1766740205.073090377,/ground_truth.poses[1].position.y,-0.7643987115595647
-0.8013089844610105,1766740205.092598101,/ground_truth.poses[1].position.y,-0.7703321679997539
-0.8010379344479669,1766740205.112874255,/ground_truth.poses[1].position.y,-0.7762656244399508
-0.8007566582900117,1766740205.133023602,/ground_truth.poses[1].position.y,-0.7824229376668902
-0.8004856080540046,1766740205.152974681,/ground_truth.poses[1].position.y,-0.7883563989868816
-0.8001941055282078,1766740205.173199439,/ground_truth.poses[1].position.y,-0.7947375738802616
-0.799902602779469,1766740205.193041034,/ground_truth.poses[1].position.y,-0.8011187536535571
-0.7996111000307136,1766740205.213157521,/ground_truth.poses[1].position.y,-0.8074999334268643
-0.7993400497946136,1766740205.233226419,/ground_truth.poses[1].position.y,-0.8134333947470286
-0.7990689997814139,1766740205.253122175,/ground_truth.poses[1].position.y,-0.8193668511873049
-0.7987979497681937,1766740205.273552966,/ground_truth.poses[1].position.y,-0.8253003076275847
-0.7985268997549533,1766740205.293403538,/ground_truth.poses[1].position.y,-0.831233764067868
-0.7982558497416876,1766740205.313568264,/ground_truth.poses[1].position.y,-0.8371672205081548
-0.7979745735835195,1766740205.333361690,/ground_truth.poses[1].position.y,-0.8433245337351896
-0.7976830708346182,1766740205.353441899,/ground_truth.poses[1].position.y,-0.849705713508438
-0.7974120205983729,1766740205.373607697,/ground_truth.poses[1].position.y,-0.8556391748286536
-0.7971511967163244,1766740205.393615972,/ground_truth.poses[1].position.y,-0.8613487747799466
-0.7969005994113647,1766740205.413731768,/ground_truth.poses[1].position.y,-0.866834508482752
-0.7966295496209094,1766740205.433903647,/ground_truth.poses[1].position.y,-0.8727679600431806
-0.7963584996075153,1766740205.453985008,/ground_truth.poses[1].position.y,-0.8787014164835022
-0.7960874495941073,1766740205.473898207,/ground_truth.poses[1].position.y,-0.8846348729238205
-0.7957959470679994,1766740205.493784225,/ground_truth.poses[1].position.y,-0.8910160478173119
-0.7955044443189563,1766740205.514239431,/ground_truth.poses[1].position.y,-0.8973972275907094
-0.7952129415698971,1766740205.534007169,/ground_truth.poses[1].position.y,-0.903778407364119
-0.794921438820813,1766740205.554232518,/ground_truth.poses[1].position.y,-0.9101595871375481
-0.794640162216607,1766740205.574256352,/ground_truth.poses[1].position.y,-0.9163169101242453
-0.7943691122030972,1766740205.594147319,/ground_truth.poses[1].position.y,-0.9222503665647468
-0.7940980621895805,1766740205.614465030,/ground_truth.poses[1].position.y,-0.9281838230051423
-0.7938167860311612,1766740205.634300744,/ground_truth.poses[1].position.y,-0.9343411362322763
-0.7935252832820106,1766740205.654322204,/ground_truth.poses[1].position.y,-0.9407223160056323
-0.7932440066777267,1766740205.674924986,/ground_truth.poses[1].position.y,-0.9468796389923662
-0.7929729566641406,1766740205.694438680,/ground_truth.poses[1].position.y,-0.9528130954329043
-0.7926405491396987,1766740205.714722158,/ground_truth.poses[1].position.y,-0.9600897066374018
-0.792328593222656,1766740205.734565897,/ground_truth.poses[1].position.y,-0.9669186192058256
-0.7920370904734185,1766740205.754586244,/ground_truth.poses[1].position.y,-0.9732997989795871
-0.7917455877241862,1766740205.775271750,/ground_truth.poses[1].position.y,-0.9796809787531442
-0.7914540849749363,1766740205.794729360,/ground_truth.poses[1].position.y,-0.9860621585267088
-0.7911625822256767,1766740205.814970088,/ground_truth.poses[1].position.y,-0.9924433383002836
-0.7908506269909212,1766740205.835109457,/ground_truth.poses[1].position.y,-0.9992722359316175
-0.7905488976645242,1766740205.854864241,/ground_truth.poses[1].position.y,-1.005877281953819
-0.7902573949152286,1766740205.875445092,/ground_truth.poses[1].position.y,-1.0122584617275534
-0.789965892165918,1766740205.895025160,/ground_truth.poses[1].position.y,-1.0186396415011956
-0.7896743894166044,1766740205.915254427,/ground_truth.poses[1].position.y,-1.025020821274849
-0.7893828866672744,1766740205.935434892,/ground_truth.poses[1].position.y,-1.0314020010485103
-0.7891118364306168,1766740205.955202169,/ground_truth.poses[1].position.y,-1.0373354623690152
-0.7888407864168708,1766740205.975601572,/ground_truth.poses[1].position.y,-1.0432689188096287
-0.7885697364031149,1766740205.995605268,/ground_truth.poses[1].position.y,-1.0492023752502417
-0.7882782338766606,1766740206.015577888,/ground_truth.poses[1].position.y,-1.055583550144014
-0.7879867311272778,1766740206.035660451,/ground_truth.poses[1].position.y,-1.0619647299176884
-0.7877156808905739,1766740206.055853060,/ground_truth.poses[1].position.y,-1.0678981912382068
-0.7874344047318965,1766740206.075677924,/ground_truth.poses[1].position.y,-1.0740555044655762
-0.7871735804035432,1766740206.095655011,/ground_truth.poses[1].position.y,-1.0797651141766333
-0.7869434358337257,1766740206.115628732,/ground_truth.poses[1].position.y,-1.084803124546899
-0.7868155537343733,1766740206.135660351,/ground_truth.poses[1].position.y,-1.0876025446858588
-0.7867388034383528,1766740206.155904906,/ground_truth.poses[1].position.y,-1.0892826572730614
-0.7867131860851535,1766740206.175976369,/ground_truth.poses[1].position.y,-1.0898434373643782
-0.7867131860851535,1766740206.195834244,/ground_truth.poses[1].position.y,-1.0898434373643782
-0.7867131859249079,1766740206.216333293,/ground_truth.poses[1].position.y,-1.0898434404545618
-0.786713185954643,1766740206.235872245,/ground_truth.poses[1].position.y,-1.0898434404630024
-0.7867131859130845,1766740206.256175289,/ground_truth.poses[1].position.y,-1.0898434404689832
-0.7867131858894856,1766740206.277187373,/ground_truth.poses[1].position.y,-1.089843440475695
-0.7867131858942855,1766740206.297092056,/ground_truth.poses[1].position.y,-1.0898434404829853
-0.7867131859338096,1766740206.317090773,/ground_truth.poses[1].position.y,-1.0898434404898154
-0.7867131860070428,1766740206.337231535,/ground_truth.poses[1].position.y,-1.0898434404953632
-0.7867131860474028,1766740206.357257103,/ground_truth.poses[1].position.y,-1.0898434405009108
-0.7867131861224382,1766740206.377519741,/ground_truth.poses[1].position.y,-1.089843440503847
-0.7867131861084533,1766740206.397270247,/ground_truth.poses[1].position.y,-1.089843440511344
-0.7867131860998763,1766740206.417693234,/ground_truth.poses[1].position.y,-1.0898434405185142
-0.7867131861271752,1766740206.437275907,/ground_truth.poses[1].position.y,-1.0898434405220034
-0.7867131862055522,1766740206.457487752,/ground_truth.poses[1].position.y,-1.089843440518369
-0.7867131862531342,1766740206.477996028,/ground_truth.poses[1].position.y,-1.0898434405176856
-0.7867131862931235,1766740206.497542433,/ground_truth.poses[1].position.y,-1.0898434405168558
-0.7867131863754808,1766740206.517747766,/ground_truth.poses[1].position.y,-1.0898434405071291
-0.7867131864578484,1766740206.537380202,/ground_truth.poses[1].position.y,-1.0898434404954167
-0.7867131865401745,1766740206.557330469,/ground_truth.poses[1].position.y,-1.0898434404817177
-0.7867131866224076,1766740206.577698664,/ground_truth.poses[1].position.y,-1.0898434404660329
-0.7867131867044959,1766740206.597407462,/ground_truth.poses[1].position.y,-1.0898434404483652
-0.7867131867840604,1766740206.617607785,/ground_truth.poses[1].position.y,-1.0898434404294017
-0.7867131868648262,1766740206.637749148,/ground_truth.poses[1].position.y,-1.0898434404080923
-0.7867131869147677,1766740206.657570355,/ground_truth.poses[1].position.y,-1.0898434403953852
-0.78671318699579,1766740206.677958458,/ground_truth.poses[1].position.y,-1.08984344036993
-0.7867131870764162,1766740206.697965681,/ground_truth.poses[1].position.y,-1.089843440342521
-0.7867131871268004,1766740206.717890020,/ground_truth.poses[1].position.y,-1.0898434403255906
-0.7867131871771075,1766740206.738189868,/ground_truth.poses[1].position.y,-1.0898434403076656
-0.7867131872583897,1766740206.757930776,/ground_truth.poses[1].position.y,-1.089843440273282
-0.7867131872795523,1766740206.778155915,/ground_truth.poses[1].position.y,-1.0898434402668855
-0.7867131873234836,1766740206.797970159,/ground_truth.poses[1].position.y,-1.0898434402477069
-0.786713187405159,1766740206.818016636,/ground_truth.poses[1].position.y,-1.0898434402054034
-0.7867131874854911,1766740206.837944993,/ground_truth.poses[1].position.y,-1.089843440161049
-0.7867131875648258,1766740206.858203474,/ground_truth.poses[1].position.y,-1.089843440114446
-0.7867131876430971,1766740206.878128244,/ground_truth.poses[1].position.y,-1.0898434400656212
-0.7867131876937603,1766740206.898241244,/ground_truth.poses[1].position.y,-1.089843440033125
-0.7867131877445033,1766740206.918048816,/ground_truth.poses[1].position.y,-1.089843439998458
-0.7867131877932715,1766740206.938560909,/ground_truth.poses[1].position.y,-1.0898434399630832
-0.7867131878680763,1766740206.958713833,/ground_truth.poses[1].position.y,-1.0898434399040011
-0.7867131878916501,1766740206.978554818,/ground_truth.poses[1].position.y,-1.0898434398865313
-0.786713187915963,1766740206.998600272,/ground_truth.poses[1].position.y,-1.0898434398670835
-0.786713187940912,1766740207.018839527,/ground_truth.poses[1].position.y,-1.089843439845559
-0.7867131880088972,1766740207.038527347,/ground_truth.poses[1].position.y,-1.0898434397773045
-0.7867131880785844,1766740207.058695860,/ground_truth.poses[1].position.y,-1.0898434397027188
-0.7867131881460709,1766740207.079057704,/ground_truth.poses[1].position.y,-1.089843439625778
-0.7867131882112777,1766740207.099190642,/ground_truth.poses[1].position.y,-1.089843439546553
-0.7867131882741256,1766740207.119984188,/ground_truth.poses[1].position.y,-1.0898434394651166
-0.7867131883345418,1766740207.139443022,/ground_truth.poses[1].position.y,-1.089843439381547
-0.786713188392454,1766740207.159528431,/ground_truth.poses[1].position.y,-1.0898434392959218
-0.7867131884477921,1766740207.179377901,/ground_truth.poses[1].position.y,-1.0898434392083207
-0.7867131885004882,1766740207.199561132,/ground_truth.poses[1].position.y,-1.0898434391188279
-0.7867131885504794,1766740207.219495340,/ground_truth.poses[1].position.y,-1.089843439027528
-0.7867131885977042,1766740207.239214818,/ground_truth.poses[1].position.y,-1.08984343893451
-0.7867131886421058,1766740207.259282194,/ground_truth.poses[1].position.y,-1.0898434388398612
-0.7867131886836282,1766740207.279720008,/ground_truth.poses[1].position.y,-1.0898434387436726
-0.7867131887222196,1766740207.299315426,/ground_truth.poses[1].position.y,-1.0898434386460378
-0.7867131887578306,1766740207.319598182,/ground_truth.poses[1].position.y,-1.089843438547051
-0.7867131887904169,1766740207.339822249,/ground_truth.poses[1].position.y,-1.0898434384468074
-0.786713188819934,1766740207.359630162,/ground_truth.poses[1].position.y,-1.0898434383454052
-0.7867131888463447,1766740207.379997676,/ground_truth.poses[1].position.y,-1.089843438242943
-0.7867131888696123,1766740207.399678652,/ground_truth.poses[1].position.y,-1.0898434381395192
-0.786713188889704,1766740207.419801081,/ground_truth.poses[1].position.y,-1.0898434380352349
-0.7867131889065904,1766740207.439903982,/ground_truth.poses[1].position.y,-1.089843437930193
-0.7867131889202454,1766740207.459795180,/ground_truth.poses[1].position.y,-1.0898434378244948
-0.7867131889306466,1766740207.480130855,/ground_truth.poses[1].position.y,-1.089843437718244
-0.7867131889377742,1766740207.500209321,/ground_truth.poses[1].position.y,-1.0898434376115453
-0.7867131889416128,1766740207.520025760,/ground_truth.poses[1].position.y,-1.089843437504503
-0.7867131889421506,1766740207.540266438,/ground_truth.poses[1].position.y,-1.0898434373972214
-0.7867131889393779,1766740207.560398353,/ground_truth.poses[1].position.y,-1.0898434372898056
-0.7867131889332885,1766740207.580564723,/ground_truth.poses[1].position.y,-1.0898434371823622
-0.7867131889238811,1766740207.600401770,/ground_truth.poses[1].position.y,-1.0898434370749959
-0.7867131889111563,1766740207.620306773,/ground_truth.poses[1].position.y,-1.0898434369678123
-0.7867131888951184,1766740207.640290623,/ground_truth.poses[1].position.y,-1.0898434368609171
-0.7867131888757765,1766740207.660640805,/ground_truth.poses[1].position.y,-1.0898434367544152
-0.7867131888531406,1766740207.680605630,/ground_truth.poses[1].position.y,-1.0898434366484124
-0.7867131888272271,1766740207.700621710,/ground_truth.poses[1].position.y,-1.089843436543012
-0.7867131888075912,1766740207.720724311,/ground_truth.poses[1].position.y,-1.0898434364735536
-0.7867131887751025,1766740207.740650604,/ground_truth.poses[1].position.y,-1.0898434363692084
-0.7867131887395222,1766740207.760774024,/ground_truth.poses[1].position.y,-1.0898434362662233
-0.7867131887016477,1766740207.780748677,/ground_truth.poses[1].position.y,-1.089843436166689
-0.7867131886602896,1766740207.800761902,/ground_truth.poses[1].position.y,-1.089843436067
-0.786713188615921,1766740207.821238309,/ground_truth.poses[1].position.y,-1.0898434359684792
-0.7867131885685775,1766740207.840877848,/ground_truth.poses[1].position.y,-1.0898434358712203
-0.7867131885182961,1766740207.861042936,/ground_truth.poses[1].position.y,-1.089843435775314
-0.7867131884801014,1766740207.881644495,/ground_truth.poses[1].position.y,-1.089843435709271
-0.7867131884246178,1766740207.900933622,/ground_truth.poses[1].position.y,-1.089843435617518
-0.7867131883656843,1766740207.921170153,/ground_truth.poses[1].position.y,-1.0898434355262614
-0.7867131883039953,1766740207.940975361,/ground_truth.poses[1].position.y,-1.0898434354367135
-0.7867131882396023,1766740207.961025905,/ground_truth.poses[1].position.y,-1.0898434353489583
-0.7867131881725601,1766740207.982030975,/ground_truth.poses[1].position.y,-1.0898434352630784
-0.7867131881029245,1766740208.001196362,/ground_truth.poses[1].position.y,-1.0898434351791542
-0.7867131880307555,1766740208.021394411,/ground_truth.poses[1].position.y,-1.089843435097266
-0.7867131879561144,1766740208.041279548,/ground_truth.poses[1].position.y,-1.0898434350174901
-0.7867131878790647,1766740208.061357724,/ground_truth.poses[1].position.y,-1.0898434349399024
-0.7867131877996735,1766740208.081882390,/ground_truth.poses[1].position.y,-1.0898434348645751
-0.7867131877180092,1766740208.101458001,/ground_truth.poses[1].position.y,-1.0898434347915809
-0.7867131876341413,1766740208.121599124,/ground_truth.poses[1].position.y,-1.0898434347209882
-0.7867131875481437,1766740208.141752350,/ground_truth.poses[1].position.y,-1.0898434346528643
-0.7867131874600897,1766740208.161680005,/ground_truth.poses[1].position.y,-1.0898434345872736
-0.7867131873700572,1766740208.182062898,/ground_truth.poses[1].position.y,-1.0898434345242785
-0.7867131872781239,1766740208.201799488,/ground_truth.poses[1].position.y,-1.0898434344639385
-0.7867131871843706,1766740208.221839403,/ground_truth.poses[1].position.y,-1.0898434344063108
-0.7867131870888783,1766740208.242072858,/ground_truth.poses[1].position.y,-1.089843434351451
-0.7867131869917311,1766740208.261917379,/ground_truth.poses[1].position.y,-1.0898434342994126
-0.7867131868930144,1766740208.282177643,/ground_truth.poses[1].position.y,-1.0898434342502434
-0.7867131867928139,1766740208.302252193,/ground_truth.poses[1].position.y,-1.0898434342039922
-0.786713186691218,1766740208.322105490,/ground_truth.poses[1].position.y,-1.0898434341607033
-0.7867131865883161,1766740208.342098748,/ground_truth.poses[1].position.y,-1.0898434341204184
-0.7867131864841989,1766740208.362476531,/ground_truth.poses[1].position.y,-1.0898434340831764
-0.7867131863789576,1766740208.382387897,/ground_truth.poses[1].position.y,-1.0898434340490142
-0.786713186272685,1766740208.402506798,/ground_truth.poses[1].position.y,-1.0898434340179661
-0.7867131861654745,1766740208.422425377,/ground_truth.poses[1].position.y,-1.089843433990062
-0.7867131860574215,1766740208.442522348,/ground_truth.poses[1].position.y,-1.0898434339653298
-0.7867131859486206,1766740208.462730576,/ground_truth.poses[1].position.y,-1.089843433943795
-0.7867131858391665,1766740208.482752778,/ground_truth.poses[1].position.y,-1.089843433925479
-0.7867131857291575,1766740208.502702845,/ground_truth.poses[1].position.y,-1.089843433910402
-0.7867131856186906,1766740208.522891406,/ground_truth.poses[1].position.y,-1.0898434338985796
-0.7867131855078638,1766740208.542691725,/ground_truth.poses[1].position.y,-1.0898434338900265
-0.7867131853967735,1766740208.562961207,/ground_truth.poses[1].position.y,-1.089843433884752
-0.7867131852855189,1766740208.582880166,/ground_truth.poses[1].position.y,-1.0898434338827638
-0.7867131851741989,1766740208.602882601,/ground_truth.poses[1].position.y,-1.0898434338840666
-0.7867131850629114,1766740208.623210472,/ground_truth.poses[1].position.y,-1.0898434338886616
-0.7867131849517539,1766740208.642833761,/ground_truth.poses[1].position.y,-1.0898434338965484
-0.7867131848408255,1766740208.663012805,/ground_truth.poses[1].position.y,-1.0898434339077212
-0.7867131847302253,1766740208.683464355,/ground_truth.poses[1].position.y,-1.089843433922174
-0.7867131846200504,1766740208.703180738,/ground_truth.poses[1].position.y,-1.089843433939896
-0.7867131845103983,1766740208.723504982,/ground_truth.poses[1].position.y,-1.0898434339608745
-0.786713184401365,1766740208.743169317,/ground_truth.poses[1].position.y,-1.0898434339850926
-0.7867131842930485,1766740208.763469216,/ground_truth.poses[1].position.y,-1.0898434340125316
-0.7867131841855448,1766740208.783916679,/ground_truth.poses[1].position.y,-1.089843434043169
-0.7867131840789495,1766740208.803476771,/ground_truth.poses[1].position.y,-1.0898434340769814
-0.7867131839733562,1766740208.823520542,/ground_truth.poses[1].position.y,-1.0898434341139398
-0.7867131838688591,1766740208.843749018,/ground_truth.poses[1].position.y,-1.089843434154014
-0.7867131837655499,1766740208.863556891,/ground_truth.poses[1].position.y,-1.089843434197171
-0.7867131836635207,1766740208.883827635,/ground_truth.poses[1].position.y,-1.0898434342433752
-0.7867131835628616,1766740208.903468507,/ground_truth.poses[1].position.y,-1.089843434292587
-0.786713183463662,1766740208.923630018,/ground_truth.poses[1].position.y,-1.0898434343447665
-0.7867131833660106,1766740208.943848054,/ground_truth.poses[1].position.y,-1.0898434343998684
-0.7867131832699933,1766740208.963806667,/ground_truth.poses[1].position.y,-1.0898434344578467
-0.7867131831756956,1766740208.984094764,/ground_truth.poses[1].position.y,-1.0898434345186514
-0.786713183083201,1766740209.004248881,/ground_truth.poses[1].position.y,-1.0898434345822314
-0.7867131829925906,1766740209.023921352,/ground_truth.poses[1].position.y,-1.0898434346485324
-0.7867131829039463,1766740209.044090768,/ground_truth.poses[1].position.y,-1.0898434347174977
-0.7867131828173456,1766740209.064282646,/ground_truth.poses[1].position.y,-1.089843434789069
-0.7867131827328657,1766740209.084177971,/ground_truth.poses[1].position.y,-1.0898434348631838
-0.786713182650582,1766740209.104343239,/ground_truth.poses[1].position.y,-1.089843434939779
-0.7867131825705671,1766740209.124241951,/ground_truth.poses[1].position.y,-1.0898434350187884
-0.7867131824928929,1766740209.144243284,/ground_truth.poses[1].position.y,-1.0898434351001451
-0.7867131824176279,1766740209.164510693,/ground_truth.poses[1].position.y,-1.0898434351837785
-0.7867131823448391,1766740209.184583960,/ground_truth.poses[1].position.y,-1.0898434352696162
-0.7867131822745919,1766740209.204859413,/ground_truth.poses[1].position.y,-1.0898434353575854
-0.7867131822069477,1766740209.224664090,/ground_truth.poses[1].position.y,-1.089843435447609
-0.7867131821419668,1766740209.244412993,/ground_truth.poses[1].position.y,-1.08984343553961
-0.7867131820797074,1766740209.264635868,/ground_truth.poses[1].position.y,-1.0898434356335087
-0.7867131820202256,1766740209.284701451,/ground_truth.poses[1].position.y,-1.0898434357292242
-0.7867131819635744,1766740209.304701592,/ground_truth.poses[1].position.y,-1.0898434358266735
-0.7867131819098032,1766740209.325002913,/ground_truth.poses[1].position.y,-1.0898434359257723
-0.7867131818589609,1766740209.344668642,/ground_truth.poses[1].position.y,-1.0898434360264344
-0.7867131818110923,1766740209.365046886,/ground_truth.poses[1].position.y,-1.0898434361285734
-0.7867131817662409,1766740209.385342086,/ground_truth.poses[1].position.y,-1.0898434362321003
-0.7867131817244463,1766740209.406130223,/ground_truth.poses[1].position.y,-1.0898434363369254
-0.7867131816857466,1766740209.426420995,/ground_truth.poses[1].position.y,-1.0898434364429586
-0.7867131816501767,1766740209.445734077,/ground_truth.poses[1].position.y,-1.0898434365501075
-0.7867131816177684,1766740209.466030099,/ground_truth.poses[1].position.y,-1.0898434366582794
-0.7867131815885507,1766740209.486580503,/ground_truth.poses[1].position.y,-1.0898434367673802
-0.7867131815625501,1766740209.506057721,/ground_truth.poses[1].position.y,-1.0898434368773162
-0.7867131815397906,1766740209.526306004,/ground_truth.poses[1].position.y,-1.0898434369879904
-0.7867131815202925,1766740209.546487963,/ground_truth.poses[1].position.y,-1.089843437099308
-0.7867131815040747,1766740209.566541122,/ground_truth.poses[1].position.y,-1.0898434372111718
-0.7867131814911524,1766740209.586693066,/ground_truth.poses[1].position.y,-1.0898434373234844
-0.7867131814815378,1766740209.606558105,/ground_truth.poses[1].position.y,-1.089843437436149
-0.7867131814752395,1766740209.626718494,/ground_truth.poses[1].position.y,-1.089843437549068
-0.7867131814722634,1766740209.647181165,/ground_truth.poses[1].position.y,-1.0898434376621433
-0.7867131814726148,1766740209.666248190,/ground_truth.poses[1].position.y,-1.0898434377752766
-0.7867131814762927,1766740209.686604834,/ground_truth.poses[1].position.y,-1.0898434378883692
-0.7867131814832957,1766740209.706333600,/ground_truth.poses[1].position.y,-1.0898434380013227
-0.7867131814936187,1766740209.726274641,/ground_truth.poses[1].position.y,-1.0898434381140392
-0.7867131815072539,1766740209.746608563,/ground_truth.poses[1].position.y,-1.0898434382264222
-0.7867131815241889,1766740209.766664387,/ground_truth.poses[1].position.y,-1.0898434383383728
-0.7867131815444109,1766740209.786773992,/ground_truth.poses[1].position.y,-1.0898434384497941
-0.7867131815679034,1766740209.806870161,/ground_truth.poses[1].position.y,-1.089843438560589
-0.7867131815946463,1766740209.826731904,/ground_truth.poses[1].position.y,-1.089843438670661
-0.7867131816246177,1766740209.846740871,/ground_truth.poses[1].position.y,-1.0898434387799145
-0.7867131816577909,1766740209.867016275,/ground_truth.poses[1].position.y,-1.089843438888256
-0.7867131816941401,1766740209.887007168,/ground_truth.poses[1].position.y,-1.0898434389955898
-0.7867131817336331,1766740209.907056440,/ground_truth.poses[1].position.y,-1.089843439101823
-0.7867131817762374,1766740209.927150867,/ground_truth.poses[1].position.y,-1.0898434392068632
-0.7867131818219147,1766740209.946956957,/ground_truth.poses[1].position.y,-1.0898434393106189
-0.7867131818706276,1766740209.967087600,/ground_truth.poses[1].position.y,-1.0898434394130005
-0.7867131819223346,1766740209.987219266,/ground_truth.poses[1].position.y,-1.0898434395139198
-0.7867131819769915,1766740210.007309474,/ground_truth.poses[1].position.y,-1.0898434396132883
-0.7867131820345509,1766740210.027481655,/ground_truth.poses[1].position.y,-1.0898434397110193
-0.7867131820949638,1766740210.047211984,/ground_truth.poses[1].position.y,-1.0898434398070278
-0.7867131821581786,1766740210.067668715,/ground_truth.poses[1].position.y,-1.0898434399012307
-0.7867131822241414,1766740210.088153718,/ground_truth.poses[1].position.y,-1.089843439993546
-0.786713182292795,1766740210.107869811,/ground_truth.poses[1].position.y,-1.0898434400838932
-0.7867131823640806,1766740210.128679909,/ground_truth.poses[1].position.y,-1.089843440172194
-0.7867131824379372,1766740210.148256472,/ground_truth.poses[1].position.y,-1.089843440258372
-0.7867131825143013,1766740210.168471773,/ground_truth.poses[1].position.y,-1.0898434403423516
-0.7867131825931072,1766740210.188669552,/ground_truth.poses[1].position.y,-1.08984344042406
-0.786713182674287,1766740210.208303492,/ground_truth.poses[1].position.y,-1.0898434405034263
-0.7867131827577718,1766740210.228532358,/ground_truth.poses[1].position.y,-1.0898434405803812
-0.7867131828434885,1766740210.248613831,/ground_truth.poses[1].position.y,-1.0898434406548578
-0.7867131829313639,1766740210.268404883,/ground_truth.poses[1].position.y,-1.0898434407267916
-0.786713183021323,1766740210.288846766,/ground_truth.poses[1].position.y,-1.0898434407961202
-0.7867131831132858,1766740210.308593405,/ground_truth.poses[1].position.y,-1.0898434408627826
-0.7867131832071754,1766740210.328667433,/ground_truth.poses[1].position.y,-1.0898434409267206
-0.786713183302911,1766740210.348994804,/ground_truth.poses[1].position.y,-1.089843440987879
-0.7867131834004096,1766740210.368700326,/ground_truth.poses[1].position.y,-1.089843441046205
-0.7867131834995861,1766740210.388845788,/ground_truth.poses[1].position.y,-1.089843441101647
-0.7867131836003556,1766740210.408823767,/ground_truth.poses[1].position.y,-1.0898434411541575
-0.7867131837026324,1766740210.428734702,/ground_truth.poses[1].position.y,-1.0898434412036895
-0.7867131838063286,1766740210.449298823,/ground_truth.poses[1].position.y,-1.089843441250201
-0.7867131839113529,1766740210.468769158,/ground_truth.poses[1].position.y,-1.089843441293651
-0.7867131840176151,1766740210.488825073,/ground_truth.poses[1].position.y,-1.0898434413340012
-0.7867131841250244,1766740210.508837687,/ground_truth.poses[1].position.y,-1.0898434413712172
-0.7867131842334876,1766740210.528841505,/ground_truth.poses[1].position.y,-1.0898434414052662
-0.7867131843429116,1766740210.548914461,/ground_truth.poses[1].position.y,-1.0898434414361187
-0.7867131844532016,1766740210.569191888,/ground_truth.poses[1].position.y,-1.0898434414637463
-0.7867131845642624,1766740210.589158006,/ground_truth.poses[1].position.y,-1.089843441488125
-0.7867131846759986,1766740210.609224059,/ground_truth.poses[1].position.y,-1.0898434415092346
-0.7867131847883133,1766740210.629154280,/ground_truth.poses[1].position.y,-1.0898434415270561
-0.7867131849011102,1766740210.649218861,/ground_truth.poses[1].position.y,-1.0898434415415739
-0.7867131850142917,1766740210.669556100,/ground_truth.poses[1].position.y,-1.0898434415527745
-0.7867131851277606,1766740210.689390282,/ground_truth.poses[1].position.y,-1.0898434415606493
-0.7867131852414183,1766740210.709334378,/ground_truth.poses[1].position.y,-1.08984344156519
-0.7867131853551672,1766740210.729568635,/ground_truth.poses[1].position.y,-1.0898434415663922
-0.7867131854689083,1766740210.749371489,/ground_truth.poses[1].position.y,-1.0898434415642548
-0.786713185582544,1766740210.769670266,/ground_truth.poses[1].position.y,-1.0898434415587785
-0.7867131856959759,1766740210.789695714,/ground_truth.poses[1].position.y,-1.0898434415499696
-0.7867131858091071,1766740210.809620825,/ground_truth.poses[1].position.y,-1.0898434415378349
-0.786713185921839,1766740210.829739837,/ground_truth.poses[1].position.y,-1.0898434415223832
-0.786713186034075,1766740210.849663596,/ground_truth.poses[1].position.y,-1.0898434415036287
-0.7867131861457172,1766740210.869738075,/ground_truth.poses[1].position.y,-1.0898434414815874
-0.7867131862566705,1766740210.890509081,/ground_truth.poses[1].position.y,-1.0898434414562779
-0.7867131863668382,1766740210.909862038,/ground_truth.poses[1].position.y,-1.0898434414277203
-0.786713186476126,1766740210.930195820,/ground_truth.poses[1].position.y,-1.0898434413959417
-0.7867131865844383,1766740210.949928232,/ground_truth.poses[1].position.y,-1.0898434413609666
-0.7867131866916833,1766740210.970091046,/ground_truth.poses[1].position.y,-1.089843441322826
-0.7867131867977671,1766740210.990526647,/ground_truth.poses[1].position.y,-1.089843441281553
-0.7867131869025983,1766740211.010171497,/ground_truth.poses[1].position.y,-1.0898434412371827
-0.7867131870060862,1766740211.030082122,/ground_truth.poses[1].position.y,-1.089843441189753
-0.7867131871081428,1766740211.050326588,/ground_truth.poses[1].position.y,-1.089843441139305
-0.7867131872086788,1766740211.070088846,/ground_truth.poses[1].position.y,-1.089843441085881
-0.7867131873076079,1766740211.090483762,/ground_truth.poses[1].position.y,-1.089843441029528
-0.7867131874048447,1766740211.110115838,/ground_truth.poses[1].position.y,-1.089843440970293
-0.7867131875003054,1766740211.130368840,/ground_truth.poses[1].position.y,-1.0898434409082276
-0.7867131875939066,1766740211.150865295,/ground_truth.poses[1].position.y,-1.0898434408433852
-0.7867131876855683,1766740211.170510676,/ground_truth.poses[1].position.y,-1.089843440775822
-0.7867131877752117,1766740211.190684941,/ground_truth.poses[1].position.y,-1.0898434407055961
-0.7867131878627588,1766740211.210711181,/ground_truth.poses[1].position.y,-1.0898434406327673
-0.7867131879460736,1766740211.230640180,/ground_truth.poses[1].position.y,-1.0898434405591013
-0.7867131880038013,1766740211.251026139,/ground_truth.poses[1].position.y,-1.0898434405028192
-0.7867131880846483,1766740211.270530878,/ground_truth.poses[1].position.y,-1.0898434404226047
-0.7867131881631098,1766740211.290738465,/ground_truth.poses[1].position.y,-1.08984344034005
-0.7867131882391176,1766740211.310871584,/ground_truth.poses[1].position.y,-1.0898434402552264
-0.7867131883126058,1766740211.330660812,/ground_truth.poses[1].position.y,-1.089843440168206
-0.7867131883835112,1766740211.350997139,/ground_truth.poses[1].position.y,-1.0898434400790638
-0.7867131884517734,1766740211.371043226,/ground_truth.poses[1].position.y,-1.0898434399878771
-0.7867131884952941,1766740211.391081117,/ground_truth.poses[1].position.y,-1.089843439923768
-0.7867131885584169,1766740211.411167399,/ground_truth.poses[1].position.y,-1.0898434398283872
-0.7867131886184455,1766740211.431546335,/ground_truth.poses[1].position.y,-1.0898434397315733
-0.7867131886756098,1766740211.451328901,/ground_truth.poses[1].position.y,-1.0898434396330363
-0.7867131887298596,1766740211.471288547,/ground_truth.poses[1].position.y,-1.089843439532862
-0.7867131887811483,1766740211.491263631,/ground_truth.poses[1].position.y,-1.0898434394311363
-0.7867131888279041,1766740211.511358329,/ground_truth.poses[1].position.y,-1.0898434393309804
-0.786713188872663,1766740211.531530119,/ground_truth.poses[1].position.y,-1.08984343922779
-0.7867131889144519,1766740211.551487381,/ground_truth.poses[1].position.y,-1.0898434391233627
-0.7867131889532369,1766740211.571553855,/ground_truth.poses[1].position.y,-1.0898434390177845
-0.7867131889889853,1766740211.592071599,/ground_truth.poses[1].position.y,-1.0898434389111418
-0.7867131890108152,1766740211.611490548,/ground_truth.poses[1].position.y,-1.0898434388334937
-0.7867131890406918,1766740211.631720427,/ground_truth.poses[1].position.y,-1.0898434387235587
-0.786713189067331,1766740211.651632565,/ground_truth.poses[1].position.y,-1.0898434386127918
-0.7867131890899166,1766740211.671663443,/ground_truth.poses[1].position.y,-1.0898434385045899
-0.786713189109864,1766740211.692491625,/ground_truth.poses[1].position.y,-1.089843438393892
-0.7867131891266363,1766740211.711921435,/ground_truth.poses[1].position.y,-1.0898434382826705
-0.7867131891402213,1766740211.732217015,/ground_truth.poses[1].position.y,-1.0898434381710154
-0.7867131891506067,1766740211.752191588,/ground_truth.poses[1].position.y,-1.0898434380590198
-0.7867131891577835,1766740211.772000554,/ground_truth.poses[1].position.y,-1.0898434379467747
-0.7867131891617476,1766740211.792444390,/ground_truth.poses[1].position.y,-1.0898434378343707
-0.786713189162495,1766740211.812146026,/ground_truth.poses[1].position.y,-1.0898434377219006
-0.7867131891600244,1766740211.832434995,/ground_truth.poses[1].position.y,-1.089843437609457
-0.7867131891543386,1766740211.852602478,/ground_truth.poses[1].position.y,-1.0898434374971318
-0.7867131891454427,1766740211.872316377,/ground_truth.poses[1].position.y,-1.0898434373850159
-0.786713189135706,1766740211.892560282,/ground_truth.poses[1].position.y,-1.0898434373061803
-0.7867131891201248,1766740211.912782085,/ground_truth.poses[1].position.y,-1.089843437192868
-0.7867131891012731,1766740211.932490042,/ground_truth.poses[1].position.y,-1.0898434370805221
-0.7867131890791327,1766740211.953025670,/ground_truth.poses[1].position.y,-1.089843436968775
-0.7867131890542334,1766740211.972550967,/ground_truth.poses[1].position.y,-1.0898434368603465
-0.7867131890260037,1766740211.992927279,/ground_truth.poses[1].position.y,-1.0898434367514684
-0.7867131889946709,1766740212.013076197,/ground_truth.poses[1].position.y,-1.089843436643444
-0.7867131889602614,1766740212.033043277,/ground_truth.poses[1].position.y,-1.0898434365363618
-0.7867131889318277,1766740212.053453401,/ground_truth.poses[1].position.y,-1.0898434364608816
-0.786713188902662,1766740212.073098441,/ground_truth.poses[1].position.y,-1.0898434363890814
-0.7867131888593225,1766740212.093078736,/ground_truth.poses[1].position.y,-1.0898434362861158
-0.7867131888127775,1766740212.113240438,/ground_truth.poses[1].position.y,-1.0898434361837206
-0.7867131887769151,1766740212.133184715,/ground_truth.poses[1].position.y,-1.0898434361144642
-0.7867131887245635,1766740212.153601693,/ground_truth.poses[1].position.y,-1.089843436014914
-0.7867131886693862,1766740212.173556069,/ground_truth.poses[1].position.y,-1.0898434359169036
-0.7867131886274276,1766740212.193580305,/ground_truth.poses[1].position.y,-1.0898434358494482
-0.7867131885670517,1766740212.213534751,/ground_truth.poses[1].position.y,-1.089843435755457
-0.7867131885036155,1766740212.233552936,/ground_truth.poses[1].position.y,-1.0898434356625784
-0.7867131884375491,1766740212.253972478,/ground_truth.poses[1].position.y,-1.089843435571554
-0.7867131883870108,1766740212.273679864,/ground_truth.poses[1].position.y,-1.0898434355086943
-0.7867131883148546,1766740212.293519707,/ground_truth.poses[1].position.y,-1.0898434354205389
-0.7867131882401419,1766740212.313602994,/ground_truth.poses[1].position.y,-1.0898434353345368
-0.7867131881651636,1766740212.333669739,/ground_truth.poses[1].position.y,-1.089843435253323
-0.7867131880866209,1766740212.353665703,/ground_truth.poses[1].position.y,-1.0898434351728086
-0.7867131880058083,1766740212.373608056,/ground_truth.poses[1].position.y,-1.0898434350945745
-0.7867131879227919,1766740212.393925288,/ground_truth.poses[1].position.y,-1.0898434350186854
-0.7867131878618723,1766740212.413692997,/ground_truth.poses[1].position.y,-1.0898434349676978
-0.7867131877731532,1766740212.434001241,/ground_truth.poses[1].position.y,-1.0898434348954964
-0.7867131876853388,1766740212.454009758,/ground_truth.poses[1].position.y,-1.089843434828374
-0.7867131875941324,1766740212.473853539,/ground_truth.poses[1].position.y,-1.0898434347625527
-0.7867131875010819,1766740212.494323023,/ground_truth.poses[1].position.y,-1.0898434346993686
-0.7867131874334742,1766740212.514023317,/ground_truth.poses[1].position.y,-1.0898434346576553
-0.7867131873375586,1766740212.535475410,/ground_truth.poses[1].position.y,-1.0898434346003851
-0.7867131872393982,1766740212.555584705,/ground_truth.poses[1].position.y,-1.0898434345454742
-0.7867131871397091,1766740212.575266464,/ground_truth.poses[1].position.y,-1.0898434344933943
-0.7867131870385722,1766740212.595114081,/ground_truth.poses[1].position.y,-1.0898434344441867
-0.7867131869360703,1766740212.615226562,/ground_truth.poses[1].position.y,-1.0898434343978938
-0.7867131868322873,1766740212.635031670,/ground_truth.poses[1].position.y,-1.0898434343545527
-0.7867131867273081,1766740212.655806393,/ground_truth.poses[1].position.y,-1.089843434314198
-0.7867131866212183,1766740212.675471571,/ground_truth.poses[1].position.y,-1.0898434342768637
-0.7867131865141052,1766740212.695674309,/ground_truth.poses[1].position.y,-1.0898434342425802
-0.7867131864374691,1766740212.715807167,/ground_truth.poses[1].position.y,-1.0898434342216916
-0.7867131863267142,1766740212.735477265,/ground_truth.poses[1].position.y,-1.08984343419314
-0.786713186218902,1766740212.756074277,/ground_truth.poses[1].position.y,-1.0898434341688255
-0.7867131861085516,1766740212.775785220,/ground_truth.poses[1].position.y,-1.0898434341471093
-0.786713186028747,1766740212.795467359,/ground_truth.poses[1].position.y,-1.089843434135456
-0.786713185915888,1766740212.815726262,/ground_truth.poses[1].position.y,-1.0898434341199867
-0.7867131858052681,1766740212.835573970,/ground_truth.poses[1].position.y,-1.0898434341082066
-0.7867131856931383,1766740212.855963596,/ground_truth.poses[1].position.y,-1.0898434340994303
-0.7867131855808046,1766740212.875969338,/ground_truth.poses[1].position.y,-1.0898434340938652
-0.7867131854683591,1766740212.895983485,/ground_truth.poses[1].position.y,-1.089843434091515
-0.7867131853558934,1766740212.916018361,/ground_truth.poses[1].position.y,-1.0898434340923835
-0.7867131852753729,1766740212.936198498,/ground_truth.poses[1].position.y,-1.089843434096981
-0.7867131851617032,1766740212.956233294,/ground_truth.poses[1].position.y,-1.0898434341044723
-0.7867131850483,1766740212.976173053,/ground_truth.poses[1].position.y,-1.0898434341152958
-0.78671318493864,1766740212.996227295,/ground_truth.poses[1].position.y,-1.089843434129118
-0.7867131848274768,1766740213.016046850,/ground_truth.poses[1].position.y,-1.0898434341462484
-0.7867131847168499,1766740213.036236184,/ground_truth.poses[1].position.y,-1.0898434341665504
-0.786713184638332,1766740213.056303300,/ground_truth.poses[1].position.y,-1.0898434341850027
-0.7867131845309856,1766740213.076514915,/ground_truth.poses[1].position.y,-1.089843434211326
-0.7867131844225261,1766740213.096898330,/ground_truth.poses[1].position.y,-1.0898434342411074
-0.7867131843149647,1766740213.117093013,/ground_truth.poses[1].position.y,-1.0898434342739787
-0.786713184208389,1766740213.136990223,/ground_truth.poses[1].position.y,-1.0898434343099133
-0.7867131841342955,1766740213.157122952,/ground_truth.poses[1].position.y,-1.0898434343385548
-0.7867131840281871,1766740213.177101022,/ground_truth.poses[1].position.y,-1.0898434343812642
-0.7867131839238126,1766740213.197212230,/ground_truth.poses[1].position.y,-1.0898434344269108
-0.7867131838232735,1766740213.217020104,/ground_truth.poses[1].position.y,-1.0898434344745376
-0.7867131837230115,1766740213.237030695,/ground_truth.poses[1].position.y,-1.0898434345255146
-0.7867131836242501,1766740213.257610836,/ground_truth.poses[1].position.y,-1.0898434345793382
-0.7867131835577673,1766740213.277088275,/ground_truth.poses[1].position.y,-1.0898434346201105
-0.7867131834909519,1766740213.297523686,/ground_truth.poses[1].position.y,-1.089843434663084
-0.7867131833956093,1766740213.317186250,/ground_truth.poses[1].position.y,-1.0898434347262809
-0.7867131833330677,1766740213.337231074,/ground_truth.poses[1].position.y,-1.0898434347720483
-0.7867131832415619,1766740213.357681995,/ground_truth.poses[1].position.y,-1.0898434348406896
-0.7867131831552028,1766740213.377353314,/ground_truth.poses[1].position.y,-1.0898434349096815
-0.7867131830692873,1766740213.397684271,/ground_truth.poses[1].position.y,-1.0898434349822776
-0.7867131830109015,1766740213.417862504,/ground_truth.poses[1].position.y,-1.0898434350361546
-0.7867131829304417,1766740213.437502005,/ground_truth.poses[1].position.y,-1.0898434351126145
-0.7867131828510906,1766740213.457955470,/ground_truth.poses[1].position.y,-1.089843435192329
-0.7867131827975559,1766740213.477429933,/ground_truth.poses[1].position.y,-1.0898434352510245
-0.7867131827216458,1766740213.497570596,/ground_truth.poses[1].position.y,-1.0898434353365933
-0.7867131826508503,1766740213.517615812,/ground_truth.poses[1].position.y,-1.0898434354214754
-0.7867131825812107,1766740213.537537357,/ground_truth.poses[1].position.y,-1.0898434355098012
-0.7867131825141261,1766740213.557787694,/ground_truth.poses[1].position.y,-1.0898434356000817
-0.7867131824496527,1766740213.577867594,/ground_truth.poses[1].position.y,-1.089843435692243
-0.7867131824070005,1766740213.597766207,/ground_truth.poses[1].position.y,-1.0898434357592623
-0.786713182346924,1766740213.617959418,/ground_truth.poses[1].position.y,-1.0898434358566
-0.7867131822899851,1766740213.637841229,/ground_truth.poses[1].position.y,-1.0898434359552736
-0.7867131822373079,1766740213.658049257,/ground_truth.poses[1].position.y,-1.0898434360532656
-0.7867131821868428,1766740213.678271592,/ground_truth.poses[1].position.y,-1.0898434361537896
-0.786713182139274,1766740213.698113189,/ground_truth.poses[1].position.y,-1.0898434362557154
-0.7867131820946417,1766740213.718249884,/ground_truth.poses[1].position.y,-1.0898434363589584
-0.7867131820529806,1766740213.738167643,/ground_truth.poses[1].position.y,-1.0898434364634348
-0.786713182026834,1766740213.758394246,/ground_truth.poses[1].position.y,-1.0898434365397394
-0.786713181990852,1766740213.778471931,/ground_truth.poses[1].position.y,-1.0898434366478305
-0.7867131819580568,1766740213.798410468,/ground_truth.poses[1].position.y,-1.0898434367569343
-0.7867131819294515,1766740213.818442700,/ground_truth.poses[1].position.y,-1.0898434368637038
-0.7867131819033416,1766740213.838683098,/ground_truth.poses[1].position.y,-1.0898434369731127
-0.7867131818803729,1766740213.858834662,/ground_truth.poses[1].position.y,-1.0898434370832228
-0.7867131818605626,1766740213.878676759,/ground_truth.poses[1].position.y,-1.0898434371939434
-0.7867131818439288,1766740213.899047230,/ground_truth.poses[1].position.y,-1.0898434373051837
-0.786713181830484,1766740213.918674658,/ground_truth.poses[1].position.y,-1.089843437416853
-0.7867131818202391,1766740213.938980889,/ground_truth.poses[1].position.y,-1.0898434375288601
-0.7867131818132027,1766740213.959002490,/ground_truth.poses[1].position.y,-1.0898434376411124
-0.7867131818093805,1766740213.978939935,/ground_truth.poses[1].position.y,-1.0898434377535196
-0.7867131818087755,1766740213.999261785,/ground_truth.poses[1].position.y,-1.0898434378659887
-0.786713181811412,1766740214.019116446,/ground_truth.poses[1].position.y,-1.0898434379757538
-0.7867131818170991,1766740214.039235630,/ground_truth.poses[1].position.y,-1.0898434380866304
-0.7867131818250067,1766740214.059568841,/ground_truth.poses[1].position.y,-1.08984343818037
-0.786713181832097,1766740214.079209824,/ground_truth.poses[1].position.y,-1.0898434382349318
-0.7867131818380924,1766740214.099528860,/ground_truth.poses[1].position.y,-1.0898434382948694
-0.7867131818380924,1766740214.119361730,/ground_truth.poses[1].position.y,-1.0898434382948694
-0.7867131818380924,1766740214.139403018,/ground_truth.poses[1].position.y,-1.0898434382948694
-0.7867131818380924,1766740214.159851484,/ground_truth.poses[1].position.y,-1.0898434382948694
-0.7867131818380924,1766740214.179305861,/ground_truth.poses[1].position.y,-1.0898434382948694
-0.7867131818380924,1766740214.199575364,/ground_truth.poses[1].position.y,-1.0898434382948694
-0.7867131818380924,1766740214.219811304,/ground_truth.poses[1].position.y,-1.0898434382948694
-0.7867131818380924,1766740214.239454431,/ground_truth.poses[1].position.y,-1.0898434382948694
-0.7867131818380924,1766740214.260021167,/ground_truth.poses[1].position.y,-1.0898434382948694
-0.7867131818380924,1766740214.279833991,/ground_truth.poses[1].position.y,-1.0898434382948694
-0.7867131818380924,1766740214.299616437,/ground_truth.poses[1].position.y,-1.0898434382948694
-0.7867131818380924,1766740214.319795822,/ground_truth.poses[1].position.y,-1.0898434382948694
-0.7867131818380924,1766740214.339611621,/ground_truth.poses[1].position.y,-1.0898434382948694
-0.7867131818380924,1766740214.360722049,/ground_truth.poses[1].position.y,-1.0898434382948694
-0.7867131818380924,1766740214.380124538,/ground_truth.poses[1].position.y,-1.0898434382948694
-0.7867131818380924,1766740214.399902467,/ground_truth.poses[1].position.y,-1.0898434382948694
-0.7867131818380924,1766740214.420100867,/ground_truth.poses[1].position.y,-1.0898434382948694
-0.7867131818380924,1766740214.440296333,/ground_truth.poses[1].position.y,-1.0898434382948694
-0.7867131818380924,1766740214.460545478,/ground_truth.poses[1].position.y,-1.0898434382948694
-0.7867131818380924,1766740214.480293410,/ground_truth.poses[1].position.y,-1.0898434382948694
-0.7867131818380924,1766740214.500161316,/ground_truth.poses[1].position.y,-1.0898434382948694
-0.7867131818380924,1766740214.520266774,/ground_truth.poses[1].position.y,-1.0898434382948694
-0.7867131818380924,1766740214.540296530,/ground_truth.poses[1].position.y,-1.0898434382948694
-0.7867131818380924,1766740214.560407068,/ground_truth.poses[1].position.y,-1.0898434382948694
-0.7867131818380924,1766740214.580340545,/ground_truth.poses[1].position.y,-1.0898434382948694
-0.7867131818380924,1766740214.600619636,/ground_truth.poses[1].position.y,-1.0898434382948694
-0.7867131818380924,1766740214.620549567,/ground_truth.poses[1].position.y,-1.0898434382948694
-0.7867131818380924,1766740214.640645176,/ground_truth.poses[1].position.y,-1.0898434382948694
-0.7867131818380924,1766740214.661009806,/ground_truth.poses[1].position.y,-1.0898434382948694
-0.7867131818380924,1766740214.680611627,/ground_truth.poses[1].position.y,-1.0898434382948694
-0.7867131818380924,1766740214.700896959,/ground_truth.poses[1].position.y,-1.0898434382948694
-0.7867131818380924,1766740214.720662845,/ground_truth.poses[1].position.y,-1.0898434382948694
-0.7867131818380924,1766740214.740965730,/ground_truth.poses[1].position.y,-1.0898434382948694
-0.7867131818380924,1766740214.761267132,/ground_truth.poses[1].position.y,-1.0898434382948694
-0.7867131818695797,1766740214.780978487,/ground_truth.poses[1].position.y,-1.0898434382435513
-0.7867131818695139,1766740214.801336054,/ground_truth.poses[1].position.y,-1.0898434382389361
-0.7867131818691606,1766740214.821213066,/ground_truth.poses[1].position.y,-1.0898434382361992
-0.7867131818692348,1766740214.841167693,/ground_truth.poses[1].position.y,-1.0898434382459985
-0.7867131818683155,1766740214.861802045,/ground_truth.poses[1].position.y,-1.089843438224913
-0.7867131818674121,1766740214.881254478,/ground_truth.poses[1].position.y,-1.0898434381684565
-0.7867131818675214,1766740214.901559226,/ground_truth.poses[1].position.y,-1.089843438079021
-0.7867131818692095,1766740214.921454954,/ground_truth.poses[1].position.y,-1.0898434379896271
-0.7867131818723264,1766740214.941429788,/ground_truth.poses[1].position.y,-1.0898434379069204
-0.786713181875013,1766740214.962100678,/ground_truth.poses[1].position.y,-1.0898434378530766
-0.786713181881145,1766740214.981535788,/ground_truth.poses[1].position.y,-1.0898434377648258
-0.7867131818884893,1766740215.001659841,/ground_truth.poses[1].position.y,-1.0898434376804853
-0.7867131818946568,1766740215.021996299,/ground_truth.poses[1].position.y,-1.0898434376232509
-0.7867131819031278,1766740215.041738190,/ground_truth.poses[1].position.y,-1.0898434375516788
-0.7867131819031278,1766740215.062157773,/ground_truth.poses[1].position.y,-1.0898434375516788
-0.7867131819031278,1766740215.081987768,/ground_truth.poses[1].position.y,-1.0898434375516788
-0.7867131819031278,1766740215.101989863,/ground_truth.poses[1].position.y,-1.0898434375516788
-0.7867131819031278,1766740215.122229050,/ground_truth.poses[1].position.y,-1.0898434375516788
-0.7867131819031278,1766740215.142002049,/ground_truth.poses[1].position.y,-1.0898434375516788
-0.7867131819031278,1766740215.162306768,/ground_truth.poses[1].position.y,-1.0898434375516788
-0.7867131819031278,1766740215.182376920,/ground_truth.poses[1].position.y,-1.0898434375516788
-0.7867131819031278,1766740215.202255115,/ground_truth.poses[1].position.y,-1.0898434375516788
-0.7867131819031278,1766740215.222327982,/ground_truth.poses[1].position.y,-1.0898434375516788
-0.7867131819031278,1766740215.242318005,/ground_truth.poses[1].position.y,-1.0898434375516788
-0.7867131819031278,1766740215.262376175,/ground_truth.poses[1].position.y,-1.0898434375516788
-0.7867131819031278,1766740215.282334880,/ground_truth.poses[1].position.y,-1.0898434375516788
-0.7867131819031278,1766740215.302421613,/ground_truth.poses[1].position.y,-1.0898434375516788
-0.7867131819031278,1766740215.322370550,/ground_truth.poses[1].position.y,-1.0898434375516788
-0.7867131819031278,1766740215.342675689,/ground_truth.poses[1].position.y,-1.0898434375516788
-0.7867131819031278,1766740215.362817535,/ground_truth.poses[1].position.y,-1.0898434375516788
-0.7867131819031278,1766740215.382561560,/ground_truth.poses[1].position.y,-1.0898434375516788
-0.7867131819031278,1766740215.402842695,/ground_truth.poses[1].position.y,-1.0898434375516788
-0.7867131819031278,1766740215.422805487,/ground_truth.poses[1].position.y,-1.0898434375516788
-0.7867131819031278,1766740215.442945740,/ground_truth.poses[1].position.y,-1.0898434375516788
-0.7867131819031278,1766740215.463196178,/ground_truth.poses[1].position.y,-1.0898434375516788
-0.7867131819031278,1766740215.482894367,/ground_truth.poses[1].position.y,-1.0898434375516788
-0.7867131819031278,1766740215.503142972,/ground_truth.poses[1].position.y,-1.0898434375516788
-0.7867131819031278,1766740215.522952810,/ground_truth.poses[1].position.y,-1.0898434375516788
-0.7866569943513838,1766740215.543054561,/ground_truth.poses[1].position.y,-1.0898367322642772
-0.7863221055405345,1766740215.563755046,/ground_truth.poses[1].position.y,-1.0897967673451396
-0.7853196684604451,1766740215.583210053,/ground_truth.poses[1].position.y,-1.0896771386342388
-0.7840947153257551,1766740215.603430355,/ground_truth.poses[1].position.y,-1.089530955330279
-0.7826472412863283,1766740215.623450915,/ground_truth.poses[1].position.y,-1.0893582168544578
-0.7803097125824935,1766740215.643317428,/ground_truth.poses[1].position.y,-1.0890792611465474
-0.7777496629365845,1766740215.664565933,/ground_truth.poses[1].position.y,-1.088773750262318
-0.7747445811080274,1766740215.684433128,/ground_truth.poses[1].position.y,-1.0884151301832026
-0.7710719510054597,1766740215.704671633,/ground_truth.poses[1].position.y,-1.0879768463117543
-0.7673993160521314,1766740215.724538667,/ground_truth.poses[1].position.y,-1.087538561861431
-0.7637266810987171,1766740215.744391876,/ground_truth.poses[1].position.y,-1.0871002774111003
-0.7600540461452084,1766740215.764970624,/ground_truth.poses[1].position.y,-1.0866619929607608
-0.7559363838594804,1766740215.784707086,/ground_truth.poses[1].position.y,-1.0861705998943745
-0.7518187167230996,1766740215.804681971,/ground_truth.poses[1].position.y,-1.085679206249124
-0.7481460769187478,1766740215.824737436,/ground_truth.poses[1].position.y,-1.085240921219903
-0.7444734419648733,1766740215.844755040,/ground_truth.poses[1].position.y,-1.0848026367695318
-0.7408008070109195,1766740215.865216300,/ground_truth.poses[1].position.y,-1.0843643523191533
-0.737128172056887,1766740215.885155709,/ground_truth.poses[1].position.y,-1.0839260678687646
-0.7332330210115359,1766740215.904960948,/ground_truth.poses[1].position.y,-1.0834612288209349
-0.729560386057235,1766740215.924692400,/ground_truth.poses[1].position.y,-1.0830229443705188
-0.7254427237708377,1766740215.944711757,/ground_truth.poses[1].position.y,-1.0825315513040739
-0.7213250566337972,1766740215.965687224,/ground_truth.poses[1].position.y,-1.0820401576587695
-0.7172073894966722,1766740215.984975381,/ground_truth.poses[1].position.y,-1.0815487640134551
-0.7128672111185852,1766740216.004858976,/ground_truth.poses[1].position.y,-1.081030816349527
-0.7083045117987132,1766740216.025112009,/ground_truth.poses[1].position.y,-1.0804863135093157
-0.7037418124786486,1766740216.045321631,/ground_truth.poses[1].position.y,-1.0799418106690812
-0.6991791131584929,1766740216.065268063,/ground_truth.poses[1].position.y,-1.0793973078288381
-0.6946164138382532,1766740216.085196512,/ground_truth.poses[1].position.y,-1.078852804988591
-0.6900537145179286,1766740216.105966567,/ground_truth.poses[1].position.y,-1.0783083021483335
-0.6854910151975205,1766740216.125559651,/ground_truth.poses[1].position.y,-1.0777637993080722
-0.6804832885449061,1766740216.145714892,/ground_truth.poses[1].position.y,-1.0771661878517602
-0.6752530456527925,1766740216.165684447,/ground_truth.poses[1].position.y,-1.0765420217803257
-0.6698002816709238,1766740216.185879462,/ground_truth.poses[1].position.y,-1.0758913005149469
-0.6643475176888456,1766740216.206069497,/ground_truth.poses[1].position.y,-1.0752405792495423
-0.658894753706678,1766740216.225608711,/ground_truth.poses[1].position.y,-1.0745898579841264
-0.6534419897244156,1766740216.245974454,/ground_truth.poses[1].position.y,-1.073939136718708
-0.6479892257420595,1766740216.266434742,/ground_truth.poses[1].position.y,-1.0732884154532778
-0.6425364617596139,1766740216.286061099,/ground_truth.poses[1].position.y,-1.072637694187836
-0.6370836977770803,1766740216.306260973,/ground_truth.poses[1].position.y,-1.0719869729223899
-0.6316309337944642,1766740216.325805026,/ground_truth.poses[1].position.y,-1.071336251656931
-0.625955658718825,1766740216.346039775,/ground_truth.poses[1].position.y,-1.0706589763905214
-0.6200578628493765,1766740216.367474757,/ground_truth.poses[1].position.y,-1.069955145965485
-0.6146050940159329,1766740216.386322324,/ground_truth.poses[1].position.y,-1.069304424121143
-0.6089298140896888,1766740216.406693687,/ground_truth.poses[1].position.y,-1.0686271482758767
-0.6034770501065301,1766740216.426596378,/ground_truth.poses[1].position.y,-1.0679764270103624
-0.5975792590871989,1766740216.446532410,/ground_truth.poses[1].position.y,-1.0672725971641288
-0.5916814632172261,1766740216.466927989,/ground_truth.poses[1].position.y,-1.0665687667390338
-0.5857836673471676,1766740216.486781387,/ground_truth.poses[1].position.y,-1.0658649363139325
-0.5798858714770267,1766740216.506540280,/ground_truth.poses[1].position.y,-1.0651611058888173
-0.5739880756068019,1766740216.527063165,/ground_truth.poses[1].position.y,-1.0644572754636987
-0.568090279736497,1766740216.546827018,/ground_truth.poses[1].position.y,-1.063753445038564
-0.5624149949590502,1766740216.567113713,/ground_truth.poses[1].position.y,-1.0630761686143704
-0.5569622309752551,1766740216.587117723,/ground_truth.poses[1].position.y,-1.0624254473487924
-0.5515094669915063,1766740216.606777751,/ground_truth.poses[1].position.y,-1.0617747260832162
-0.5458341919147632,1766740216.626886446,/ground_truth.poses[1].position.y,-1.06109745081669
-0.5399363960442255,1766740216.646805677,/ground_truth.poses[1].position.y,-1.0603936203915412
-0.5340386001735117,1766740216.666864879,/ground_truth.poses[1].position.y,-1.0596897899663669
-0.528140804302725,1766740216.687065554,/ground_truth.poses[1].position.y,-1.058985959541188
-0.5222430084318779,1766740216.706924684,/ground_truth.poses[1].position.y,-1.0582821291160025
-0.5163452125609586,1766740216.726844336,/ground_truth.poses[1].position.y,-1.057578298690807
-0.5108924437261745,1766740216.746904901,/ground_truth.poses[1].position.y,-1.0569275768463287
-0.5052171686489725,1766740216.767009858,/ground_truth.poses[1].position.y,-1.0562503015797553
-0.4993193727779795,1766740216.787189194,/ground_truth.poses[1].position.y,-1.0555464711545592
-0.4934215769068235,1766740216.807268513,/ground_truth.poses[1].position.y,-1.0548426407293445
-0.4875237810356068,1766740216.827248928,/ground_truth.poses[1].position.y,-1.0541388103041185
-0.4816259851643261,1766740216.847567563,/ground_truth.poses[1].position.y,-1.0534349798788882
-0.4757281892929928,1766740216.867452200,/ground_truth.poses[1].position.y,-1.0527311494536573
-0.47005290451452975,1766740216.887494521,/ground_truth.poses[1].position.y,-1.052053873029356
-0.46460014052973303,1766740216.907755118,/ground_truth.poses[1].position.y,-1.0514031517636746
-0.45870234950880373,1766740216.927363651,/ground_truth.poses[1].position.y,-1.050699321917273
-0.4528045536372605,1766740216.947675253,/ground_truth.poses[1].position.y,-1.0499954914920158
-0.4469067577656671,1766740216.967866370,/ground_truth.poses[1].position.y,-1.0492916610667558
-0.441008961894017,1766740216.987645401,/ground_truth.poses[1].position.y,-1.0485878306414846
-0.43511116602232336,1766740217.007985115,/ground_truth.poses[1].position.y,-1.047884000216214
-0.42921337015058253,1766740217.027570054,/ground_truth.poses[1].position.y,-1.0471801697909333
-0.4237606013149894,1766740217.048000307,/ground_truth.poses[1].position.y,-1.0465294479463711
-0.4180853262369822,1766740217.068662351,/ground_truth.poses[1].position.y,-1.045852172679714
-0.4121875303652165,1766740217.087966518,/ground_truth.poses[1].position.y,-1.0451483422544328
-0.40628973449328615,1766740217.108481639,/ground_truth.poses[1].position.y,-1.0444445118291326
-0.40061444971424676,1766740217.128757995,/ground_truth.poses[1].position.y,-1.0437672354047793
-0.39493917463596434,1766740217.148432972,/ground_truth.poses[1].position.y,-1.0430899601380943
-0.38904137876403205,1766740217.168706704,/ground_truth.poses[1].position.y,-1.0423861297128012
-0.3833660939848753,1766740217.188377934,/ground_truth.poses[1].position.y,-1.0417088532884309
-0.37769081890647493,1766740217.208604448,/ground_truth.poses[1].position.y,-1.0410315780217338
-0.3717930230344223,1766740217.228882467,/ground_truth.poses[1].position.y,-1.0403277475964257
-0.36611773825515387,1766740217.248835281,/ground_truth.poses[1].position.y,-1.0396504711720462
-0.36066497426957317,1766740217.268824393,/ground_truth.poses[1].position.y,-1.0389997499062766
-0.35521221028407196,1766740217.288683041,/ground_truth.poses[1].position.y,-1.0383490286405268
-0.34953693520561546,1766740217.308621018,/ground_truth.poses[1].position.y,-1.0376717533738185
-0.3438616504263317,1766740217.329089482,/ground_truth.poses[1].position.y,-1.0369944769494395
-0.33840888644063005,1766740217.348682637,/ground_truth.poses[1].position.y,-1.0363437556836648
-0.33273360651173434,1766740217.368973700,/ground_truth.poses[1].position.y,-1.035666479838122
-0.3272808425259788,1766740217.389096120,/ground_truth.poses[1].position.y,-1.0350157585723347
-0.3218280785403032,1766740217.408995004,/ground_truth.poses[1].position.y,-1.0343650373065623
-0.3159302875183961,1766740217.429089913,/ground_truth.poses[1].position.y,-1.0336612074600626
-0.3100324916459019,1766740217.449251385,/ground_truth.poses[1].position.y,-1.0329573770347102
-0.30457972280957846,1766740217.469209790,/ground_truth.poses[1].position.y,-1.032306655190073
-0.2991269588237893,1766740217.489316500,/ground_truth.poses[1].position.y,-1.031655933924289
-0.2936741948379763,1766740217.509234790,/ground_truth.poses[1].position.y,-1.0310052126584999
-0.2877764038159383,1766740217.529378199,/ground_truth.poses[1].position.y,-1.0303013828119871
-0.28187860794331104,1766740217.549515527,/ground_truth.poses[1].position.y,-1.029597552386618
-0.27642583910685437,1766740217.569495071,/ground_truth.poses[1].position.y,-1.0289468305419651
-0.27097307512094015,1766740217.589391400,/ground_truth.poses[1].position.y,-1.0282961092761707
-0.2655203111350028,1766740217.609674529,/ground_truth.poses[1].position.y,-1.0276453880103664
-0.259622520112845,1766740217.629612455,/ground_truth.poses[1].position.y,-1.0269415581638386
-0.2537247242401039,1766740217.649692206,/ground_truth.poses[1].position.y,-1.0262377277384636
-0.2478269283673228,1766740217.669817040,/ground_truth.poses[1].position.y,-1.0255338973130839
-0.24237415953072391,1766740217.689553892,/ground_truth.poses[1].position.y,-1.0248831754684187
-0.236921395544668,1766740217.710013209,/ground_truth.poses[1].position.y,-1.0242324542026071
-0.2314686315585857,1766740217.729831122,/ground_truth.poses[1].position.y,-1.0235817329367929
-0.22557084053628154,1766740217.749816226,/ground_truth.poses[1].position.y,-1.0228779030902604
-0.21967304466339493,1766740217.770498678,/ground_truth.poses[1].position.y,-1.0221740726648698
-0.21377524879048546,1766740217.789872114,/ground_truth.poses[1].position.y,-1.021470242239469
-0.20787745291755252,1766740217.810153861,/ground_truth.poses[1].position.y,-1.020766411814063
-0.2022021681375238,1766740217.830061721,/ground_truth.poses[1].position.y,-1.0200891353896
-0.1967494041512015,1766740217.850220519,/ground_truth.poses[1].position.y,-1.0194384141237565
-0.1912966401649709,1766740217.870542710,/ground_truth.poses[1].position.y,-1.0187876928579216
-0.18562136508579666,1766740217.890184045,/ground_truth.poses[1].position.y,-1.0181104175911388
-0.18016859624909257,1766740217.910467775,/ground_truth.poses[1].position.y,-1.0174596957464621
-0.1747158322628178,1766740217.930401133,/ground_truth.poses[1].position.y,-1.0168089744806277
-0.16926306827653043,1766740217.950321597,/ground_truth.poses[1].position.y,-1.0161582532147873
-0.16358779319730596,1766740217.970687399,/ground_truth.poses[1].position.y,-1.0154809779480023
-0.15768999732433261,1766740217.990388726,/ground_truth.poses[1].position.y,-1.0147771475225968
-0.15223722848743593,1766740218.010562802,/ground_truth.poses[1].position.y,-1.0141264256779008
-0.14656195340815614,1766740218.031064999,/ground_truth.poses[1].position.y,-1.0134491504111132
-0.14066415753513406,1766740218.050728995,/ground_truth.poses[1].position.y,-1.012745319985708
-0.13521138869819616,1766740218.070970397,/ground_truth.poses[1].position.y,-1.0120945981410054
-0.1295361136188705,1766740218.090927068,/ground_truth.poses[1].position.y,-1.0114173228742156
-0.12363831774580314,1766740218.110908776,/ground_truth.poses[1].position.y,-1.0107134924488033
-0.11818554890881669,1766740218.131128197,/ground_truth.poses[1].position.y,-1.0100627706041005
-0.11273278492237548,1766740218.150885868,/ground_truth.poses[1].position.y,-1.0094120493382497
-0.10728002093592769,1766740218.171155923,/ground_truth.poses[1].position.y,-1.0087613280724006
-0.10182725694947377,1766740218.191261612,/ground_truth.poses[1].position.y,-1.0081106068065484
-0.096374492963009,1766740218.211169993,/ground_truth.poses[1].position.y,-1.0074598855406929
-0.09092172897653315,1766740218.231353447,/ground_truth.poses[1].position.y,-1.0068091642748385
-0.08502393795384346,1766740218.251525720,/ground_truth.poses[1].position.y,-1.006105334428259
-0.07912614208057757,1766740218.271377166,/ground_truth.poses[1].position.y,-1.0054015040028246
-0.07322834620728946,1766740218.291465632,/ground_truth.poses[1].position.y,-1.0046976735773878
-0.06777557737019427,1766740218.311557065,/ground_truth.poses[1].position.y,-1.0040469517326693
-0.06210030229071613,1766740218.331528654,/ground_truth.poses[1].position.y,-1.0033696764658588
-0.05620250641749798,1766740218.351684947,/ground_truth.poses[1].position.y,-1.002665846040428
-0.05052722163708752,1766740218.371613827,/ground_truth.poses[1].position.y,-1.001988569615937
-0.045074457650390955,1766740218.391474219,/ground_truth.poses[1].position.y,-1.0013378483500577
-0.039176666627584504,1766740218.411693079,/ground_truth.poses[1].position.y,-1.000634018503468
-0.03350138184713928,1766740218.431777428,/ground_truth.poses[1].position.y,-0.9999567420789678
-0.027603590824204525,1766740218.451793189,/ground_truth.poses[1].position.y,-0.9992529122323631
-0.02170579495080511,1766740218.472153652,/ground_truth.poses[1].position.y,-0.9985490818069171
-0.01580799907738611,1766740218.491825825,/ground_truth.poses[1].position.y,-0.9978452513814664
-0.010355230240156603,1766740218.512045285,/ground_truth.poses[1].position.y,-0.9971945295367408
-0.00490246625348145,1766740218.531892864,/ground_truth.poses[1].position.y,-0.9965438082708679
0.000772808826125914,1766740218.551935916,/ground_truth.poses[1].position.y,-0.9958665330040464
0.006670604699469921,1766740218.572556152,/ground_truth.poses[1].position.y,-0.9951627025785974
0.012568400572932119,1766740218.592031628,/ground_truth.poses[1].position.y,-0.9944588721531424
0.018466196446414757,1766740218.612396129,/ground_truth.poses[1].position.y,-0.9937550417276878
0.024363992319911928,1766740218.632513730,/ground_truth.poses[1].position.y,-0.9930512113022237
0.03003927710048745,1766740218.652238780,/ground_truth.poses[1].position.y,-0.9923739348777102
0.035492041087350455,1766740218.672622697,/ground_truth.poses[1].position.y,-0.9917232136118183
0.041389832110315584,1766740218.692342277,/ground_truth.poses[1].position.y,-0.9910193837652098
0.047287627983852484,1766740218.712659580,/ground_truth.poses[1].position.y,-0.990315553339747
0.053185423857402436,1766740218.733084333,/ground_truth.poses[1].position.y,-0.9896117229142826
0.05863819269475546,1766740218.752427472,/ground_truth.poses[1].position.y,-0.9889610010695369
0.06453597916333484,1766740218.772656571,/ground_truth.poses[1].position.y,-0.988257171766442
0.07043377988726196,1766740218.793737725,/ground_truth.poses[1].position.y,-0.9875533407621417
0.07610906466792264,1766740218.813693265,/ground_truth.poses[1].position.y,-0.9868760643376165
0.08156182865486386,1766740218.834433024,/ground_truth.poses[1].position.y,-0.9862253430717116
0.08745961967790379,1766740218.853559370,/ground_truth.poses[1].position.y,-0.9855215132251003
0.09313490445858456,1766740218.873767269,/ground_truth.poses[1].position.y,-0.9848442368005756
0.09858766844554323,1766740218.893858170,/ground_truth.poses[1].position.y,-0.9841935155346692
0.10448545946860527,1766740218.913858112,/ground_truth.poses[1].position.y,-0.9834896856880554
0.11038325534223471,1766740218.934250064,/ground_truth.poses[1].position.y,-0.9827858552625882
0.11628105121587737,1766740218.953836456,/ground_truth.poses[1].position.y,-0.9820820248371196
0.12173382005331783,1766740218.973954458,/ground_truth.poses[1].position.y,-0.9814313029923649
0.12718658404020708,1766740218.994095553,/ground_truth.poses[1].position.y,-0.9807805817264696
0.13263934802709385,1766740219.014088702,/ground_truth.poses[1].position.y,-0.9801298604605726
0.13809211201398314,1766740219.034274230,/ground_truth.poses[1].position.y,-0.9794791391946778
0.14354487600086985,1766740219.053788007,/ground_truth.poses[1].position.y,-0.978828417928781
0.14899763998775659,1766740219.074160283,/ground_truth.poses[1].position.y,-0.9781776966628841
0.15445040397464574,1766740219.094308521,/ground_truth.poses[1].position.y,-0.9775269753969897
0.15990316796153245,1766740219.114252539,/ground_truth.poses[1].position.y,-0.9768762541310934
0.1653559319484192,1766740219.134542741,/ground_truth.poses[1].position.y,-0.976225532865197
0.17080869593531237,1766740219.154379991,/ground_truth.poses[1].position.y,-0.975574811599298
0.17408716806129942,1766740219.174861850,/ground_truth.poses[1].position.y,-0.9751795743242345
0.176625798018781,1766740219.194672189,/ground_truth.poses[1].position.y,-0.974860675509133
0.17843486494455435,1766740219.214691157,/ground_truth.poses[1].position.y,-0.9746113724361665
0.17999819110983062,1766740219.234658789,/ground_truth.poses[1].position.y,-0.974383118786576
0.18124188379644016,1766740219.254668419,/ground_truth.poses[1].position.y,-0.9741799065521363
0.18245240857817258,1766740219.275074568,/ground_truth.poses[1].position.y,-0.9739653625049379
0.18430411268196067,1766740219.294729087,/ground_truth.poses[1].position.y,-0.9736060290156399
0.18679305734832766,1766740219.315009571,/ground_truth.poses[1].position.y,-0.973083737483788
0.18834378098181037,1766740219.335183788,/ground_truth.poses[1].position.y,-0.9727404776495153
0.18952976376127997,1766740219.354858725,/ground_truth.poses[1].position.y,-0.9724479235378466
0.19067825329131977,1766740219.375265665,/ground_truth.poses[1].position.y,-0.9721427911816912
0.1918211788931174,1766740219.394952144,/ground_truth.poses[1].position.y,-0.9718174374915748
0.1929581845616682,1766740219.415220355,/ground_truth.poses[1].position.y,-0.9714719638105286
0.19408891613588575,1766740219.435721320,/ground_truth.poses[1].position.y,-0.9711064777486965
0.19521302140896368,1766740219.455184874,/ground_truth.poses[1].position.y,-0.970721093149788
0.19633496644876738,1766740219.475609757,/ground_truth.poses[1].position.y,-0.9703141592740069
0.19745457265996952,1766740219.495428242,/ground_truth.poses[1].position.y,-0.969886239005076
0.1985667531192057,1766740219.515774839,/ground_truth.poses[1].position.y,-0.9694393738681916
0.19967118728682662,1766740219.535785261,/ground_truth.poses[1].position.y,-0.9689736926536179
0.20076755685572734,1766740219.555504481,/ground_truth.poses[1].position.y,-0.9684893295745545
0.20185554584307824,1766740219.575898777,/ground_truth.poses[1].position.y,-0.9679864242284738
0.20265163425444457,1766740219.596076300,/ground_truth.poses[1].position.y,-0.967602271400742
0.20353073210985312,1766740219.615715841,/ground_truth.poses[1].position.y,-0.967158494795343
0.2046013820136198,1766740219.636138530,/ground_truth.poses[1].position.y,-0.9665971988511921
0.20534731814147228,1766740219.656043105,/ground_truth.poses[1].position.y,-0.9661975884674566
0.20620353335167238,1766740219.676225246,/ground_truth.poses[1].position.y,-0.9657111273017516
0.20724529179430248,1766740219.696268710,/ground_truth.poses[1].position.y,-0.9650978706671494
0.2082769132977442,1766740219.716196888,/ground_truth.poses[1].position.y,-0.9644677108246273
0.20929812362088726,1766740219.735952796,/ground_truth.poses[1].position.y,-0.9638208152927209
0.2103086512906307,1766740219.756012780,/ground_truth.poses[1].position.y,-0.9631573560386871
0.21131682984637865,1766740219.776022521,/ground_truth.poses[1].position.y,-0.9624719066486475
0.21241149638790685,1766740219.796154619,/ground_truth.poses[1].position.y,-0.9617017919727371
0.21351073333556958,1766740219.816379720,/ground_truth.poses[1].position.y,-0.9609136973498295
0.2146898214974585,1766740219.836293502,/ground_truth.poses[1].position.y,-0.9600586905806029
0.21586861429492035,1766740219.856344389,/ground_truth.poses[1].position.y,-0.9592032677845356
0.2170484036224651,1766740219.876541538,/ground_truth.poses[1].position.y,-0.9583470453649708
0.21877227812006436,1766740219.896189195,/ground_truth.poses[1].position.y,-0.9570959575991097
0.22067753806142504,1766740219.916483916,/ground_truth.poses[1].position.y,-0.9557132308362409
0.22222005874266668,1766740219.936496211,/ground_truth.poses[1].position.y,-0.9545937591139938
0.22412530287043383,1766740219.956499389,/ground_truth.poses[1].position.y,-0.9532110438276751
0.22639328625852656,1766740219.977026202,/ground_truth.poses[1].position.y,-0.951565073500543
0.22775445312321882,1766740219.996505505,/ground_truth.poses[1].position.y,-0.9505772178220309
0.2292969698507199,1766740220.016859807,/ground_truth.poses[1].position.y,-0.9494577489690971
0.23083949053163663,1766740220.036843920,/ground_truth.poses[1].position.y,-0.9483382772469888
0.2323820112125176,1766740220.056617411,/ground_truth.poses[1].position.y,-0.9472188055248844
0.23392453189336557,1766740220.077077560,/ground_truth.poses[1].position.y,-0.9460993338027867
0.23546705257418224,1766740220.096693368,/ground_truth.poses[1].position.y,-0.9449798620806925
0.23700957325496821,1766740220.117032992,/ground_truth.poses[1].position.y,-0.943860390358603
0.23854998095450422,1766740220.137576576,/ground_truth.poses[1].position.y,-0.9427423524293811
0.2400652816585385,1766740220.156916561,/ground_truth.poses[1].position.y,-0.9416399749612452
0.24154599236577656,1766740220.177232451,/ground_truth.poses[1].position.y,-0.9405533053852684
0.2430174445220167,1766740220.196965397,/ground_truth.poses[1].position.y,-0.9394627288870482
0.24472670476735556,1766740220.217314308,/ground_truth.poses[1].position.y,-0.938183160958951
0.2461746284999811,1766740220.237702844,/ground_truth.poses[1].position.y,-0.937086848001488
0.24832314344333561,1766740220.257270031,/ground_truth.poses[1].position.y,-0.9354395079627252
0.24982851253154847,1766740220.277596251,/ground_truth.poses[1].position.y,-0.934270536755781
0.25125590282548055,1766740220.297685760,/ground_truth.poses[1].position.y,-0.933147627556312
0.2526808716774195,1766740220.317595044,/ground_truth.poses[1].position.y,-0.9320133874450897
0.25416712703662814,1766740220.338122157,/ground_truth.poses[1].position.y,-0.9308202284186087
0.2556533829299417,1766740220.357564041,/ground_truth.poses[1].position.y,-0.9296270685778077
0.25748913542501956,1766740220.377813197,/ground_truth.poses[1].position.y,-0.9281533343675885
0.2603733815347773,1766740220.398031586,/ground_truth.poses[1].position.y,-0.9258378739909942
0.2643061288778956,1766740220.417449996,/ground_truth.poses[1].position.y,-0.9226806813317778
0.26858838448322114,1766740220.437771187,/ground_truth.poses[1].position.y,-0.9192429049421978
0.2728706438979215,1766740220.457611462,/ground_truth.poses[1].position.y,-0.9158051254944548
0.27750239968205526,1766740220.477836753,/ground_truth.poses[1].position.y,-0.9120867718638079
0.28213415927556246,1766740220.497850692,/ground_truth.poses[1].position.y,-0.9083684151749969
0.28659117258900046,1766740220.517684335,/ground_truth.poses[1].position.y,-0.9047903440485637
0.29087343200397764,1766740220.538092778,/ground_truth.poses[1].position.y,-0.9013525646005301
0.29550518778829743,1766740220.558055751,/ground_truth.poses[1].position.y,-0.8976342109696729
0.30013694738199215,1766740220.578017954,/ground_truth.poses[1].position.y,-0.8939158542806481
0.3047687069757314,1766740220.597912009,/ground_truth.poses[1].position.y,-0.8901974975915701
0.3092257164802427,1766740220.618053615,/ground_truth.poses[1].position.y,-0.886619429522861
0.31368272979386674,1766740220.638428435,/ground_truth.poses[1].position.y,-0.8830413583961919
0.317964989209101,1766740220.658212195,/ground_truth.poses[1].position.y,-0.8796035789478704
0.3224220002238249,1766740220.678389027,/ground_truth.poses[1].position.y,-0.8760255096544235
0.32666318557775886,1766740220.698207802,/ground_truth.poses[1].position.y,-0.8726062411389723
0.3312426826899362,1766740220.718604773,/ground_truth.poses[1].position.y,-0.868892571726556
0.3354908433667327,1766740220.738502866,/ground_truth.poses[1].position.y,-0.8654284885450944
0.33971325879056863,1766740220.758378237,/ground_truth.poses[1].position.y,-0.8619698491687787
0.34430200705609365,1766740220.778684800,/ground_truth.poses[1].position.y,-0.8581985496048107
0.3488907592642098,1766740220.798374605,/ground_truth.poses[1].position.y,-0.8544272465699766
0.35313326028981157,1766740220.818690515,/ground_truth.poses[1].position.y,-0.8509405128638801
0.3575488812458697,1766740220.838675390,/ground_truth.poses[1].position.y,-0.8473114991457694
0.3621376334540017,1766740220.858661727,/ground_truth.poses[1].position.y,-0.843540196110892
0.36672638566225124,1766740220.878929367,/ground_truth.poses[1].position.y,-0.8397688930759053
0.3713151378705319,1766740220.898730670,/ground_truth.poses[1].position.y,-0.835997590040877
0.3759038900788474,1766740220.918981940,/ground_truth.poses[1].position.y,-0.8322262870058045
0.3801463911046455,1766740220.939306016,/ground_truth.poses[1].position.y,-0.8287395532994762
0.3843888883565131,1766740220.958989960,/ground_truth.poses[1].position.y,-0.8252528226947653
0.38863138560840205,1766740220.979225421,/ground_truth.poses[1].position.y,-0.821766092090025
0.3932201340428644,1766740220.998997279,/ground_truth.poses[1].position.y,-0.8179947921564737
0.39780888625131433,1766740221.019156739,/ground_truth.poses[1].position.y,-0.8142234891212324
0.402397638459793,1766740221.039687018,/ground_truth.poses[1].position.y,-0.8104521860859532
0.40698639066829717,1766740221.059170419,/ground_truth.poses[1].position.y,-0.8066808830506358
0.41140202053020447,1766740221.079350097,/ground_truth.poses[1].position.y,-0.8030518617184451
0.4155652846599196,1766740221.099657522,/ground_truth.poses[1].position.y,-0.7996021329387243
0.41970089425853807,1766740221.119393503,/ground_truth.poses[1].position.y,-0.7961352583044806
0.42398546100134443,1766740221.140049897,/ground_truth.poses[1].position.y,-0.7924974370699488
0.428417481009785,1766740221.159528459,/ground_truth.poses[1].position.y,-0.7886872030615784
0.4328257144821599,1766740221.179706053,/ground_truth.poses[1].position.y,-0.7848494742785518
0.43720999085262247,1766740221.200025009,/ground_truth.poses[1].position.y,-0.7809843992124195
0.441570140482595,1766740221.219668127,/ground_truth.poses[1].position.y,-0.777092127412569
0.4459059946670312,1766740221.241154166,/ground_truth.poses[1].position.y,-0.7731728094806801
0.45021738564094355,1766740221.260132307,/ground_truth.poses[1].position.y,-0.7692265970649199
0.4545041465858768,1766740221.280076255,/ground_truth.poses[1].position.y,-0.7652536428540709
0.4587661116363819,1766740221.300298692,/ground_truth.poses[1].position.y,-0.7612541005716229
0.46272760850546435,1766740221.320411004,/ground_truth.poses[1].position.y,-0.7574896830004353
0.4666050569027203,1766740221.340803477,/ground_truth.poses[1].position.y,-0.7537584682639547
0.4704425055401151,1766740221.360418613,/ground_truth.poses[1].position.y,-0.7500081286595309
0.47455093118647407,1766740221.380429356,/ground_truth.poses[1].position.y,-0.7459235145784192
0.47863985379877055,1766740221.400407909,/ground_truth.poses[1].position.y,-0.741779538225306
0.48260564334101996,1766740221.420565815,/ground_truth.poses[1].position.y,-0.7376554161761376
0.48650439267034756,1766740221.441003212,/ground_truth.poses[1].position.y,-0.7334819026586615
0.4902639679346795,1766740221.460603801,/ground_truth.poses[1].position.y,-0.7293660906717885
0.49373958926417044,1766740221.480994621,/ground_truth.poses[1].position.y,-0.7254129068319489
0.49744605663402197,1766740221.500676422,/ground_truth.poses[1].position.y,-0.7210677433330167
0.5010871141555406,1766740221.520989267,/ground_truth.poses[1].position.y,-0.7166676117017885
0.5044521461931327,1766740221.541305718,/ground_truth.poses[1].position.y,-0.712507222859644
0.5076804782914183,1766740221.560772799,/ground_truth.poses[1].position.y,-0.7083570665548908
0.5109752762755342,1766740221.581096835,/ground_truth.poses[1].position.y,-0.7039820693151239
0.5143340212316252,1766740221.600857051,/ground_truth.poses[1].position.y,-0.6993755390422073
0.5176203479313789,1766740221.621264402,/ground_truth.poses[1].position.y,-0.6947170687286552
0.5206581650091439,1766740221.641620097,/ground_truth.poses[1].position.y,-0.6902678310730103
0.5236805466374768,1766740221.661176184,/ground_truth.poses[1].position.y,-0.6856880843404866
0.5267554403944326,1766740221.681538631,/ground_truth.poses[1].position.y,-0.6808752383403349
0.5297579923560256,1766740221.701415014,/ground_truth.poses[1].position.y,-0.6760169320551968
0.5326814417785465,1766740221.721544056,/ground_truth.poses[1].position.y,-0.6711225745416809
0.5355280268586843,1766740221.742171777,/ground_truth.poses[1].position.y,-0.6661831168570672
0.5383028777045501,1766740221.761380377,/ground_truth.poses[1].position.y,-0.6611912576984461
0.5409573449186837,1766740221.781658567,/ground_truth.poses[1].position.y,-0.6562915960097401
0.543368920375531,1766740221.801707030,/ground_truth.poses[1].position.y,-0.6516250880107161
0.545906762398159,1766740221.821690773,/ground_truth.poses[1].position.y,-0.6465201360174662
0.5483644996087987,1766740221.842477470,/ground_truth.poses[1].position.y,-0.6413761281794451
0.5507415269646639,1766740221.861774805,/ground_truth.poses[1].position.y,-0.6361943302498432
0.5530372636038999,1766740221.881907815,/ground_truth.poses[1].position.y,-0.6309760084778052
0.5552181836095971,1766740221.902286202,/ground_truth.poses[1].position.y,-0.6258568633542962
0.5571811529085388,1766740221.922991397,/ground_truth.poses[1].position.y,-0.6209838686006626
0.5590674457474936,1766740221.943548757,/ground_truth.poses[1].position.y,-0.616081435683716
0.5609532423589678,1766740221.963339400,/ground_truth.poses[1].position.y,-0.6109394452388685
0.5628331557507643,1766740221.983069360,/ground_truth.poses[1].position.y,-0.605557325353049
0.5645351574396755,1766740222.003231635,/ground_truth.poses[1].position.y,-0.6004949863961558
0.5661101545803224,1766740222.022907765,/ground_truth.poses[1].position.y,-0.5954838654133932
0.5676811682686639,1766740222.043774892,/ground_truth.poses[1].position.y,-0.5901942945109838
0.5693320681988734,1766740222.063761630,/ground_truth.poses[1].position.y,-0.5843917112920306
0.5710051812531525,1766740222.083536033,/ground_truth.poses[1].position.y,-0.5783359501240636
0.5724311160258416,1766740222.103837748,/ground_truth.poses[1].position.y,-0.5730334120589032
0.5738383058773658,1766740222.124571356,/ground_truth.poses[1].position.y,-0.5676289224260878
0.5753330907591633,1766740222.143955663,/ground_truth.poses[1].position.y,-0.5616430337792904
0.5766320706034995,1766740222.164391156,/ground_truth.poses[1].position.y,-0.5562047522385009
0.5778444194260649,1766740222.183956400,/ground_truth.poses[1].position.y,-0.5506227045281142
0.5790571052717242,1766740222.203795193,/ground_truth.poses[1].position.y,-0.5445942909199967
0.5801319130114277,1766740222.224062884,/ground_truth.poses[1].position.y,-0.5389055448374022
0.5810783563723882,1766740222.243937343,/ground_truth.poses[1].position.y,-0.533422269822393
0.5819366002735549,1766740222.263771808,/ground_truth.poses[1].position.y,-0.5277862572721206
0.5826626418031904,1766740222.284030823,/ground_truth.poses[1].position.y,-0.5224740485678545
0.5832910341723322,1766740222.304123238,/ground_truth.poses[1].position.y,-0.5172537988417873
0.5838409414354245,1766740222.324160911,/ground_truth.poses[1].position.y,-0.5120195353305972
0.5843507652848667,1766740222.344310482,/ground_truth.poses[1].position.y,-0.5063413965705127
0.5847834400736945,1766740222.363957708,/ground_truth.poses[1].position.y,-0.5007938879571178
0.5850881436919093,1766740222.384280802,/ground_truth.poses[1].position.y,-0.4955492256182778
0.5853297812185458,1766740222.404039857,/ground_truth.poses[1].position.y,-0.48985336850258254
0.5854823536836788,1766740222.424386796,/ground_truth.poses[1].position.y,-0.48415442031290695
0.5855661244130727,1766740222.444892810,/ground_truth.poses[1].position.y,-0.47859069476113825
0.5855411766798329,1766740222.464332109,/ground_truth.poses[1].position.y,-0.4733372477193189
0.5854249790600329,1766740222.484657788,/ground_truth.poses[1].position.y,-0.46763745166256654
0.5852196979117894,1766740222.504990601,/ground_truth.poses[1].position.y,-0.46194015857946963
0.584925383496463,1766740222.524643758,/ground_truth.poses[1].position.y,-0.4562467704977393
0.5845392106757774,1766740222.545221105,/ground_truth.poses[1].position.y,-0.45039299407363925
0.5841132653936637,1766740222.564709526,/ground_truth.poses[1].position.y,-0.44476667754847893
0.5836785809186809,1766740222.584918127,/ground_truth.poses[1].position.y,-0.43932590226849283
0.5832322641791682,1766740222.605313256,/ground_truth.poses[1].position.y,-0.43385261526513635
0.5827677343659264,1766740222.624963378,/ground_truth.poses[1].position.y,-0.4281559793221872
0.5822849908903144,1766740222.645281813,/ground_truth.poses[1].position.y,-0.4222359850514373
0.5818022474146113,1766740222.665130394,/ground_truth.poses[1].position.y,-0.4163159907805645
0.581319503938825,1766740222.685020552,/ground_truth.poses[1].position.y,-0.41039599650967845
0.5808367604629625,1766740222.705516288,/ground_truth.poses[1].position.y,-0.4044760022387782
0.5803904431205514,1766740222.725118460,/ground_truth.poses[1].position.y,-0.39900271001744597
0.5799441261750908,1766740222.745410316,/ground_truth.poses[1].position.y,-0.3935294226649238
0.5794978092295576,1766740222.765517569,/ground_truth.poses[1].position.y,-0.3880561353124074
0.5790150661504267,1766740222.785311338,/ground_truth.poses[1].position.y,-0.3821361459103109
0.5785505355424517,1766740222.805436855,/ground_truth.poses[1].position.y,-0.376439500229876
0.5781042185966951,1766740222.825239290,/ground_truth.poses[1].position.y,-0.3709662128772366
0.5776579016508865,1766740222.845650929,/ground_truth.poses[1].position.y,-0.36549292552469803
0.5772115847050066,1766740222.865552278,/ground_truth.poses[1].position.y,-0.36001963817215643
0.5767652677590671,1766740222.885410667,/ground_truth.poses[1].position.y,-0.35454635081961955
0.5763189508130568,1766740222.905718192,/ground_truth.poses[1].position.y,-0.3490730634670862
0.5758362077334582,1766740222.925727162,/ground_truth.poses[1].position.y,-0.34315307406497186
0.5753534642567771,1766740222.945681210,/ground_truth.poses[1].position.y,-0.33723307979403166
0.5749071469135612,1766740222.965611182,/ground_truth.poses[1].position.y,-0.3317597875726648
0.5744426170990489,1766740222.985845060,/ground_truth.poses[1].position.y,-0.32606315162961647
0.5739598736221944,1766740223.005749976,/ground_truth.poses[1].position.y,-0.320143157358772
0.573513556278802,1766740223.025943600,/ground_truth.poses[1].position.y,-0.3146698651373862
0.5730490264641145,1766740223.045842434,/ground_truth.poses[1].position.y,-0.3089732291943259
0.5725662829870951,1766740223.065714329,/ground_truth.poses[1].position.y,-0.30305323492346115
0.5720835395100079,1766740223.085988823,/ground_truth.poses[1].position.y,-0.2971332406524808
0.5716190089011328,1766740223.105928093,/ground_truth.poses[1].position.y,-0.2914365949719749
0.5711726919544837,1766740223.126117909,/ground_truth.poses[1].position.y,-0.28596330761925914
0.5706899488742782,1766740223.146078529,/ground_truth.poses[1].position.y,-0.2800433182170765
0.5702254182652473,1766740223.165965321,/ground_truth.poses[1].position.y,-0.2743466725365607
0.5697791013184558,1766740223.186246929,/ground_truth.poses[1].position.y,-0.26887338518383863
0.5692963582381028,1766740223.206105959,/ground_truth.poses[1].position.y,-0.26295339578164356
0.5688318276289327,1766740223.226211088,/ground_truth.poses[1].position.y,-0.2572567501011192
0.5683855106820013,1766740223.246685304,/ground_truth.poses[1].position.y,-0.2517834627483819
0.5679391937350323,1766740223.266287807,/ground_truth.poses[1].position.y,-0.24631017539575348
0.5674564506544945,1766740223.286409847,/ground_truth.poses[1].position.y,-0.24039018599355147
0.5669919200451478,1766740223.306908899,/ground_truth.poses[1].position.y,-0.23469354031301506
0.5665456030980464,1766740223.326465066,/ground_truth.poses[1].position.y,-0.22922025296026713
0.5660992861509176,1766740223.346798209,/ground_truth.poses[1].position.y,-0.22374696560762933
0.5656347563354793,1766740223.366584384,/ground_truth.poses[1].position.y,-0.2180503296645072
0.5651520128577168,1766740223.386715201,/ground_truth.poses[1].position.y,-0.21213033539358775
0.5646692693799057,1766740223.407327594,/ground_truth.poses[1].position.y,-0.2062103411225461
0.5641865259020618,1766740223.426706441,/ground_truth.poses[1].position.y,-0.20029034685149844
0.5637219952924377,1766740223.447220741,/ground_truth.poses[1].position.y,-0.19459370117093588
0.5632756783450567,1766740223.467162045,/ground_truth.poses[1].position.y,-0.1891204138181553
0.5628293613976566,1766740223.486942489,/ground_truth.poses[1].position.y,-0.18364712646549083
0.5623648315819622,1766740223.507352535,/ground_truth.poses[1].position.y,-0.17795049052234102
0.5618820881039429,1766740223.527128842,/ground_truth.poses[1].position.y,-0.17203049625138875
0.5613993446258857,1766740223.547124066,/ground_truth.poses[1].position.y,-0.16611050198031813
0.5609166011477954,1766740223.567251607,/ground_truth.poses[1].position.y,-0.1601905077092415
0.5604338576696674,1766740223.586978742,/ground_truth.poses[1].position.y,-0.1542705134381594
0.559969327059775,1766740223.607291016,/ground_truth.poses[1].position.y,-0.1485738677575564
0.5594865839786055,1766740223.627441670,/ground_truth.poses[1].position.y,-0.14265387835516666
0.5590038405003881,1766740223.647389365,/ground_truth.poses[1].position.y,-0.13673388408406031
0.5585393100967083,1766740223.668255701,/ground_truth.poses[1].position.y,-0.13103723919006233
0.5580929931739507,1766740223.688108680,/ground_truth.poses[1].position.y,-0.12556395215473173
0.557646676266816,1766740223.707666260,/ground_truth.poses[1].position.y,-0.12009066514236345
0.5571821464772664,1766740223.727663478,/ground_truth.poses[1].position.y,-0.11439402956941931
0.5566994030088064,1766740223.747508673,/ground_truth.poses[1].position.y,-0.10847403546563272
0.5562166595926229,1766740223.768094295,/ground_truth.poses[1].position.y,-0.10255404171578543
0.5557339161324848,1766740223.788268122,/ground_truth.poses[1].position.y,-0.0966340477189551
0.5552511727832367,1766740223.808766994,/ground_truth.poses[1].position.y,-0.09071405370056382
0.5547866421763872,1766740223.827724937,/ground_truth.poses[1].position.y,-0.08501740814045834
0.5543403252222766,1766740223.848054524,/ground_truth.poses[1].position.y,-0.07954412078924031
0.5538940082681365,1766740223.867438130,/ground_truth.poses[1].position.y,-0.07407083343811234
0.5534112651799131,1766740223.887865999,/ground_truth.poses[1].position.y,-0.06815084403743253
0.552946734755335,1766740223.908156583,/ground_truth.poses[1].position.y,-0.06245419871553257
0.5524639917179391,1766740223.928186992,/ground_truth.poses[1].position.y,-0.05653420968991724
0.5519812489893996,1766740223.949032469,/ground_truth.poses[1].position.y,-0.05061421620387399
0.5514985055316066,1766740223.968393984,/ground_truth.poses[1].position.y,-0.04469422225545876
0.5510521882039945,1766740223.988487932,/ground_truth.poses[1].position.y,-0.03922093032321223
0.5505876580101948,1766740224.008958761,/ground_truth.poses[1].position.y,-0.03352428983913156
0.5501247102462157,1766740224.029702499,/ground_truth.poses[1].position.y,-0.027830110759996737
0.549660183054541,1766740224.049024009,/ground_truth.poses[1].position.y,-0.022133464910757922
0.5492138693796246,1766740224.068687235,/ground_truth.poses[1].position.y,-0.01666017744325831
0.5487493430164198,1766740224.088823823,/ground_truth.poses[1].position.y,-0.010963541412823062
0.5482666031641814,1766740224.109375353,/ground_truth.poses[1].position.y,-0.005043547005637563
0.5478202891300432,1766740224.128886496,/ground_truth.poses[1].position.y,0.00042974536127939923
0.5473739755092172,1766740224.149249395,/ground_truth.poses[1].position.y,0.005903032818802897
0.5469276619012291,1766740224.169604419,/ground_truth.poses[1].position.y,0.011376320273975208
0.5464267093739318,1766740224.188995659,/ground_truth.poses[1].position.y,0.017519663534143852
0.545962182287918,1766740224.210008307,/ground_truth.poses[1].position.y,0.023216309364200317
0.5455158687168755,1766740224.229064133,/ground_truth.poses[1].position.y,0.02868959681271509
0.5450513424551301,1766740224.249255713,/ground_truth.poses[1].position.y,0.0343862328245017
0.5445868154045738,1766740224.269458784,/ground_truth.poses[1].position.y,0.04008287864783034
0.5441405018682742,1766740224.289198933,/ground_truth.poses[1].position.y,0.04555616608996563
0.5436577625376673,1766740224.309928114,/ground_truth.poses[1].position.y,0.05147615556783161
0.5431750228176769,1766740224.329614413,/ground_truth.poses[1].position.y,0.05739614995068232
0.5426922831082823,1766740224.349599429,/ground_truth.poses[1].position.y,0.06331614433157316
0.5422459692149042,1766740224.369817107,/ground_truth.poses[1].position.y,0.06878943667267373
0.5418022169253564,1766740224.390759013,/ground_truth.poses[1].position.y,0.07426008609777288
0.5408230350715012,1766740224.411316474,/ground_truth.poses[1].position.y,0.0796064725420527
0.5401626532852463,1766740224.429862722,/ground_truth.poses[1].position.y,0.08542467826961521
0.5396757928216411,1766740224.450236320,/ground_truth.poses[1].position.y,0.09134588015517119
0.5391889314060129,1766740224.470232416,/ground_truth.poses[1].position.y,0.09726705163843319
0.5387020690702149,1766740224.490387758,/ground_truth.poses[1].position.y,0.10318819317134807
0.538215205873721,1766740224.510540005,/ground_truth.poses[1].position.y,0.1091093052896617
0.5377283420821024,1766740224.531057401,/ground_truth.poses[1].position.y,0.11503038849830803
0.5372430810976612,1766740224.553721282,/ground_truth.poses[1].position.y,0.12095007607646382
0.5367929617224413,1766740224.570908310,/ground_truth.poses[1].position.y,0.12642442869874385
0.5363428418566166,1766740224.591440554,/ground_truth.poses[1].position.y,0.13189874929845746
0.5358927211881854,1766740224.611559368,/ground_truth.poses[1].position.y,0.13737304326166538
0.5354058600895009,1766740224.631330516,/ground_truth.poses[1].position.y,0.14329398672039634
0.5349189978376546,1766740224.651788311,/ground_truth.poses[1].position.y,0.14921490949344185
0.5344321348292453,1766740224.671041143,/ground_truth.poses[1].position.y,0.1551358071952684
0.5339820107337844,1766740224.691260595,/ground_truth.poses[1].position.y,0.1606100046237411
0.5335318862962865,1766740224.711508640,/ground_truth.poses[1].position.y,0.16608417304201722
0.5330817611513652,1766740224.731869395,/ground_truth.poses[1].position.y,0.17155831781074335
0.5326316353136414,1766740224.751444688,/ground_truth.poses[1].position.y,0.17703243939455984
0.5321631391551861,1766740224.771528627,/ground_truth.poses[1].position.y,0.18272987370421123
0.5316762719272748,1766740224.791752267,/ground_truth.poses[1].position.y,0.18865063097627932
0.5312261437157112,1766740224.812369128,/ground_truth.poses[1].position.y,0.19412469059082707
0.530757645601625,1766740224.831646246,/ground_truth.poses[1].position.y,0.19982205939028738
0.5302707764551396,1766740224.851933173,/ground_truth.poses[1].position.y,0.205742752470735
0.5297839066954381,1766740224.871764392,/ground_truth.poses[1].position.y,0.21166342498960805
0.5292970363352233,1766740224.891730913,/ground_truth.poses[1].position.y,0.2175840773510967
0.5288285354168775,1766740224.912324211,/ground_truth.poses[1].position.y,0.22328136954626568
0.5283416638926385,1766740224.932228415,/ground_truth.poses[1].position.y,0.2292019827744846
0.5278915314878718,1766740224.952352359,/ground_truth.poses[1].position.y,0.23467590105087524
0.5274413989129181,1766740224.972086428,/ground_truth.poses[1].position.y,0.2401497958077667
0.5269728961452134,1766740224.992228656,/ground_truth.poses[1].position.y,0.24584700785308533
0.5264860224336037,1766740225.012684357,/ground_truth.poses[1].position.y,0.25176754733078405
0.526000797840556,1766740225.034718867,/ground_truth.poses[1].position.y,0.2576855431483995
0.5255323004422975,1766740225.052544073,/ground_truth.poses[1].position.y,0.2633827130745164
0.5251249756304452,1766740225.072661895,/ground_truth.poses[1].position.y,0.269234811730142
0.5246382063720191,1766740225.092945837,/ground_truth.poses[1].position.y,0.27515529243448983
0.5241698022482917,1766740225.112804488,/ground_truth.poses[1].position.y,0.2808524210061743
0.5236830324882296,1766740225.133518069,/ground_truth.poses[1].position.y,0.28677286473134633
0.5232146275015834,1766740225.153227532,/ground_truth.poses[1].position.y,0.2924699618327595
0.5227645884400514,1766740225.173441013,/ground_truth.poses[1].position.y,0.29794369794889386
0.5223145489694689,1766740225.193310353,/ground_truth.poses[1].position.y,0.30341741909015174
0.5218461435148316,1766740225.213581321,/ground_truth.poses[1].position.y,0.3091144615045826
0.521359371322109,1766740225.233377835,/ground_truth.poses[1].position.y,0.3150348352627954
0.520872598743882,1766740225.253284565,/ground_truth.poses[1].position.y,0.3209551949247164
0.5204041913729549,1766740225.273061433,/ground_truth.poses[1].position.y,0.32665220480318374
0.5199174184279884,1766740225.293556488,/ground_truth.poses[1].position.y,0.3325725322144993
0.5194306447399629,1766740225.313305845,/ground_truth.poses[1].position.y,0.33849285123496714
0.5189438706970416,1766740225.333479732,/ground_truth.poses[1].position.y,0.34441315723973026
0.5184754622736948,1766740225.353896601,/ground_truth.poses[1].position.y,0.35011010962029404
0.5180084443880518,1766740225.375966708,/ground_truth.poses[1].position.y,0.35580483200461493
0.5175400438986173,1766740225.393910855,/ground_truth.poses[1].position.y,0.36150175550213964
0.5170716422700449,1766740225.413792007,/ground_truth.poses[1].position.y,0.367198676816732
0.5165848754705904,1766740225.433299764,/ground_truth.poses[1].position.y,0.37311891748026693
0.5161164732326559,1766740225.453866753,/ground_truth.poses[1].position.y,0.3788158154576667
0.5156664367056669,1766740225.473506696,/ground_truth.poses[1].position.y,0.38428935631137534
0.5152163998896498,1766740225.493809363,/ground_truth.poses[1].position.y,0.3897628860624255
0.514729631919114,1766740225.514407439,/ground_truth.poses[1].position.y,0.3956830818807213
0.5142428632895806,1766740225.533796155,/ground_truth.poses[1].position.y,0.4016032719238094
0.5137560943876833,1766740225.554072663,/ground_truth.poses[1].position.y,0.4075234515151887
0.5132876908459817,1766740225.573872704,/ground_truth.poses[1].position.y,0.4132202799363104
0.5128009214158672,1766740225.594089101,/ground_truth.poses[1].position.y,0.4191404392403165
0.512350882603885,1766740225.614387279,/ground_truth.poses[1].position.y,0.42461391172768376
0.5119008439225352,1766740225.634147326,/ground_truth.poses[1].position.y,0.4300873696747113
0.5114508049958948,1766740225.654387626,/ground_truth.poses[1].position.y,0.4355608181599477
0.5109824002006707,1766740225.674444766,/ground_truth.poses[1].position.y,0.4412575983063374
0.510532360798256,1766740225.694251710,/ground_truth.poses[1].position.y,0.44673102842644274
0.5100823211651774,1766740225.714580105,/ground_truth.poses[1].position.y,0.4522044496356752
0.5096139160580945,1766740225.734511290,/ground_truth.poses[1].position.y,0.45790119816502745
0.5091271447190845,1766740225.754454919,/ground_truth.poses[1].position.y,0.46382128396456335
0.5086771040405271,1766740225.774604470,/ground_truth.poses[1].position.y,0.4692946843741281
0.5082086982819369,1766740225.794642124,/ground_truth.poses[1].position.y,0.4749914077296815
0.5077219263039688,1766740225.814848562,/ground_truth.poses[1].position.y,0.4809114688585792
0.5072718850005022,1766740225.834492272,/ground_truth.poses[1].position.y,0.4863848450776524
0.5068218438782376,1766740225.854790600,/ground_truth.poses[1].position.y,0.4918582086630987
0.5063718025600821,1766740225.875836290,/ground_truth.poses[1].position.y,0.49733156465598094
0.505885030170132,1766740225.894809803,/ground_truth.poses[1].position.y,0.5032515902242846
0.5053982572105976,1766740225.914964013,/ground_truth.poses[1].position.y,0.5091716133879461
0.5049114840664999,1766740225.935362809,/ground_truth.poses[1].position.y,0.5150916294038804
0.504424710741576,1766740225.955164784,/ground_truth.poses[1].position.y,0.5210116384137528
0.503956302489418,1766740225.974991184,/ground_truth.poses[1].position.y,0.5267083044868085
0.5035062600762892,1766740225.996326894,/ground_truth.poses[1].position.y,0.5321816179827076
0.5030562174933448,1766740226.015096457,/ground_truth.poses[1].position.y,0.5376549248789432
0.5026061747440066,1766740226.035476879,/ground_truth.poses[1].position.y,0.5431282253064973
0.5021561318316237,1766740226.055237326,/ground_truth.poses[1].position.y,0.5486015193936615
0.5017060887594901,1766740226.075103461,/ground_truth.poses[1].position.y,0.5540748072661795
0.5012193146483581,1766740226.095412690,/ground_truth.poses[1].position.y,0.5599947660841456
0.5007509052529576,1766740226.115398808,/ground_truth.poses[1].position.y,0.5656913877452632
0.5003008617206344,1766740226.135561785,/ground_truth.poses[1].position.y,0.5711646577038699
0.49974062534327884,1766740226.155789753,/ground_truth.poses[1].position.y,0.5779779536441889
0.49923548345464897,1766740226.175199398,/ground_truth.poses[1].position.y,0.5841212500998322
0.49878543949039744,1766740226.195578867,/ground_truth.poses[1].position.y,0.5895945031899066
0.4982619335713979,1766740226.215705837,/ground_truth.poses[1].position.y,0.5959611055626919
0.49775679202895895,1766740226.235269028,/ground_truth.poses[1].position.y,0.602104376042959
0.49727001639192325,1766740226.255464445,/ground_truth.poses[1].position.y,0.6080242951836999
0.4968199715085508,1766740226.275453088,/ground_truth.poses[1].position.y,0.6134975321907575
0.4963699268789677,1766740226.295747098,/ground_truth.poses[1].position.y,0.6189707593247546
0.4959198821238914,1766740226.315752602,/ground_truth.poses[1].position.y,0.6244439815530668
0.4954331065088239,1766740226.335765330,/ground_truth.poses[1].position.y,0.6303638759847343
0.49494633024561174,1766740226.356194302,/ground_truth.poses[1].position.y,0.6362837706895699
0.49445955386454304,1766740226.375979896,/ground_truth.poses[1].position.y,0.6422036607943497
0.4939727773679913,1766740226.396038659,/ground_truth.poses[1].position.y,0.6481235463903664
0.49350843901125596,1766740226.416576363,/ground_truth.poses[1].position.y,0.653815585375463
0.4930584935368948,1766740226.435977502,/ground_truth.poses[1].position.y,0.6592887888773653
0.49260854796994596,1766740226.456296469,/ground_truth.poses[1].position.y,0.6647619881265754
0.49214024117338,1766740226.476482780,/ground_truth.poses[1].position.y,0.6704585196301573
0.4916902950446528,1766740226.496329839,/ground_truth.poses[1].position.y,0.6759317155142605
0.49122198807205764,1766740226.516933536,/ground_truth.poses[1].position.y,0.6816282389288354
0.49077204177085987,1766740226.536689746,/ground_truth.poses[1].position.y,0.6871014268839675
0.4902853731079783,1766740226.556553456,/ground_truth.poses[1].position.y,0.693021283839648
0.4898170651198335,1766740226.576688651,/ground_truth.poses[1].position.y,0.6987178054901114
0.48933039629463604,1766740226.596794472,/ground_truth.poses[1].position.y,0.7046376549811153
0.4888620885298357,1766740226.617016679,/ground_truth.poses[1].position.y,0.710334164426172
0.48837541916642124,1766740226.636915995,/ground_truth.poses[1].position.y,0.7162540116344509
0.4878887497274234,1766740226.656758616,/ground_truth.poses[1].position.y,0.7221738553636985
0.4874020802144893,1766740226.677031137,/ground_truth.poses[1].position.y,0.7280936956829036
0.4869154106289199,1766740226.696975296,/ground_truth.poses[1].position.y,0.7340135326597842
0.4864654636331171,1766740226.717176394,/ground_truth.poses[1].position.y,0.7394866886208165
0.48601551695031336,1766740226.737095457,/ground_truth.poses[1].position.y,0.7449598364816569
0.48555376848694487,1766740226.757115678,/ground_truth.poses[1].position.y,0.7506502255433478
0.48506726134613687,1766740226.776724243,/ground_truth.poses[1].position.y,0.7565700637516953
0.4846174645105719,1766740226.797686187,/ground_truth.poses[1].position.y,0.7620432198480281
0.48414931263222566,1766740226.817696250,/ground_truth.poses[1].position.y,0.7677397101232404
0.48369951606980477,1766740226.837158833,/ground_truth.poses[1].position.y,0.7732128558616375
0.48321300909193815,1766740226.856936683,/ground_truth.poses[1].position.y,0.7791326776223174
0.48276321202028005,1766740226.876416639,/ground_truth.poses[1].position.y,0.7846058226441146
0.482313415438086,1766740226.897961528,/ground_truth.poses[1].position.y,0.7900789597494241
0.4818452637341261,1766740226.918200025,/ground_truth.poses[1].position.y,0.7957754310925051
0.48135875637162756,1766740226.938150747,/ground_truth.poses[1].position.y,0.801695246395205
0.48087224878385093,1766740226.957403650,/ground_truth.poses[1].position.y,0.8076150595684913
0.4803857412553711,1766740226.977200866,/ground_truth.poses[1].position.y,0.8135348699869426
0.4798992335812851,1766740226.997462737,/ground_truth.poses[1].position.y,0.8194546781511968
0.4794494361999571,1766740227.017427425,/ground_truth.poses[1].position.y,0.8249278050898768
0.47899963915763705,1766740227.038885503,/ground_truth.poses[1].position.y,0.830400924794666
0.4785314872790524,1766740227.058446960,/ground_truth.poses[1].position.y,0.8360973787593354
0.4780449795088839,1766740227.078086633,/ground_truth.poses[1].position.y,0.8420171771433269
0.4775584716763471,1766740227.097759478,/ground_truth.poses[1].position.y,0.8479369734449433
0.4770719637641492,1766740227.118493578,/ground_truth.poses[1].position.y,0.8538567677338541
0.4765854558464403,1766740227.137669528,/ground_truth.poses[1].position.y,0.8597765597854113
0.4761173028372272,1766740227.157968268,/ground_truth.poses[1].position.y,0.8654730128360321
0.4756675055309557,1766740227.178048752,/ground_truth.poses[1].position.y,0.8709461171405556
0.4751809980233749,1766740227.198339527,/ground_truth.poses[1].position.y,0.876865897861875
0.4746944899896034,1766740227.218567054,/ground_truth.poses[1].position.y,0.8827856814614066
0.4742079826945628,1766740227.238532103,/ground_truth.poses[1].position.y,0.888705462598682
0.47375818490667504,1766740227.258700159,/ground_truth.poses[1].position.y,0.8941785635991814
0.473308387471487,1766740227.278855011,/ground_truth.poses[1].position.y,0.8996516578323522
0.4728585900050438,1766740227.298962525,/ground_truth.poses[1].position.y,0.9051247502305375
0.4724087925079609,1766740227.319202726,/ground_truth.poses[1].position.y,0.9105978408302172
0.47195899498089966,1766740227.339120927,/ground_truth.poses[1].position.y,0.9160709296671486
0.4714908424513128,1766740227.358979037,/ground_truth.poses[1].position.y,0.9217673537109653
0.47100433415061815,1766740227.379000771,/ground_truth.poses[1].position.y,0.9276871227772926
0.4705178258217742,1766740227.399037974,/ground_truth.poses[1].position.y,0.933606890184174
0.4700313174653872,1766740227.419296018,/ground_truth.poses[1].position.y,0.9395266559644987
0.46954480908204876,1766740227.439183833,/ground_truth.poses[1].position.y,0.9454464201505987
0.4690950110030228,1766740227.458983214,/ground_truth.poses[1].position.y,0.9509195040142107
0.46864521328311,1766740227.479900905,/ground_truth.poses[1].position.y,0.9563925814552032
0.46819541553794347,1766740227.499399726,/ground_truth.poses[1].position.y,0.9618656573950778
0.4677089074376018,1766740227.519468668,/ground_truth.poses[1].position.y,0.9677854106237277
0.467240753900439,1766740227.539409482,/ground_truth.poses[1].position.y,0.973481830367268
0.4667726011102705,1766740227.559487211,/ground_truth.poses[1].position.y,0.9791782389150516
0.46628609255376224,1766740227.579332426,/ground_truth.poses[1].position.y,0.9850979927945328
0.465817938946878,1766740227.599563520,/ground_truth.poses[1].position.y,0.9907944083821824
0.4653681410612205,1766740227.619792981,/ground_truth.poses[1].position.y,0.9962674759219506
0.46491834315391745,1766740227.639540605,/ground_truth.poses[1].position.y,1.001740542157378
0.4644685452254292,1766740227.659821892,/ground_truth.poses[1].position.y,1.0072136071145084
0.46401874727621917,1766740227.680062865,/ground_truth.poses[1].position.y,1.012686670818763
0.4636771202841157,1766740227.699718608,/ground_truth.poses[1].position.y,1.016986614101347
0.46337809582649175,1766740227.719864593,/ground_truth.poses[1].position.y,1.0181752002392488
0.46337809582649175,1766740227.739377550,/ground_truth.poses[1].position.y,1.0181752002392488
0.4633780958824648,1766740227.759861224,/ground_truth.poses[1].position.y,1.0181752951305947
0.4633780965765018,1766740227.779471443,/ground_truth.poses[1].position.y,1.0181753795835338
0.4633780965765018,1766740227.799551245,/ground_truth.poses[1].position.y,1.0181753795835338
0.46337809745142083,1766740227.820467955,/ground_truth.poses[1].position.y,1.018175461440536
0.4633780980971655,1766740227.839678599,/ground_truth.poses[1].position.y,1.0181755409551705
0.4633780980971655,1766740227.860008908,/ground_truth.poses[1].position.y,1.0181755409551705
0.4633780987240023,1766740227.879661224,/ground_truth.poses[1].position.y,1.0181756181067205
0.463378099332434,1766740227.899741378,/ground_truth.poses[1].position.y,1.0181756929653836
0.463378099332434,1766740227.920616169,/ground_truth.poses[1].position.y,1.0181756929653836
0.4633780999230485,1766740227.939771401,/ground_truth.poses[1].position.y,1.0181757655992665
0.4633781004963778,1766740227.960295440,/ground_truth.poses[1].position.y,1.0181758360744502
0.4633781004963778,1766740227.980067509,/ground_truth.poses[1].position.y,1.0181758360744502
0.46337810105293836,1766740228.000039832,/ground_truth.poses[1].position.y,1.0181759044550538
0.46337810105293836,1766740228.020607432,/ground_truth.poses[1].position.y,1.0181759044550538
0.4633781017697989,1766740228.040510005,/ground_truth.poses[1].position.y,1.0181759924782197
0.4633781017697989,1766740228.060436011,/ground_truth.poses[1].position.y,1.0181759924782197
0.46337810245888567,1766740228.080693113,/ground_truth.poses[1].position.y,1.0181760770304649
0.46337810245888567,1766740228.100812359,/ground_truth.poses[1].position.y,1.0181760770304649
0.4633781031213017,1766740228.120941584,/ground_truth.poses[1].position.y,1.0181761582485669
0.4633781031213017,1766740228.140929846,/ground_truth.poses[1].position.y,1.0181761582485669
0.4633781037581068,1766740228.161076283,/ground_truth.poses[1].position.y,1.0181762362639135
0.4633781037581068,1766740228.181084522,/ground_truth.poses[1].position.y,1.0181762362639135
0.46341938291232265,1766740228.201438975,/ground_truth.poses[1].position.y,1.0176741285425666
0.46350194173636783,1766740228.221168075,/ground_truth.poses[1].position.y,1.0166697408282959
0.4637973488442254,1766740228.240842413,/ground_truth.poses[1].position.y,1.0132050157991512
0.46415526268187257,1766740228.261301060,/ground_truth.poses[1].position.y,1.0088505038673852
0.4645315340478206,1766740228.281248958,/ground_truth.poses[1].position.y,1.0042726445593217
0.46501794709706773,1766740228.301568326,/ground_truth.poses[1].position.y,0.9983547484753929
0.46552271807536294,1766740228.321988422,/ground_truth.poses[1].position.y,0.9922135000348423
0.4660458465945945,1766740228.341664202,/ground_truth.poses[1].position.y,0.9858489041094652
0.4666424029150728,1766740228.361883304,/ground_truth.poses[1].position.y,0.9785909499507397
0.46722060323791514,1766740228.381593288,/ground_truth.poses[1].position.y,0.9715563225686255
0.4677804460057114,1766740228.401859558,/ground_truth.poses[1].position.y,0.9647450414130371
0.46837700269459015,1766740228.422256811,/ground_truth.poses[1].position.y,0.9574870805638391
0.46895520299819776,1766740228.441692264,/ground_truth.poses[1].position.y,0.9504524513860015
0.46951504574638103,1766740228.461821950,/ground_truth.poses[1].position.y,0.9436411684710362
0.470074888488181,1766740228.481583570,/ground_truth.poses[1].position.y,0.9368298849929292
0.4706530879915264,1766740228.501804214,/ground_truth.poses[1].position.y,0.9297952638457528
0.4712496450382367,1766740228.522182653,/ground_truth.poses[1].position.y,0.922537295319337
0.47184620207877287,1766740228.541781710,/ground_truth.poses[1].position.y,0.915279326262549
0.4724060451872981,1766740228.562215391,/ground_truth.poses[1].position.y,0.9084680357801781
0.47300260182388804,1766740228.581729892,/ground_truth.poses[1].position.y,0.9012100705558205
0.47359915884628473,1766740228.601879514,/ground_truth.poses[1].position.y,0.8939520999707841
0.47419571586275794,1766740228.623977743,/ground_truth.poses[1].position.y,0.8866941288964907
0.47479227287337483,1766740228.642684039,/ground_truth.poses[1].position.y,0.8794361573426986
0.47538882987820547,1766740228.662749766,/ground_truth.poses[1].position.y,0.8721781853189555
0.47598538687729697,1766740228.682997781,/ground_truth.poses[1].position.y,0.8649202128346352
0.4765635871056506,1766740228.702710561,/ground_truth.poses[1].position.y,0.8578855770137442
0.4771234297761422,1766740228.723278161,/ground_truth.poses[1].position.y,0.8510742875909906
0.4776832724410637,1766740228.742779377,/ground_truth.poses[1].position.y,0.8442629977347778
0.4782431151004882,1766740228.762929951,/ground_truth.poses[1].position.y,0.8374517074536441
0.47880295775447124,1766740228.783299402,/ground_truth.poses[1].position.y,0.8306404167560619
0.47936280040304996,1766740228.802972638,/ground_truth.poses[1].position.y,0.8238291256503315
0.4799226430462742,1766740228.823417901,/ground_truth.poses[1].position.y,0.8170178341445913
0.48048248568419305,1766740228.843341352,/ground_truth.poses[1].position.y,0.810206542246818
0.48104232831683774,1766740228.863219810,/ground_truth.poses[1].position.y,0.8033952499648304
0.48160217094426183,1766740228.883308299,/ground_truth.poses[1].position.y,0.7965839573062954
0.48216201356650484,1766740228.903180415,/ground_truth.poses[1].position.y,0.7897726642787117
0.48272185618359625,1766740228.923681431,/ground_truth.poses[1].position.y,0.7829613708894456
0.48328169879557664,1766740228.943581629,/ground_truth.poses[1].position.y,0.7761500771457105
0.4838415414024937,1766740228.963241991,/ground_truth.poses[1].position.y,0.7693387830545825
0.4843830272686137,1766740228.983309511,/ground_truth.poses[1].position.y,0.7627508254366926
0.4849061555969459,1766740229.003678451,/ground_truth.poses[1].position.y,0.7563862140328386
0.48542928392029683,1766740229.023834656,/ground_truth.poses[1].position.y,0.7500216023021011
0.4859524122387019,1766740229.043703075,/ground_truth.poses[1].position.y,0.743656990250894
0.48647554055233033,1766740229.063495213,/ground_truth.poses[1].position.y,0.7372923778855911
0.48692524107734475,1766740229.083376466,/ground_truth.poses[1].position.y,0.7318211227920591
0.4874116542922126,1766740229.103750656,/ground_truth.poses[1].position.y,0.725903203211878
0.48793478259790557,1766740229.123825510,/ground_truth.poses[1].position.y,0.7195385899403293
0.48845791090122304,1766740229.143749122,/ground_truth.poses[1].position.y,0.7131739763783264
0.48898103920219577,1766740229.164026392,/ground_truth.poses[1].position.y,0.7068093625318536
0.4895041675008793,1766740229.183747186,/ground_truth.poses[1].position.y,0.7004447484065719
0.49000893903876086,1766740229.203792104,/ground_truth.poses[1].position.y,0.6943034711173681
0.49049535301560454,1766740229.224727339,/ground_truth.poses[1].position.y,0.6883855404065065
0.4909817669902767,1766740229.243826095,/ground_truth.poses[1].position.y,0.6824676094332705
0.49146818096282524,1766740229.264037022,/ground_truth.poses[1].position.y,0.6765496782027889
0.4919545949332937,1766740229.283670674,/ground_truth.poses[1].position.y,0.6706317467201739
0.4924410089017256,1766740229.303892902,/ground_truth.poses[1].position.y,0.664713814990445
0.4929274228681623,1766740229.324286288,/ground_truth.poses[1].position.y,0.6587958830185204
0.49341383683263995,1766740229.344016400,/ground_truth.poses[1].position.y,0.6528779508092303
0.49390025079520394,1766740229.364343453,/ground_truth.poses[1].position.y,0.6469600183672904
0.49438666475588194,1766740229.384535084,/ground_truth.poses[1].position.y,0.6410420856973315
0.49487307871472236,1766740229.404231974,/ground_truth.poses[1].position.y,0.63512415280389
0.4953594926717512,1766740229.424781902,/ground_truth.poses[1].position.y,0.6292062196914162
0.4958275498928782,1766740229.444303395,/ground_truth.poses[1].position.y,0.6235116231766109
0.4962956063119766,1766740229.464546582,/ground_truth.poses[1].position.y,0.6178170361881998
0.49674530639538733,1766740229.484917937,/ground_truth.poses[1].position.y,0.6123457809375737
0.49713993583796323,1766740229.504610789,/ground_truth.poses[1].position.y,0.6075445412358461
0.49747949263899915,1766740229.524953080,/ground_truth.poses[1].position.y,0.6034133414290098
0.497552768852437,1766740229.544783619,/ground_truth.poses[1].position.y,0.6025218220185619
0.497552768852437,1766740229.564656527,/ground_truth.poses[1].position.y,0.6025218220185619
0.497552768852437,1766740229.585115535,/ground_truth.poses[1].position.y,0.6025218220185619
0.497552768852437,1766740229.604765378,/ground_truth.poses[1].position.y,0.6025218220185619
0.497552768852437,1766740229.625101006,/ground_truth.poses[1].position.y,0.6025218220185619
0.497552768852437,1766740229.645266318,/ground_truth.poses[1].position.y,0.6025218220185619
0.497552768852437,1766740229.664973938,/ground_truth.poses[1].position.y,0.6025218220185619
0.497552768852437,1766740229.685215121,/ground_truth.poses[1].position.y,0.6025218220185619
0.4975527707933535,1766740229.705209886,/ground_truth.poses[1].position.y,0.6025218761523526
0.4975527707933535,1766740229.725366041,/ground_truth.poses[1].position.y,0.6025218761523526
0.4975527707933535,1766740229.745452686,/ground_truth.poses[1].position.y,0.6025218761523526
0.4975527707933535,1766740229.765124699,/ground_truth.poses[1].position.y,0.6025218761523526
0.4975527707933535,1766740229.785311521,/ground_truth.poses[1].position.y,0.6025218761523526
0.4975527692544337,1766740229.805460523,/ground_truth.poses[1].position.y,0.6025219185216627
0.49755276697057516,1766740229.825518475,/ground_truth.poses[1].position.y,0.6025219257589346
0.49755276399340753,1766740229.845534809,/ground_truth.poses[1].position.y,0.6025219328717454
0.4975527611502147,1766740229.865453342,/ground_truth.poses[1].position.y,0.6025219398574653
0.4975527583918635,1766740229.885430714,/ground_truth.poses[1].position.y,0.6025219467147488
0.49755275571619284,1766740229.905668931,/ground_truth.poses[1].position.y,0.6025219534458313
0.4975527525475824,1766740229.925654609,/ground_truth.poses[1].position.y,0.6025219600642412
0.49755274922148407,1766740229.945610992,/ground_truth.poses[1].position.y,0.6025219665753233
0.49755274570902897,1766740229.965830925,/ground_truth.poses[1].position.y,0.6025219729844676
0.49755274177719483,1766740229.985988903,/ground_truth.poses[1].position.y,0.6025219793041847
0.49755273775896197,1766740230.005864837,/ground_truth.poses[1].position.y,0.6025219855327784
0.4975527340838455,1766740230.026447084,/ground_truth.poses[1].position.y,0.602521991651699
0.4975527305199171,1766740230.045810153,/ground_truth.poses[1].position.y,0.6025219976700541
0.4975527270643834,1766740230.066081463,/ground_truth.poses[1].position.y,0.6025220035891903
0.4975527232143771,1766740230.086030903,/ground_truth.poses[1].position.y,0.6025220094428365
0.49755271975744103,1766740230.106242641,/ground_truth.poses[1].position.y,0.6025220151838069
0.4975527161447462,1766740230.126617032,/ground_truth.poses[1].position.y,0.6025220208551807
0.4975527112606458,1766740230.146155307,/ground_truth.poses[1].position.y,0.6025220265634752
0.49755270638444904,1766740230.166250989,/ground_truth.poses[1].position.y,0.6025220322161883
0.49755270164668297,1766740230.186969451,/ground_truth.poses[1].position.y,0.6025220378034304
0.4975526968424166,1766740230.206587124,/ground_truth.poses[1].position.y,0.6025220433469463
0.497552691614522,1766740230.226771882,/ground_truth.poses[1].position.y,0.6025220488989851
0.4975526860800088,1766740230.246510259,/ground_truth.poses[1].position.y,0.6025220544583029
0.49755268018157683,1766740230.266535921,/ground_truth.poses[1].position.y,0.6025220600505214
0.4975526742747571,1766740230.287268239,/ground_truth.poses[1].position.y,0.6025220656382739
0.4975526680026269,1766740230.306715354,/ground_truth.poses[1].position.y,0.6025220712837446
0.4975526623879312,1766740230.326887078,/ground_truth.poses[1].position.y,0.6025220768178589
0.4975526566873403,1766740230.346915244,/ground_truth.poses[1].position.y,0.6025220823664978
0.49755265100388285,1766740230.366802259,/ground_truth.poses[1].position.y,0.6025220879153335
0.4975526459373504,1766740230.387520159,/ground_truth.poses[1].position.y,0.6025220933324181
0.49755264097873797,1766740230.407173488,/ground_truth.poses[1].position.y,0.6025220987199306
0.4975526361909287,1766740230.427229026,/ground_truth.poses[1].position.y,0.602522104062667
0.4975526312076921,1766740230.447348693,/ground_truth.poses[1].position.y,0.6025221094568795
0.4975526264449517,1766740230.466999377,/ground_truth.poses[1].position.y,0.602522114799555
0.4975526218523173,1766740230.487328844,/ground_truth.poses[1].position.y,0.6025221200990103
0.4975526174257964,1766740230.507459472,/ground_truth.poses[1].position.y,0.6025221253537772
0.4975526131614558,1766740230.527390247,/ground_truth.poses[1].position.y,0.6025221305624713
0.4975526090554231,1766740230.547466533,/ground_truth.poses[1].position.y,0.6025221357237883
0.4975526051038833,1766740230.567293896,/ground_truth.poses[1].position.y,0.6025221408365028
0.4975526013030819,1766740230.587734080,/ground_truth.poses[1].position.y,0.6025221458994656
0.497552597952673,1766740230.607589545,/ground_truth.poses[1].position.y,0.6025221507906466
0.4975525946908034,1766740230.627663788,/ground_truth.poses[1].position.y,0.6025221556432294
0.49755259126132007,1766740230.647636732,/ground_truth.poses[1].position.y,0.6025221605636433
0.4975525880197549,1766740230.667763021,/ground_truth.poses[1].position.y,0.6025221654126417
0.4975525849111195,1766740230.687591556,/ground_truth.poses[1].position.y,0.6025221702074031
0.4975525819320102,1766740230.707650871,/ground_truth.poses[1].position.y,0.6025221749471817
0.49755257907908224,1766740230.728193916,/ground_truth.poses[1].position.y,0.6025221796312947
0.4975525763490468,1766740230.747682879,/ground_truth.poses[1].position.y,0.6025221842591162
0.49755257373867334,1766740230.767934983,/ground_truth.poses[1].position.y,0.602522188830078
0.49755257124478736,1766740230.788295878,/ground_truth.poses[1].position.y,0.602522193343667
0.49755256886426963,1766740230.808017184,/ground_truth.poses[1].position.y,0.6025221977994228
0.49755256659405656,1766740230.828503854,/ground_truth.poses[1].position.y,0.6025222021969383
0.4975525644311414,1766740230.849341087,/ground_truth.poses[1].position.y,0.602522206535854
0.4975525623725706,1766740230.869327355,/ground_truth.poses[1].position.y,0.6025222108158595
0.4975525604154456,1766740230.890059913,/ground_truth.poses[1].position.y,0.6025222150366899
0.49755255855692254,1766740230.909446907,/ground_truth.poses[1].position.y,0.6025222191981257
0.49755255679420896,1766740230.929812161,/ground_truth.poses[1].position.y,0.6025222232999904
0.4975525551245664,1766740230.949495626,/ground_truth.poses[1].position.y,0.6025222273421482
0.49755255354530964,1766740230.969475873,/ground_truth.poses[1].position.y,0.6025222313245039
0.49755255205380505,1766740230.990167375,/ground_truth.poses[1].position.y,0.6025222352470003
0.4975525506474696,1766740231.009506419,/ground_truth.poses[1].position.y,0.6025222391096166
0.4975525493237712,1766740231.029767860,/ground_truth.poses[1].position.y,0.6025222429123692
0.49755254808022875,1766740231.049606454,/ground_truth.poses[1].position.y,0.6025222466553072
0.4975525469144112,1766740231.069841756,/ground_truth.poses[1].position.y,0.6025222503385126
0.49755254582393565,1766740231.090293231,/ground_truth.poses[1].position.y,0.6025222539620999
0.49755254480646893,1766740231.110088945,/ground_truth.poses[1].position.y,0.6025222575262124
0.4975525438597262,1766740231.130381094,/ground_truth.poses[1].position.y,0.6025222610310227
0.4975525429814692,1766740231.150390335,/ground_truth.poses[1].position.y,0.6025222644767315
0.4975525421695069,1766740231.170323054,/ground_truth.poses[1].position.y,0.6025222678635656
0.49755254142169597,1766740231.190400443,/ground_truth.poses[1].position.y,0.6025222711917775
0.4975525407359375,1766740231.210402562,/ground_truth.poses[1].position.y,0.6025222744616436
0.4975525401101781,1766740231.230294445,/ground_truth.poses[1].position.y,0.602522277673463
0.49755253954240947,1766740231.250490935,/ground_truth.poses[1].position.y,0.6025222808275577
0.4975525390306671,1766740231.270228902,/ground_truth.poses[1].position.y,0.6025222839242712
0.49755253857302995,1766740231.290550004,/ground_truth.poses[1].position.y,0.6025222869639647
0.49755253816761996,1766740231.310650956,/ground_truth.poses[1].position.y,0.6025222899470211
0.49755253781260195,1766740231.330554952,/ground_truth.poses[1].position.y,0.6025222928738388
0.49755253750618084,1766740231.350690960,/ground_truth.poses[1].position.y,0.6025222957448363
0.49755253724660425,1766740231.370774289,/ground_truth.poses[1].position.y,0.6025222985604463
0.49755253703215996,1766740231.391410718,/ground_truth.poses[1].position.y,0.6025223013211164
0.4975525368611753,1766740231.411048729,/ground_truth.poses[1].position.y,0.6025223040273102
0.4975525367320172,1766740231.430969516,/ground_truth.poses[1].position.y,0.6025223066795048
0.49755253664309107,1766740231.451177958,/ground_truth.poses[1].position.y,0.6025223092781888
0.49755253659284054,1766740231.471034977,/ground_truth.poses[1].position.y,0.6025223118238648
0.4975525365797467,1766740231.491004805,/ground_truth.poses[1].position.y,0.602522314317046
0.497552536602328,1766740231.510897299,/ground_truth.poses[1].position.y,0.6025223167582551
0.49755253665901483,1766740231.531180581,/ground_truth.poses[1].position.y,0.6025223191480888
0.49755253674775274,1766740231.550899973,/ground_truth.poses[1].position.y,0.6025223214874286
0.4975525368670991,1766740231.571102435,/ground_truth.poses[1].position.y,0.6025223237768884
0.49755253701574315,1766740231.591196163,/ground_truth.poses[1].position.y,0.6025223260170415
0.49755253719240816,1766740231.611008058,/ground_truth.poses[1].position.y,0.6025223282084673
0.4975525373958507,1766740231.631091808,/ground_truth.poses[1].position.y,0.6025223303517515
0.4975525376248596,1766740231.651160340,/ground_truth.poses[1].position.y,0.6025223324474864
0.4975525378782858,1766740231.671302810,/ground_truth.poses[1].position.y,0.6025223344963954
0.4975525381550898,1766740231.691909634,/ground_truth.poses[1].position.y,0.6025223364995147
0.4975525384541723,1766740231.711155565,/ground_truth.poses[1].position.y,0.602522338457452
0.49755253877446,1766740231.731612159,/ground_truth.poses[1].position.y,0.6025223403707999
0.49755253911490754,1766740231.751381594,/ground_truth.poses[1].position.y,0.6025223422401527
0.4975525394745001,1766740231.771349469,/ground_truth.poses[1].position.y,0.6025223440661086
0.4975525398522498,1766740231.792228910,/ground_truth.poses[1].position.y,0.6025223458492659
0.4975525402471972,1766740231.811686014,/ground_truth.poses[1].position.y,0.6025223475902266
0.4975525406584092,1766740231.831837020,/ground_truth.poses[1].position.y,0.6025223492895925
0.4975525410849795,1766740231.852224445,/ground_truth.poses[1].position.y,0.6025223509479662
0.4975525415260288,1766740231.871703220,/ground_truth.poses[1].position.y,0.6025223525659519
0.4975525419807024,1766740231.892175133,/ground_truth.poses[1].position.y,0.6025223541441529
0.49755254244817104,1766740231.911911887,/ground_truth.poses[1].position.y,0.6025223556831717
0.4975525429276301,1766740231.931895781,/ground_truth.poses[1].position.y,0.6025223571836121
0.4975525434182993,1766740231.951969383,/ground_truth.poses[1].position.y,0.6025223586460751
0.49755254391942166,1766740231.971705957,/ground_truth.poses[1].position.y,0.6025223600711612
0.4975525444302632,1766740231.992213055,/ground_truth.poses[1].position.y,0.6025223614594701
0.4975525449501131,1766740232.012176071,/ground_truth.poses[1].position.y,0.6025223628115987
0.4975525454782822,1766740232.032012711,/ground_truth.poses[1].position.y,0.6025223641281413
0.4975525460141036,1766740232.052163317,/ground_truth.poses[1].position.y,0.6025223654096922
0.49755254655693076,1766740232.072159935,/ground_truth.poses[1].position.y,0.6025223666568403
0.4975525471061386,1766740232.092263002,/ground_truth.poses[1].position.y,0.6025223678701734
0.49755254766112245,1766740232.112576880,/ground_truth.poses[1].position.y,0.6025223690502765
0.4975525482212974,1766740232.132379948,/ground_truth.poses[1].position.y,0.6025223701977297
0.4975525487860973,1766740232.152451125,/ground_truth.poses[1].position.y,0.6025223713131119
0.49755254935497634,1766740232.172583206,/ground_truth.poses[1].position.y,0.6025223723969971
0.49755254992740616,1766740232.192738630,/ground_truth.poses[1].position.y,0.6025223734499546
0.4975525505028773,1766740232.212907088,/ground_truth.poses[1].position.y,0.6025223744725517
0.4975525510808981,1766740232.232892285,/ground_truth.poses[1].position.y,0.60252237546535
0.4975525516609937,1766740232.252678141,/ground_truth.poses[1].position.y,0.6025223764289073
0.4975525522427061,1766740232.272952958,/ground_truth.poses[1].position.y,0.6025223773637777
0.4975525528255951,1766740232.292739445,/ground_truth.poses[1].position.y,0.6025223782705097
0.4975525534092349,1766740232.313002359,/ground_truth.poses[1].position.y,0.6025223791496477
0.49755255399321746,1766740232.333076081,/ground_truth.poses[1].position.y,0.6025223800017304
0.49755255457714836,1766740232.352827412,/ground_truth.poses[1].position.y,0.6025223808272921
0.49755255516064945,1766740232.373143545,/ground_truth.poses[1].position.y,0.6025223816268622
0.4975525557433567,1766740232.393525982,/ground_truth.poses[1].position.y,0.6025223824009641
0.49755255632492024,1766740232.413230386,/ground_truth.poses[1].position.y,0.6025223831501172
0.49755255690500494,1766740232.433485866,/ground_truth.poses[1].position.y,0.6025223838748349
0.4975525574832886,1766740232.453109731,/ground_truth.poses[1].position.y,0.6025223845756249
0.49755255805946197,1766740232.473413761,/ground_truth.poses[1].position.y,0.6025223852529898
0.49755255863322967,1766740232.494068685,/ground_truth.poses[1].position.y,0.6025223859074266
0.4975525592043085,1766740232.513294108,/ground_truth.poses[1].position.y,0.6025223865394265
0.4975525597724277,1766740232.533512850,/ground_truth.poses[1].position.y,0.6025223871494745
0.4975525603373282,1766740232.553320306,/ground_truth.poses[1].position.y,0.6025223877380513
0.49755256089876326,1766740232.573453549,/ground_truth.poses[1].position.y,0.6025223883056307
0.49755256145649635,1766740232.593896909,/ground_truth.poses[1].position.y,0.6025223888526802
0.49755256201030273,1766740232.613730744,/ground_truth.poses[1].position.y,0.6025223893796622
0.49755256255996916,1766740232.633616356,/ground_truth.poses[1].position.y,0.602522389887033
0.4975525631052909,1766740232.653913353,/ground_truth.poses[1].position.y,0.6025223903752439
0.49755256364607503,1766740232.673776222,/ground_truth.poses[1].position.y,0.6025223908447385
0.4975525641821383,1766740232.694065265,/ground_truth.poses[1].position.y,0.6025223912959552
0.49755256470552117,1766740232.713890915,/ground_truth.poses[1].position.y,0.6025223917007955
0.49755256522304453,1766740232.733872906,/ground_truth.poses[1].position.y,0.6025223920873726
0.4975525657348714,1766740232.754133286,/ground_truth.poses[1].position.y,0.602522392458046
0.49755256624089184,1766740232.774004861,/ground_truth.poses[1].position.y,0.6025223928132101
0.49755256675822856,1766740232.794323499,/ground_truth.poses[1].position.y,0.6025223932189068
0.49755256726160235,1766740232.814297695,/ground_truth.poses[1].position.y,0.6025223935708143
0.4975525677592697,1766740232.834343856,/ground_truth.poses[1].position.y,0.6025223939073285
0.49755256824217825,1766740232.854436653,/ground_truth.poses[1].position.y,0.602522394205208
0.4975525687336876,1766740232.874538347,/ground_truth.poses[1].position.y,0.6025223945373755
0.4975525692039735,1766740232.894679364,/ground_truth.poses[1].position.y,0.6025223948077837
0.49755256966745764,1766740232.914568783,/ground_truth.poses[1].position.y,0.6025223950638324
0.49755257012447346,1766740232.934551155,/ground_truth.poses[1].position.y,0.6025223953073228
0.49755257059690505,1766740232.954521455,/ground_truth.poses[1].position.y,0.6025223955971044
0.4975525710466268,1766740232.974709229,/ground_truth.poses[1].position.y,0.602522395829017
0.4975525714841556,1766740232.994664280,/ground_truth.poses[1].position.y,0.6025223960364157
0.49755257191503294,1766740233.014904992,/ground_truth.poses[1].position.y,0.602522396232587
0.4975525723392289,1766740233.035201920,/ground_truth.poses[1].position.y,0.602522396417848
0.49755257275671844,1766740233.054781502,/ground_truth.poses[1].position.y,0.6025223965925101
0.497552573167481,1766740233.075192502,/ground_truth.poses[1].position.y,0.6025223967568776
0.4975525735919734,1766740233.095168412,/ground_truth.poses[1].position.y,0.6025223969549867
0.4975525739950684,1766740233.115157406,/ground_truth.poses[1].position.y,0.6025223971099064
0.49755257438565387,1766740233.135464272,/ground_truth.poses[1].position.y,0.6025223972449228
0.49755257476946724,1766740233.155124495,/ground_truth.poses[1].position.y,0.602522397370816
0.4975525751686143,1766740233.175369666,/ground_truth.poses[1].position.y,0.6025223975294423
0.497552575539582,1766740233.195936095,/ground_truth.poses[1].position.y,0.6025223976391669
0.49755257592651525,1766740233.215518212,/ground_truth.poses[1].position.y,0.6025223977813013
0.49755257628332633,1766740233.235680609,/ground_truth.poses[1].position.y,0.6025223978732331
0.49755257666175984,1766740233.255507151,/ground_truth.poses[1].position.y,0.6025223980038619
0.4975525770154295,1766740233.275638510,/ground_truth.poses[1].position.y,0.6025223980943167
0.49755257735829955,1766740233.295914198,/ground_truth.poses[1].position.y,0.6025223981717358
0.497552577688368,1766740233.315600860,/ground_truth.poses[1].position.y,0.6025223982334682
0.49755257803684083,1766740233.335910190,/ground_truth.poses[1].position.y,0.6025223983257297
0.4975525783634729,1766740233.356085682,/ground_truth.poses[1].position.y,0.6025223983859814
0.49755257867475583,1766740233.375952980,/ground_truth.poses[1].position.y,0.6025223984293776
0.49755257897838245,1766740233.396228868,/ground_truth.poses[1].position.y,0.6025223984650118
0.4975525792754694,1766740233.416605153,/ground_truth.poses[1].position.y,0.6025223984947595
0.49755257956605525,1766740233.436196227,/ground_truth.poses[1].position.y,0.6025223985188342
0.4975525798501811,1766740233.456420619,/ground_truth.poses[1].position.y,0.6025223985374445
0.4975525801595838,1766740233.476329234,/ground_truth.poses[1].position.y,0.6025223985893633
0.49755258043696315,1766740233.496480591,/ground_truth.poses[1].position.y,0.6025223986039363
0.4975525807019745,1766740233.516598024,/ground_truth.poses[1].position.y,0.6025223986071012
0.497552580960704,1766740233.536457758,/ground_truth.poses[1].position.y,0.6025223986055986
0.4975525812132016,1766740233.556630955,/ground_truth.poses[1].position.y,0.6025223985996163
0.49755258145951914,1766740233.576861369,/ground_truth.poses[1].position.y,0.6025223985893365
0.49755258169970923,1766740233.596696336,/ground_truth.poses[1].position.y,0.6025223985749386
0.49755258196304186,1766740233.616816785,/ground_truth.poses[1].position.y,0.6025223985867264
0.49755258219979903,1766740233.636843419,/ground_truth.poses[1].position.y,0.6025223985717488
0.49755258243080075,1766740233.656724894,/ground_truth.poses[1].position.y,0.6025223985530641
0.49755258265278723,1766740233.676991605,/ground_truth.poses[1].position.y,0.6025223985284384
0.4975525828631168,1766740233.697096665,/ground_truth.poses[1].position.y,0.6025223984955561
0.49755258310194356,1766740233.716941722,/ground_truth.poses[1].position.y,0.602522398490226
0.49755258330642993,1766740233.737240172,/ground_truth.poses[1].position.y,0.6025223984555869
0.49755258349954196,1766740233.757039123,/ground_truth.poses[1].position.y,0.6025223984136135
0.4975525836870523,1766740233.777331381,/ground_truth.poses[1].position.y,0.6025223983689718
0.497552583900374,1766740233.797233795,/ground_truth.poses[1].position.y,0.6025223983473569
0.49755258408204184,1766740233.817248988,/ground_truth.poses[1].position.y,0.6025223983013359
0.49755258425310284,1766740233.837545114,/ground_truth.poses[1].position.y,0.6025223982494119
0.49755258441882305,1766740233.857251482,/ground_truth.poses[1].position.y,0.6025223981953646
0.49755258457926926,1766740233.877481936,/ground_truth.poses[1].position.y,0.6025223981393217
0.4975525847345089,1766740233.897806384,/ground_truth.poses[1].position.y,0.6025223980814064
0.4975525849203472,1766740233.917455626,/ground_truth.poses[1].position.y,0.6025223980463369
0.4975525850726769,1766740233.937761651,/ground_truth.poses[1].position.y,0.6025223979889133
0.4975525852198437,1766740233.957415451,/ground_truth.poses[1].position.y,0.6025223979296817
0.4975525853564416,1766740233.977697290,/ground_truth.poses[1].position.y,0.6025223978662907
0.4975525854865384,1766740233.998111406,/ground_truth.poses[1].position.y,0.6025223978004982
0.4975525856118396,1766740234.017722618,/ground_truth.poses[1].position.y,0.6025223977335219
0.4975525856664612,1766740234.039021790,/ground_truth.poses[1].position.y,0.6025223976387872
0.4975525856820216,1766740234.059269507,/ground_truth.poses[1].position.y,0.6025223975850919
0.4975525856820216,1766740234.079366562,/ground_truth.poses[1].position.y,0.6025223975850919
0.4975525856820216,1766740234.099278534,/ground_truth.poses[1].position.y,0.6025223975850919
0.4975525856820216,1766740234.119741881,/ground_truth.poses[1].position.y,0.6025223975850919
0.4975525856820216,1766740234.139060638,/ground_truth.poses[1].position.y,0.6025223975850919
0.4975525856820216,1766740234.159512364,/ground_truth.poses[1].position.y,0.6025223975850919
0.4975525856820216,1766740234.179554387,/ground_truth.poses[1].position.y,0.6025223975850919
0.4975525856820216,1766740234.199800981,/ground_truth.poses[1].position.y,0.6025223975850919
0.4975525856820216,1766740234.219059936,/ground_truth.poses[1].position.y,0.6025223975850919
0.4975525856820216,1766740234.239540666,/ground_truth.poses[1].position.y,0.6025223975850919
0.4975525856820216,1766740234.259791528,/ground_truth.poses[1].position.y,0.6025223975850919
0.4975819404919834,1766740234.279302844,/ground_truth.poses[1].position.y,0.6024740197182432
0.497640650494844,1766740234.299414226,/ground_truth.poses[1].position.y,0.6023772637081564
0.49793185830467507,1766740234.319423117,/ground_truth.poses[1].position.y,0.6018973437495699
0.4982230686479322,1766740234.339438120,/ground_truth.poses[1].position.y,0.6014174196161195
0.4985142789905272,1766740234.359412437,/ground_truth.poses[1].position.y,0.6009374954840587
0.4990379871449548,1766740234.379736426,/ground_truth.poses[1].position.y,0.6000744073954651
0.4995616978328554,1766740234.399568107,/ground_truth.poses[1].position.y,0.5992113151319146
0.5000854085201384,1766740234.419637732,/ground_truth.poses[1].position.y,0.5983482228696629
0.5006091192068152,1766740234.439788387,/ground_truth.poses[1].position.y,0.5974851306086841
0.501132829892898,1766740234.459835470,/ground_truth.poses[1].position.y,0.5966220383489523
0.5016565405783991,1766740234.479897410,/ground_truth.poses[1].position.y,0.5957589460904432
0.50218025126333,1766740234.500010065,/ground_truth.poses[1].position.y,0.5948958538331333
0.502820209567624,1766740234.519823252,/ground_truth.poses[1].position.y,0.5938411817179489
0.5036926681985757,1766740234.540265851,/ground_truth.poses[1].position.y,0.5924033415016744
0.5049138773488229,1766740234.559931874,/ground_truth.poses[1].position.y,0.5903907490853417
0.5061350890327179,1766740234.580048506,/ground_truth.poses[1].position.y,0.5883781524937115
0.5073563007161122,1766740234.600478662,/ground_truth.poses[1].position.y,0.5863655559031361
0.5090425080239862,1766740234.619963598,/ground_truth.poses[1].position.y,0.5835866313978043
0.5108449680388475,1766740234.640358799,/ground_truth.poses[1].position.y,0.5806161186500094
0.5128799283997779,1766740234.660250192,/ground_truth.poses[1].position.y,0.5772624377690958
0.5150311414676072,1766740234.680317913,/ground_truth.poses[1].position.y,0.5737171686458472
0.5171823545350621,1766740234.700867210,/ground_truth.poses[1].position.y,0.5701718995234203
0.5193335676021014,1766740234.720299809,/ground_truth.poses[1].position.y,0.5666266304018973
0.5214847806687304,1766740234.740609531,/ground_truth.poses[1].position.y,0.5630813612812533
0.5236359937349507,1766740234.760690657,/ground_truth.poses[1].position.y,0.5595360921614718
0.5260197020792672,1766740234.780603629,/ground_truth.poses[1].position.y,0.5556076632607465
0.5286359158377784,1766740234.800936524,/ground_truth.poses[1].position.y,0.5512960578744669
0.5314846275631132,1766740234.820525534,/ground_truth.poses[1].position.y,0.5466012882761093
0.5344495893841384,1766740234.840842028,/ground_truth.poses[1].position.y,0.541714934738733
0.5375308038348071,1766740234.861466716,/ground_truth.poses[1].position.y,0.5366369930863221
0.540612018285191,1766740234.880771377,/ground_truth.poses[1].position.y,0.5315590514345417
0.5436932327352428,1766740234.901133215,/ground_truth.poses[1].position.y,0.5264811097834773
0.5467744471849747,1766740234.921190707,/ground_truth.poses[1].position.y,0.5214031681331147
0.5498556616343976,1766740234.940945035,/ground_truth.poses[1].position.y,0.5163252264834383
0.5529368760835104,1766740234.961671532,/ground_truth.poses[1].position.y,0.511247284834436
0.556018090532311,1766740234.980736376,/ground_truth.poses[1].position.y,0.5061693431860882
0.5590993049808175,1766740235.001052159,/ground_truth.poses[1].position.y,0.5010914015383863
0.5621805194290341,1766740235.021195771,/ground_truth.poses[1].position.y,0.49601345989132123
0.565261733876968,1766740235.041096522,/ground_truth.poses[1].position.y,0.4909355182448782
0.5683429483246253,1766740235.061663202,/ground_truth.poses[1].position.y,0.4858575765990377
0.5714241627720024,1766740235.081398775,/ground_truth.poses[1].position.y,0.4807796349537934
0.5745053772191133,1766740235.101471886,/ground_truth.poses[1].position.y,0.47570169330913525
0.5775865916659644,1766740235.121437107,/ground_truth.poses[1].position.y,0.4706237516650541
0.5806678061125523,1766740235.141307000,/ground_truth.poses[1].position.y,0.46554581002153245
0.5837490205588862,1766740235.161578500,/ground_truth.poses[1].position.y,0.46046786837855797
0.5868302350049729,1766740235.181617157,/ground_truth.poses[1].position.y,0.4553899267361267
0.5899114494508184,1766740235.201606903,/ground_truth.poses[1].position.y,0.45031198509422105
0.5929926638964241,1766740235.221527962,/ground_truth.poses[1].position.y,0.4452340434528361
0.5960738783417943,1766740235.241748808,/ground_truth.poses[1].position.y,0.4401561018119571
0.5991550927869338,1766740235.261966718,/ground_truth.poses[1].position.y,0.4350781601715739
0.6022363072318541,1766740235.281852601,/ground_truth.poses[1].position.y,0.4300002185316808
0.6053175216765552,1766740235.302047519,/ground_truth.poses[1].position.y,0.4249222768922644
0.608398736121044,1766740235.321686943,/ground_truth.poses[1].position.y,0.41984433525331605
0.6114799505653149,1766740235.342083216,/ground_truth.poses[1].position.y,0.41476639361482803
0.6145611650093814,1766740235.362029601,/ground_truth.poses[1].position.y,0.4096884519767917
0.6176423794532505,1766740235.381860051,/ground_truth.poses[1].position.y,0.40461051033919765
0.6207235938969142,1766740235.402193126,/ground_truth.poses[1].position.y,0.39953256870203163
0.623804808340384,1766740235.421865030,/ground_truth.poses[1].position.y,0.394454627065293
0.6266535275051734,1766740235.442364826,/ground_truth.poses[1].position.y,0.3897598452107646
0.6295022365336932,1766740235.462206236,/ground_truth.poses[1].position.y,0.38506508006123286
0.6325834509764798,1766740235.481911472,/ground_truth.poses[1].position.y,0.37998713842591647
0.6356646654191969,1766740235.502344423,/ground_truth.poses[1].position.y,0.37490919679080953
0.638745879861739,1766740235.522031125,/ground_truth.poses[1].position.y,0.36983125515608356
0.6418270943041102,1766740235.542319327,/ground_truth.poses[1].position.y,0.3647533135217307
0.6449083087463114,1766740235.562691825,/ground_truth.poses[1].position.y,0.359675371887747
0.647989523188352,1766740235.582344674,/ground_truth.poses[1].position.y,0.35459743025412044
0.651070737630229,1766740235.602705852,/ground_truth.poses[1].position.y,0.34951948862084903
0.6541519520719464,1766740235.622430144,/ground_truth.poses[1].position.y,0.34444154698793034
0.657233166513502,1766740235.642706313,/ground_truth.poses[1].position.y,0.33936360535534565
0.6603143809549088,1766740235.662998752,/ground_truth.poses[1].position.y,0.3342856637230921
0.6633955953961629,1766740235.682441220,/ground_truth.poses[1].position.y,0.32920772209116395
0.6664768098372785,1766740235.702881825,/ground_truth.poses[1].position.y,0.32412978045955715
0.669558024278241,1766740235.722749795,/ground_truth.poses[1].position.y,0.3190518388282634
0.6726392387190596,1766740235.742646067,/ground_truth.poses[1].position.y,0.31397389719727115
0.6757204531597466,1766740235.763077856,/ground_truth.poses[1].position.y,0.30889595556658417
0.6788016676002963,1766740235.782733710,/ground_truth.poses[1].position.y,0.3038180139361899
0.6818828820407109,1766740235.803012745,/ground_truth.poses[1].position.y,0.2987400723060828
0.6849640964810008,1766740235.823196231,/ground_truth.poses[1].position.y,0.2936621306762657
0.6880453109211639,1766740235.843156142,/ground_truth.poses[1].position.y,0.2885841890467194
0.6911265253611998,1766740235.863547856,/ground_truth.poses[1].position.y,0.2835062474174491
0.694207739801116,1766740235.883400317,/ground_truth.poses[1].position.y,0.27842830578844546
0.6972889542409121,1766740235.903391746,/ground_truth.poses[1].position.y,0.27335036415970354
0.7003701686805889,1766740235.923393284,/ground_truth.poses[1].position.y,0.2682724225312202
0.7034513831201545,1766740235.943533520,/ground_truth.poses[1].position.y,0.26319448090298614
0.7065325975596047,1766740235.963577728,/ground_truth.poses[1].position.y,0.25811653927499695
0.7096138119989402,1766740235.983663612,/ground_truth.poses[1].position.y,0.25303859764725006
0.7126950264381628,1766740236.003645304,/ground_truth.poses[1].position.y,0.24796065601974204
0.7157762408772873,1766740236.023582783,/ground_truth.poses[1].position.y,0.24288271439246217
0.7188574553163102,1766740236.043990707,/ground_truth.poses[1].position.y,0.2378047727654097
0.7219386697552301,1766740236.063998307,/ground_truth.poses[1].position.y,0.23272683113857598
0.7250198841940454,1766740236.083913324,/ground_truth.poses[1].position.y,0.22764888951196258
0.7281010986327673,1766740236.104418950,/ground_truth.poses[1].position.y,0.22257094788556425
0.7311823130713861,1766740236.123963748,/ground_truth.poses[1].position.y,0.2174930062593766
0.7342635275099142,1766740236.144207297,/ground_truth.poses[1].position.y,0.21241506463339374
0.7373447419483425,1766740236.164089002,/ground_truth.poses[1].position.y,0.20733712300761412
0.7404259563866886,1766740236.184244337,/ground_truth.poses[1].position.y,0.20225918138202292
0.7435071708249444,1766740236.204467277,/ground_truth.poses[1].position.y,0.19718123975663246
0.7465883852631144,1766740236.224150964,/ground_truth.poses[1].position.y,0.19210329813143476
0.7496695997011974,1766740236.244483608,/ground_truth.poses[1].position.y,0.18702535650641522
0.7527508141391945,1766740236.265129916,/ground_truth.poses[1].position.y,0.18194741488158106
0.7558320285771117,1766740236.284444025,/ground_truth.poses[1].position.y,0.17686947325691693
0.7589132430149519,1766740236.304753416,/ground_truth.poses[1].position.y,0.1717915316324374
0.7619944574527094,1766740236.324515188,/ground_truth.poses[1].position.y,0.16671359000813019
0.7650756718903908,1766740236.344483725,/ground_truth.poses[1].position.y,0.16163564838398473
0.768156886327994,1766740236.365019457,/ground_truth.poses[1].position.y,0.15655770676000344
0.7712381007655225,1766740236.384647791,/ground_truth.poses[1].position.y,0.15147976513618422
0.7743193152029786,1766740236.404907079,/ground_truth.poses[1].position.y,0.14640182351252243
0.7774005296403654,1766740236.424948181,/ground_truth.poses[1].position.y,0.14132388188901798
0.780481744077684,1766740236.444820398,/ground_truth.poses[1].position.y,0.13624594026566766
0.7835629585149307,1766740236.465165205,/ground_truth.poses[1].position.y,0.13116799864246675
0.7866441729521084,1766740236.484818866,/ground_truth.poses[1].position.y,0.12609005701940998
0.7897253873892263,1766740236.505088874,/ground_truth.poses[1].position.y,0.12101211539649193
0.7928066018262772,1766740236.525304370,/ground_truth.poses[1].position.y,0.11593417377371822
0.7958878162632714,1766740236.545095527,/ground_truth.poses[1].position.y,0.11085623215108112
0.7989690307001965,1766740236.565504393,/ground_truth.poses[1].position.y,0.10577829052857535
0.8020502451370635,1766740236.585285842,/ground_truth.poses[1].position.y,0.10070034890620273
0.8051314595738719,1766740236.605476132,/ground_truth.poses[1].position.y,0.09562240728395753
0.8082126740106197,1766740236.625547329,/ground_truth.poses[1].position.y,0.09054446566184292
0.8115263837257971,1766740236.645364304,/ground_truth.poses[1].position.y,0.08508336425804976
0.8150725988555052,1766740236.665853500,/ground_truth.poses[1].position.y,0.07923908636799767
0.8181538183603084,1766740236.685796980,/ground_truth.poses[1].position.y,0.07416113639365662
0.8212350327968513,1766740236.705660792,/ground_truth.poses[1].position.y,0.06908319477199672
0.824316247233339,1766740236.725616375,/ground_truth.poses[1].position.y,0.06400525315044563
0.8273974616697799,1766740236.745861656,/ground_truth.poses[1].position.y,0.058927311529008694
0.8304786761061679,1766740236.766133969,/ground_truth.poses[1].position.y,0.05384936990768531
0.8335598905425055,1766740236.786018078,/ground_truth.poses[1].position.y,0.04877142828647102
0.8366411049787915,1766740236.806084146,/ground_truth.poses[1].position.y,0.04369348666536735
0.8397223194150302,1766740236.826087829,/ground_truth.poses[1].position.y,0.03861554504436191
0.842803533851225,1766740236.846454837,/ground_truth.poses[1].position.y,0.03353760342345839
0.8458847482873774,1766740236.866438602,/ground_truth.poses[1].position.y,0.028459661802659297
0.8489659627234812,1766740236.886296032,/ground_truth.poses[1].position.y,0.02338172018194846
0.8520471771595433,1766740236.906630961,/ground_truth.poses[1].position.y,0.018303778561345324
0.8551283915955599,1766740236.926395117,/ground_truth.poses[1].position.y,0.01322583694082989
0.8582096060315343,1766740236.946547486,/ground_truth.poses[1].position.y,0.0081478953204111
0.8610583228095815,1766740236.966454939,/ground_truth.poses[1].position.y,0.003453117403185892
0.863907035193297,1766740236.986459954,/ground_truth.poses[1].position.y,-0.0012416537791991407
0.8667334886505428,1766740237.006918933,/ground_truth.poses[1].position.y,-0.005862871967673408
0.8695858210524321,1766740237.026521710,/ground_truth.poses[1].position.y,-0.010463608663200053
0.8724848991072244,1766740237.046841761,/ground_truth.poses[1].position.y,-0.015035025074974936
0.8753467211614491,1766740237.067111899,/ground_truth.poses[1].position.y,-0.019410431448174
0.8782761851494083,1766740237.087209527,/ground_truth.poses[1].position.y,-0.023690891291249305
0.8812790541724991,1766740237.107307304,/ground_truth.poses[1].position.y,-0.02787498167431929
0.884374701204468,1766740237.128083454,/ground_truth.poses[1].position.y,-0.0319909024890775
0.8875615792467992,1766740237.147700217,/ground_truth.poses[1].position.y,-0.03603659687205663
0.8908348090579904,1766740237.168898152,/ground_truth.poses[1].position.y,-0.04000610230895957
0.8939843260348307,1766740237.188991140,/ground_truth.poses[1].position.y,-0.04366417452916737
0.8974346818402793,1766740237.208768862,/ground_truth.poses[1].position.y,-0.04748071223469578
0.9009678680211797,1766740237.228787512,/ground_truth.poses[1].position.y,-0.05121364284213106
0.9045926830607495,1766740237.248462443,/ground_truth.poses[1].position.y,-0.054872132660540605
0.9082983720572333,1766740237.269306038,/ground_truth.poses[1].position.y,-0.05844868179938051
0.9120792925637022,1766740237.288988333,/ground_truth.poses[1].position.y,-0.061938043763768456
0.9159351483226953,1766740237.308652483,/ground_truth.poses[1].position.y,-0.0653366540480909
0.9197468222149612,1766740237.329053224,/ground_truth.poses[1].position.y,-0.06857972945787415
0.9234068475004539,1766740237.348771155,/ground_truth.poses[1].position.y,-0.0715217115836082
0.9271328923689336,1766740237.369279416,/ground_truth.poses[1].position.y,-0.07437275311367396
0.9309235958611823,1766740237.389317362,/ground_truth.poses[1].position.y,-0.07713724496566901
0.9347849299287886,1766740237.409029893,/ground_truth.poses[1].position.y,-0.07982022761783794
0.9386971476606984,1766740237.428760878,/ground_truth.poses[1].position.y,-0.08240990002689856
0.9426679562327906,1766740237.448970123,/ground_truth.poses[1].position.y,-0.08490880527597433
0.946695250445312,1766740237.469270778,/ground_truth.poses[1].position.y,-0.08731561841453384
0.9507768948617562,1766740237.488945758,/ground_truth.poses[1].position.y,-0.08962906325156884
0.9549020505755581,1766740237.508915177,/ground_truth.poses[1].position.y,-0.09184236395480666
0.9590784973204484,1766740237.529048711,/ground_truth.poses[1].position.y,-0.09395728703860808
0.9633038896773725,1766740237.549150716,/ground_truth.poses[1].position.y,-0.09597264469706268
0.9675758544458173,1766740237.568990143,/ground_truth.poses[1].position.y,-0.09788730500029509
0.9718919922677687,1766740237.589134647,/ground_truth.poses[1].position.y,-0.09970019257533871
0.9762498789753336,1766740237.609510282,/ground_truth.poses[1].position.y,-0.10141028921005021
0.9806564404729673,1766740237.629262977,/ground_truth.poses[1].position.y,-0.1030208981957211
0.9850989189696265,1766740237.649334756,/ground_truth.poses[1].position.y,-0.10452961717186908
0.9895749585865106,1766740237.669997816,/ground_truth.poses[1].position.y,-0.10593564615047994
0.9943397848540219,1766740237.689238648,/ground_truth.poses[1].position.y,-0.10732142010751196
0.9990894090276904,1766740237.709745537,/ground_truth.poses[1].position.y,-0.10861988438562405
1.0039050788692168,1766740237.729556541,/ground_truth.poses[1].position.y,-0.10989610358276238
1.008754426784635,1766740237.749604636,/ground_truth.poses[1].position.y,-0.1111593910051724
1.0136361337633735,1766740237.770135590,/ground_truth.poses[1].position.y,-0.11242566585479058
1.0185178407421052,1766740237.789505422,/ground_truth.poses[1].position.y,-0.1136919407043123
1.0233995477208202,1766740237.809859206,/ground_truth.poses[1].position.y,-0.11495821555374586
1.0282812546995088,1766740237.829581275,/ground_truth.poses[1].position.y,-0.11622449040309277
1.0331629616781772,1766740237.849716342,/ground_truth.poses[1].position.y,-0.11749076525235136
1.0380446686568225,1766740237.870517218,/ground_truth.poses[1].position.y,-0.11875704010153433
1.042926375635444,1766740237.889841786,/ground_truth.poses[1].position.y,-0.1200233149506313
1.0475911710892223,1766740237.910041684,/ground_truth.poses[1].position.y,-0.12123332472500412
1.0520390455614792,1766740237.930049013,/ground_truth.poses[1].position.y,-0.12238706697166674
1.0569207478115326,1766740237.950052785,/ground_truth.poses[1].position.y,-0.12365334059399728
1.0618024547900606,1766740237.970543244,/ground_truth.poses[1].position.y,-0.12491961544279064
1.0666841617685656,1766740237.989845651,/ground_truth.poses[1].position.y,-0.12618589029150531
1.071565868747055,1766740238.010179448,/ground_truth.poses[1].position.y,-0.1274521651401514
1.0762306642007058,1766740238.030407768,/ground_truth.poses[1].position.y,-0.12866217491407797
1.0806785386728375,1766740238.050486661,/ground_truth.poses[1].position.y,-0.12981591716030141
1.0855602409227667,1766740238.070784351,/ground_truth.poses[1].position.y,-0.13108219078220332
1.0904419479011713,1766740238.090432692,/ground_truth.poses[1].position.y,-0.13234846563057148
1.0953236548795595,1766740238.110401279,/ground_truth.poses[1].position.y,-0.133614740478875
1.1002053618579335,1766740238.130355119,/ground_truth.poses[1].position.y,-0.1348810153271159
1.1050870688362926,1766740238.150269705,/ground_truth.poses[1].position.y,-0.13614729017529523
1.1099687758146333,1766740238.170636344,/ground_truth.poses[1].position.y,-0.137413565023413
1.1121917748386974,1766740238.190536443,/ground_truth.poses[1].position.y,-0.13799019264712858
1.1131142145555846,1766740238.210554102,/ground_truth.poses[1].position.y,-0.1382294659628956
1.1131142145555846,1766740238.230508503,/ground_truth.poses[1].position.y,-0.1382294659628956
1.1131142145555846,1766740238.250718810,/ground_truth.poses[1].position.y,-0.1382294659628956
1.1131142145555846,1766740238.271100215,/ground_truth.poses[1].position.y,-0.1382294659628956
1.1131142145555846,1766740238.290902313,/ground_truth.poses[1].position.y,-0.1382294659628956
1.1131142145555846,1766740238.310780161,/ground_truth.poses[1].position.y,-0.1382294659628956
1.1131142145555846,1766740238.330574123,/ground_truth.poses[1].position.y,-0.1382294659628956
1.1131142145555846,1766740238.350881741,/ground_truth.poses[1].position.y,-0.1382294659628956
1.1131142145555846,1766740238.371283655,/ground_truth.poses[1].position.y,-0.1382294659628956
1.1131142145555846,1766740238.390841207,/ground_truth.poses[1].position.y,-0.1382294659628956
1.1131142145555846,1766740238.411047317,/ground_truth.poses[1].position.y,-0.1382294659628956
1.1131142145555846,1766740238.430842521,/ground_truth.poses[1].position.y,-0.1382294659628956
1.1131142145555846,1766740238.450979181,/ground_truth.poses[1].position.y,-0.1382294659628956
1.1131142145555846,1766740238.471549909,/ground_truth.poses[1].position.y,-0.1382294659628956
1.1131142145555846,1766740238.491110557,/ground_truth.poses[1].position.y,-0.1382294659628956
1.1131142145555846,1766740238.511414218,/ground_truth.poses[1].position.y,-0.1382294659628956
1.1131142145555846,1766740238.531313787,/ground_truth.poses[1].position.y,-0.1382294659628956
1.1131142145555846,1766740238.551411013,/ground_truth.poses[1].position.y,-0.1382294659628956
1.1131142145555846,1766740238.572197733,/ground_truth.poses[1].position.y,-0.1382294659628956
1.1131142145555846,1766740238.591478480,/ground_truth.poses[1].position.y,-0.1382294659628956
1.1131142145555846,1766740238.611762906,/ground_truth.poses[1].position.y,-0.1382294659628956
1.1131142145555846,1766740238.631758112,/ground_truth.poses[1].position.y,-0.1382294659628956
1.1131142145555846,1766740238.651605514,/ground_truth.poses[1].position.y,-0.1382294659628956
1.1131142145555846,1766740238.672379079,/ground_truth.poses[1].position.y,-0.1382294659628956
1.1121387160349192,1766740238.691891598,/ground_truth.poses[1].position.y,-0.13797642968091547
1.1111631895866376,1766740238.711996589,/ground_truth.poses[1].position.y,-0.13772338610439996
1.1077972674573882,1766740238.732281655,/ground_truth.poses[1].position.y,-0.13685029329689022
1.103784913391668,1766740238.752169071,/ground_truth.poses[1].position.y,-0.13580952148697883
1.0984710759915186,1766740238.772549425,/ground_truth.poses[1].position.y,-0.13443115555014992
1.0916344750115554,1766740238.792063586,/ground_truth.poses[1].position.y,-0.13265779704903122
1.0850191261941473,1766740238.812101442,/ground_truth.poses[1].position.y,-0.13094182970199114
1.0757877896679415,1766740238.832440719,/ground_truth.poses[1].position.y,-0.1285472961042065
1.0654848689522325,1766740238.852125909,/ground_truth.poses[1].position.y,-0.1258748027894827
1.0547481161934775,1766740238.872478391,/ground_truth.poses[1].position.y,-0.12308977699318939
1.0424929592627545,1766740238.892539691,/ground_truth.poses[1].position.y,-0.11991088958105312
1.0291532203438951,1766740238.912440993,/ground_truth.poses[1].position.y,-0.11645067047721527
1.0149458164114415,1766740238.932465905,/ground_truth.poses[1].position.y,-0.112765386169663
1.000087649678058,1766740238.953092898,/ground_truth.poses[1].position.y,-0.10891129931727352
0.9852294829439527,1766740238.972660518,/ground_truth.poses[1].position.y,-0.10505721246465767
0.9703713162094748,1766740238.992668829,/ground_truth.poses[1].position.y,-0.10120312561193369
0.9555131494746163,1766740239.012682671,/ground_truth.poses[1].position.y,-0.09734903875907999
0.939787327760209,1766740239.032786550,/ground_truth.poses[1].position.y,-0.09326988930526305
0.9240614965884328,1766740239.052964988,/ground_truth.poses[1].position.y,-0.08919073739825817
0.9079018373497406,1766740239.072893912,/ground_truth.poses[1].position.y,-0.08499905404105484
0.8919590897795853,1766740239.093090914,/ground_truth.poses[1].position.y,-0.08086363579547576
0.8760163374808794,1766740239.113271777,/ground_truth.poses[1].position.y,-0.0767282163233286
0.8602905063075048,1766740239.132994517,/ground_truth.poses[1].position.y,-0.07264906441580694
0.8445646751338938,1766740239.153261269,/ground_truth.poses[1].position.y,-0.06856991250821654
0.8288388439599471,1766740239.173190072,/ground_truth.poses[1].position.y,-0.06449076060052565
0.8131130127856635,1766740239.193068141,/ground_truth.poses[1].position.y,-0.060411608692719804
0.7973871816110468,1766740239.213448465,/ground_truth.poses[1].position.y,-0.05633245678481464
0.781661350436111,1766740239.233236757,/ground_truth.poses[1].position.y,-0.05225330487680735
0.7659355192608523,1766740239.253367005,/ground_truth.poses[1].position.y,-0.048174152968704545
0.7502096880852861,1766740239.273748932,/ground_truth.poses[1].position.y,-0.04409500106048951
0.734483856909425,1766740239.293383748,/ground_truth.poses[1].position.y,-0.04001584915218022
0.7189749368254532,1766740239.313723626,/ground_truth.poses[1].position.y,-0.0359929622059211
0.7036829372900375,1766740239.333459050,/ground_truth.poses[1].position.y,-0.032026342674688145
0.6883909377544454,1766740239.353669788,/ground_truth.poses[1].position.y,-0.028059723143385194
0.6730989382185893,1766740239.373979200,/ground_truth.poses[1].position.y,-0.02409310361201647
0.6578069386824728,1766740239.393514420,/ground_truth.poses[1].position.y,-0.020126484080556045
0.6425149391460848,1766740239.413772547,/ground_truth.poses[1].position.y,-0.016159864549030067
0.6272229396094505,1766740239.433773975,/ground_truth.poses[1].position.y,-0.012193245017397079
0.6119309400725781,1766740239.453785042,/ground_truth.poses[1].position.y,-0.00822662548567943
0.5966389405354621,1766740239.474201412,/ground_truth.poses[1].position.y,-0.004260005953896248
0.5815638526672131,1766740239.493808056,/ground_truth.poses[1].position.y,-0.000349651533830566
0.5667056859245595,1766740239.514036558,/ground_truth.poses[1].position.y,0.0035044353215328257
0.5518475191818079,1766740239.534128564,/ground_truth.poses[1].position.y,0.007358522176923087
0.5374231805053631,1766740239.554275383,/ground_truth.poses[1].position.y,0.011100077582310608
0.5238664926567844,1766740239.574483697,/ground_truth.poses[1].position.y,0.014616571463692203
0.5113944004034199,1766740239.594266569,/ground_truth.poses[1].position.y,0.01785173012384736
0.5025601267346428,1766740239.614334481,/ground_truth.poses[1].position.y,0.020143267875378807
0.49768006765159684,1766740239.634450934,/ground_truth.poses[1].position.y,0.021409115259434758
0.4936677135709208,1766740239.654395777,/ground_truth.poses[1].position.y,0.02244988706773825
0.492314067468386,1766740239.674697134,/ground_truth.poses[1].position.y,0.0228010116430607
0.49182630423743634,1766740239.694703782,/ground_truth.poses[1].position.y,0.022927533432582966
0.49182630423743634,1766740239.714535484,/ground_truth.poses[1].position.y,0.022927533432582966
0.49182630423743634,1766740239.734508871,/ground_truth.poses[1].position.y,0.022927533432582966
0.49182630423743634,1766740239.754784890,/ground_truth.poses[1].position.y,0.022927533432582966
0.49182630423743634,1766740239.774861439,/ground_truth.poses[1].position.y,0.022927533432582966
0.49182630423743634,1766740239.794780053,/ground_truth.poses[1].position.y,0.022927533432582966
0.49182630423743634,1766740239.814821686,/ground_truth.poses[1].position.y,0.022927533432582966
0.49182630423743634,1766740239.834686250,/ground_truth.poses[1].position.y,0.022927533432582966
0.49182630423743634,1766740239.855048150,/ground_truth.poses[1].position.y,0.022927533432582966
0.49182630423743634,1766740239.875094382,/ground_truth.poses[1].position.y,0.022927533432582966
0.49182630423743634,1766740239.895105067,/ground_truth.poses[1].position.y,0.022927533432582966
0.49182630423743634,1766740239.915468690,/ground_truth.poses[1].position.y,0.022927533432582966
0.49182630423743634,1766740239.935171493,/ground_truth.poses[1].position.y,0.022927533432582966
0.49182630423743634,1766740239.955332919,/ground_truth.poses[1].position.y,0.022927533432582966
0.49182630423743634,1766740239.975494486,/ground_truth.poses[1].position.y,0.022927533432582966
0.49182630423743634,1766740239.995322651,/ground_truth.poses[1].position.y,0.022927533432582966
0.49182630423743634,1766740240.015590025,/ground_truth.poses[1].position.y,0.022927533432582966
0.49182630423743634,1766740240.035365904,/ground_truth.poses[1].position.y,0.022927533432582966
0.49182630423743634,1766740240.055688831,/ground_truth.poses[1].position.y,0.022927533432582966
0.49182630423743634,1766740240.075949332,/ground_truth.poses[1].position.y,0.022927533432582966
0.49182630423743634,1766740240.096010011,/ground_truth.poses[1].position.y,0.022927533432582966
0.49182630423743634,1766740240.116463711,/ground_truth.poses[1].position.y,0.022927533432582966
0.49182630423743634,1766740240.136676493,/ground_truth.poses[1].position.y,0.022927533432582966
0.49182630423743634,1766740240.156269763,/ground_truth.poses[1].position.y,0.022927533432582966
0.49182630423743634,1766740240.176373121,/ground_truth.poses[1].position.y,0.022927533432582966
0.49182630423743634,1766740240.196348561,/ground_truth.poses[1].position.y,0.022927533432582966
0.49182630423743634,1766740240.216291431,/ground_truth.poses[1].position.y,0.022927533432582966
0.49182630423743634,1766740240.236334958,/ground_truth.poses[1].position.y,0.022927533432582966
0.49182630423743634,1766740240.256284800,/ground_truth.poses[1].position.y,0.022927533432582966
0.49182630423743634,1766740240.276646310,/ground_truth.poses[1].position.y,0.022927533432582966
0.49182630423743634,1766740240.297580334,/ground_truth.poses[1].position.y,0.022927533432582966
0.49182630423743634,1766740240.317586862,/ground_truth.poses[1].position.y,0.022927533432582966
0.49182630423743634,1766740240.337895473,/ground_truth.poses[1].position.y,0.022927533432582966
0.49182630423743634,1766740240.357299359,/ground_truth.poses[1].position.y,0.022927533432582966
0.4918262963358457,1766740240.377640951,/ground_truth.poses[1].position.y,0.02292753548215151
0.4918262963247401,1766740240.397870334,/ground_truth.poses[1].position.y,0.022927535455691136
0.4918262963163858,1766740240.417704662,/ground_truth.poses[1].position.y,0.02292753543966218
0.4918262963132629,1766740240.438115893,/ground_truth.poses[1].position.y,0.022927535442049195
0.49182629630791946,1766740240.457605609,/ground_truth.poses[1].position.y,0.0229275354358743
0.49182629629407426,1766740240.477897338,/ground_truth.poses[1].position.y,0.022927535404045876
0.49182629628818175,1766740240.497990287,/ground_truth.poses[1].position.y,0.022927535397286165
0.49182629628081215,1766740240.517980836,/ground_truth.poses[1].position.y,0.022927535385903433
0.49182629626168584,1766740240.538311127,/ground_truth.poses[1].position.y,0.02292753534616087
0.4918262962483415,1766740240.557858450,/ground_truth.poses[1].position.y,0.02292753532251888
0.4918262962234018,1766740240.577762828,/ground_truth.poses[1].position.y,0.02292753527529862
0.49182629619614965,1766740240.597841671,/ground_truth.poses[1].position.y,0.02292753522682468
0.491826296166433,1766740240.618022153,/ground_truth.poses[1].position.y,0.022927535177229785
0.4918262961340994,1766740240.637984609,/ground_truth.poses[1].position.y,0.022927535126659022
0.4918262960989972,1766740240.658071567,/ground_truth.poses[1].position.y,0.022927535075270174
0.49182629606097716,1766740240.677958723,/ground_truth.poses[1].position.y,0.022927535023234327
0.49182629601989386,1766740240.698154373,/ground_truth.poses[1].position.y,0.02292753497073605
0.4918262959549154,1766740240.718295862,/ground_truth.poses[1].position.y,0.02292753489130579
0.4918262958660931,1766740240.738122816,/ground_truth.poses[1].position.y,0.022927534788216523
0.4918262957958665,1766740240.758057701,/ground_truth.poses[1].position.y,0.02292753471324653
0.4918262957382013,1766740240.778487688,/ground_truth.poses[1].position.y,0.022927534656230104
0.49182629568063596,1766740240.798177146,/ground_truth.poses[1].position.y,0.02292753460497148
0.49182629561930946,1766740240.818478502,/ground_truth.poses[1].position.y,0.02292753455462433
0.49182629555413493,1766740240.838473199,/ground_truth.poses[1].position.y,0.02292753450548018
0.4918262954850424,1766740240.858443349,/ground_truth.poses[1].position.y,0.022927534457847693
0.4918262953563563,1766740240.878882523,/ground_truth.poses[1].position.y,0.02292753437325582
0.491826295224449,1766740240.898447790,/ground_truth.poses[1].position.y,0.02292753429473364
0.491826295089203,1766740240.918695837,/ground_truth.poses[1].position.y,0.022927534222153146
0.4918262949508869,1766740240.938745415,/ground_truth.poses[1].position.y,0.02292753415565322
0.4918262948097755,1766740240.958710136,/ground_truth.poses[1].position.y,0.022927534095360268
0.49182629466614647,1766740240.979180046,/ground_truth.poses[1].position.y,0.02292753404138922
0.4918262945202829,1766740240.998805896,/ground_truth.poses[1].position.y,0.022927533993842134
0.49182629437247233,1766740241.018946113,/ground_truth.poses[1].position.y,0.022927533952807732
0.4918262942230051,1766740241.039804748,/ground_truth.poses[1].position.y,0.022927533918363593
0.4918262940721761,1766740241.059114499,/ground_truth.poses[1].position.y,0.022927533890574125
0.49182629392028115,1766740241.079377405,/ground_truth.poses[1].position.y,0.022927533869489074
0.49182629376761666,1766740241.099549150,/ground_truth.poses[1].position.y,0.022927533855145957
0.49182629361448205,1766740241.119353533,/ground_truth.poses[1].position.y,0.02292753384757034
0.4918262934611783,1766740241.139946833,/ground_truth.poses[1].position.y,0.022927533846773575
0.4918262933080034,1766740241.159387007,/ground_truth.poses[1].position.y,0.022927533852752938
0.4918262931552561,1766740241.179635706,/ground_truth.poses[1].position.y,0.022927533865495214
0.49182629300323444,1766740241.199660188,/ground_truth.poses[1].position.y,0.02292753388497069
0.49182629286314183,1766740241.219578312,/ground_truth.poses[1].position.y,0.02292753390967818
0.4918262927198592,1766740241.239730732,/ground_truth.poses[1].position.y,0.022927533940917007
0.4918262926163313,1766740241.259762698,/ground_truth.poses[1].position.y,0.022927533969714226
0.4918262925037495,1766740241.279604689,/ground_truth.poses[1].position.y,0.02292753400377272
0.49182629238795034,1766740241.299882032,/ground_truth.poses[1].position.y,0.022927534042401644
0.49182629227685365,1766740241.319714146,/ground_truth.poses[1].position.y,0.02292753408336083
0.4918262921652655,1766740241.339999473,/ground_truth.poses[1].position.y,0.022927534128115306
0.4918262920716175,1766740241.359989811,/ground_truth.poses[1].position.y,0.022927534169664372
0.49182629203279826,1766740241.379966434,/ground_truth.poses[1].position.y,0.022927534190747948
0.4918262919900424,1766740241.399957543,/ground_truth.poses[1].position.y,0.02292753421298749
0.4918262919900424,1766740241.420196164,/ground_truth.poses[1].position.y,0.02292753421298749
0.4918262919900424,1766740241.440140396,/ground_truth.poses[1].position.y,0.02292753421298749
0.4914699180699709,1766740241.460183523,/ground_truth.poses[1].position.y,0.02210016718731823
0.48968804905998353,1766740241.480600706,/ground_truth.poses[1].position.y,0.017963333349795926
0.48724970667837186,1766740241.500182613,/ground_truth.poses[1].position.y,0.012302411436568739
0.4847227090696025,1766740241.520402379,/ground_truth.poses[1].position.y,0.0064356651396307776
0.48121878689694864,1766740241.540459441,/ground_truth.poses[1].position.y,-0.0016991353948933342
0.47736202745071893,1766740241.560334926,/ground_truth.poses[1].position.y,-0.010653092902812335
0.47235104368049474,1766740241.580607589,/ground_truth.poses[1].position.y,-0.022286727798918427
0.46672126937492625,1766740241.600337733,/ground_truth.poses[1].position.y,-0.03535696474728286
0.4608255365407949,1766740241.620540256,/ground_truth.poses[1].position.y,-0.049044658239658284
0.45492980370638114,1766740241.641125321,/ground_truth.poses[1].position.y,-0.0627323517326926
0.4490340708717985,1766740241.660730723,/ground_truth.poses[1].position.y,-0.07642004522607551
0.44313833803705666,1766740241.681107140,/ground_truth.poses[1].position.y,-0.09010773871980345
0.4371539561456291,1766740241.700577470,/ground_truth.poses[1].position.y,-0.1040012422714266
0.44010193054918423,1766740241.721080693,/ground_truth.poses[1].position.y,-0.11195910528350783
0.44354655936934534,1766740241.741736650,/ground_truth.poses[1].position.y,-0.12121055790327118
0.4473440435936097,1766740241.760938561,/ground_truth.poses[1].position.y,-0.13121052132789932
0.44929006738317884,1766740241.781144100,/ground_truth.poses[1].position.y,-0.141741974013606
0.4488531133083381,1766740241.801061442,/ground_truth.poses[1].position.y,-0.15317549094580135
0.4460892790529158,1766740241.820925325,/ground_truth.poses[1].position.y,-0.1656592655144424
0.4409985672400297,1766740241.841662774,/ground_truth.poses[1].position.y,-0.17919330414079465
0.434781537292409,1766740241.861008612,/ground_truth.poses[1].position.y,-0.19298427227838366
0.42856449853275913,1766740241.881284683,/ground_truth.poses[1].position.y,-0.20677524744457448
0.42243955922569953,1766740241.901401446,/ground_truth.poses[1].position.y,-0.22036192257304277
0.41613042704602743,1766740241.921039529,/ground_truth.poses[1].position.y,-0.2343571844147816
0.40982129286197244,1766740241.941539094,/ground_truth.poses[1].position.y,-0.24835245070908965
0.40369635155700534,1766740241.961220738,/ground_truth.poses[1].position.y,-0.26193913028840676
0.3974793168285112,1766740241.981474436,/ground_truth.poses[1].position.y,-0.2757300965440561
0.3911701826537606,1766740242.001409081,/ground_truth.poses[1].position.y,-0.2897253628359124
0.3850452413578821,1766740242.021298762,/ground_truth.poses[1].position.y,-0.30331204241290927
0.378920302072531,1766740242.041676832,/ground_truth.poses[1].position.y,-0.3168987175357922
0.37279536279001685,1766740242.061568367,/ground_truth.poses[1].position.y,-0.33048539265795346
0.36648623063435065,1766740242.081481431,/ground_truth.poses[1].position.y,-0.34448065449359494
0.36017709647380725,1766740242.101603425,/ground_truth.poses[1].position.y,-0.35847592078193113
0.3540521551919041,1766740242.121643315,/ground_truth.poses[1].position.y,-0.37206260035537947
0.3478351204860406,1766740242.141812627,/ground_truth.poses[1].position.y,-0.38585356660528003
0.3415259863334507,1766740242.161959637,/ground_truth.poses[1].position.y,-0.39984883289151263
0.3352168521833272,1766740242.181993977,/ground_truth.poses[1].position.y,-0.4138440991772083
0.3289077180357095,1766740242.201906030,/ground_truth.poses[1].position.y,-0.42783936546227547
0.32259858389051177,1766740242.222110978,/ground_truth.poses[1].position.y,-0.4418346317467287
0.3164736426236374,1766740242.242413517,/ground_truth.poses[1].position.y,-0.4554213113163837
0.3103487033667021,1766740242.262197792,/ground_truth.poses[1].position.y,-0.46900798643206576
0.3042237641120517,1766740242.282333341,/ground_truth.poses[1].position.y,-0.4825946615471544
0.2980988248596436,1766740242.302108148,/ground_truth.poses[1].position.y,-0.49618133666168557
0.29197388560944276,1766740242.322545048,/ground_truth.poses[1].position.y,-0.5097680117756345
0.2858489463613832,1766740242.342734066,/ground_truth.poses[1].position.y,-0.5233546868890301
0.2797240071154429,1766740242.362384732,/ground_truth.poses[1].position.y,-0.5369413620018835
0.27359906787156985,1766740242.382812053,/ground_truth.poses[1].position.y,-0.550528037114214
0.2674741286297294,1766740242.402472478,/ground_truth.poses[1].position.y,-0.5641147122260297
0.2613491893898517,1766740242.422622413,/ground_truth.poses[1].position.y,-0.5777013873373312
0.2548558648899653,1766740242.443110518,/ground_truth.poses[1].position.y,-0.5921052347897798
0.24854672700025462,1766740242.462783115,/ground_truth.poses[1].position.y,-0.6061005094308675
0.24242178776602313,1766740242.482983094,/ground_truth.poses[1].position.y,-0.6196871845409349
0.23611265565776915,1766740242.502660299,/ground_truth.poses[1].position.y,-0.633682446364552
0.229895616977914,1766740242.522912114,/ground_truth.poses[1].position.y,-0.6474734215105825
0.22377067774911927,1766740242.543387145,/ground_truth.poses[1].position.y,-0.6610600966191928
0.21764573852209834,1766740242.562849841,/ground_truth.poses[1].position.y,-0.674646771727258
0.21152079929676162,1766740242.583201091,/ground_truth.poses[1].position.y,-0.6882334468348915
0.20539586007308838,1766740242.603256250,/ground_truth.poses[1].position.y,-0.7018201219421066
0.19927092085103365,1766740242.623043080,/ground_truth.poses[1].position.y,-0.7154067970488923
0.19314598163056357,1766740242.643617806,/ground_truth.poses[1].position.y,-0.7289934721552755
0.1870210424116571,1766740242.663661453,/ground_truth.poses[1].position.y,-0.7425801472612551
0.18089610319430013,1766740242.683336595,/ground_truth.poses[1].position.y,-0.7561668223668319
0.17477116397844467,1766740242.703433312,/ground_truth.poses[1].position.y,-0.769753497472024
0.16864622476403598,1766740242.723519879,/ground_truth.poses[1].position.y,-0.7833401725768471
0.16252128555107911,1766740242.743902728,/ground_truth.poses[1].position.y,-0.7969268476813085
0.15639634633953492,1766740242.763786668,/ground_truth.poses[1].position.y,-0.8105135227854081
0.1502714071293907,1766740242.783573959,/ground_truth.poses[1].position.y,-0.82410019788915
0.1441464679205993,1766740242.803702334,/ground_truth.poses[1].position.y,-0.8376868729925541
0.1380215287131415,1766740242.823590042,/ground_truth.poses[1].position.y,-0.8512735480956255
0.13189658950698313,1766740242.844092704,/ground_truth.poses[1].position.y,-0.8648602231983412
0.12577165030210863,1766740242.863962297,/ground_truth.poses[1].position.y,-0.8784468983007311
0.11964671109847502,1766740242.883912671,/ground_truth.poses[1].position.y,-0.892033573402811
0.1136138673302874,1766740242.903956449,/ground_truth.poses[1].position.y,-0.9054159573740571
0.10767312301258107,1766740242.924171616,/ground_truth.poses[1].position.y,-0.9185940413080093
0.10276910631093031,1766740242.944294290,/ground_truth.poses[1].position.y,-0.9294723998092479
0.09830191193493484,1766740242.964133047,/ground_truth.poses[1].position.y,-0.9393817746617342
0.09420311523452629,1766740242.984458369,/ground_truth.poses[1].position.y,-0.9484739496374504
0.09155675321094074,1766740243.004114235,/ground_truth.poses[1].position.y,-0.954344255600236
0.09084697053176446,1766740243.024482237,/ground_truth.poses[1].position.y,-0.9559187374762096
0.09084697053176446,1766740243.044390382,/ground_truth.poses[1].position.y,-0.9559187374762096
0.09084697053176446,1766740243.064533946,/ground_truth.poses[1].position.y,-0.9559187374762096
0.09084697053176446,1766740243.084721852,/ground_truth.poses[1].position.y,-0.9559187374762096
0.09084697053176446,1766740243.104871487,/ground_truth.poses[1].position.y,-0.9559187374762096
0.09084697053176446,1766740243.125150122,/ground_truth.poses[1].position.y,-0.9559187374762096
0.09084697053176446,1766740243.145548520,/ground_truth.poses[1].position.y,-0.9559187374762096
0.09084697053176446,1766740243.165230615,/ground_truth.poses[1].position.y,-0.9559187374762096
0.09084697053176446,1766740243.185270937,/ground_truth.poses[1].position.y,-0.9559187374762096
0.09084697053176446,1766740243.205245656,/ground_truth.poses[1].position.y,-0.9559187374762096
0.09084697053176446,1766740243.225101054,/ground_truth.poses[1].position.y,-0.9559187374762096
0.09084697053176446,1766740243.245412871,/ground_truth.poses[1].position.y,-0.9559187374762096
0.09084697053176446,1766740243.265160067,/ground_truth.poses[1].position.y,-0.9559187374762096
0.09084697053176446,1766740243.285470161,/ground_truth.poses[1].position.y,-0.9559187374762096
0.09084697053176446,1766740243.305251300,/ground_truth.poses[1].position.y,-0.9559187374762096
0.09084697053176446,1766740243.325520287,/ground_truth.poses[1].position.y,-0.9559187374762096
0.09084697053176446,1766740243.345671495,/ground_truth.poses[1].position.y,-0.9559187374762096
0.09084697053176446,1766740243.365514770,/ground_truth.poses[1].position.y,-0.9559187374762096
0.09084697053176446,1766740243.385619391,/ground_truth.poses[1].position.y,-0.9559187374762096
0.09084697053176446,1766740243.405771340,/ground_truth.poses[1].position.y,-0.9559187374762096
0.09084697053176446,1766740243.426585112,/ground_truth.poses[1].position.y,-0.9559187374762096
0.09084697053176446,1766740243.446780932,/ground_truth.poses[1].position.y,-0.9559187374762096
0.09084697053176446,1766740243.466753638,/ground_truth.poses[1].position.y,-0.9559187374762096
0.09084697053176446,1766740243.486694074,/ground_truth.poses[1].position.y,-0.9559187374762096
0.09084697053176446,1766740243.506614172,/ground_truth.poses[1].position.y,-0.9559187374762096
0.09084697053176446,1766740243.526521696,/ground_truth.poses[1].position.y,-0.9559187374762096
0.09084697053176446,1766740243.546619685,/ground_truth.poses[1].position.y,-0.9559187374762096
0.09084697053176446,1766740243.566910132,/ground_truth.poses[1].position.y,-0.9559187374762096
0.09084697053176446,1766740243.586758076,/ground_truth.poses[1].position.y,-0.9559187374762096
0.09084697053176446,1766740243.606709411,/ground_truth.poses[1].position.y,-0.9559187374762096
0.09084697053176446,1766740243.627095858,/ground_truth.poses[1].position.y,-0.9559187374762096
0.09084696789494186,1766740243.646796066,/ground_truth.poses[1].position.y,-0.9559187408439003
0.090846967864555,1766740243.667087555,/ground_truth.poses[1].position.y,-0.9559187408366564
0.09084696782103195,1766740243.686839089,/ground_truth.poses[1].position.y,-0.9559187408151957
0.09084696773005656,1766740243.706570696,/ground_truth.poses[1].position.y,-0.955918740767492
0.09084696768668322,1766740243.726984523,/ground_truth.poses[1].position.y,-0.9559187407352825
0.090846967627654,1766740243.746816236,/ground_truth.poses[1].position.y,-0.9559187406837141
0.09084696755015353,1766740243.766852781,/ground_truth.poses[1].position.y,-0.9559187406179565
0.09084696750316941,1766740243.787332881,/ground_truth.poses[1].position.y,-0.9559187405535327
0.09084696745572489,1766740243.807199630,/ground_truth.poses[1].position.y,-0.9559187404892028
0.09084696740778521,1766740243.827241304,/ground_truth.poses[1].position.y,-0.9559187404250871
0.09084696735932178,1766740243.847117109,/ground_truth.poses[1].position.y,-0.9559187403613012
0.09084696735949983,1766740243.867121323,/ground_truth.poses[1].position.y,-0.9559187403099548
0.09084696737861332,1766740243.887490016,/ground_truth.poses[1].position.y,-0.9559187402649788
0.09084696736515234,1766740243.907141504,/ground_truth.poses[1].position.y,-0.9559187402150295
0.0908469673874722,1766740243.927327456,/ground_truth.poses[1].position.y,-0.9559187401697394
0.09084696740986195,1766740243.947898426,/ground_truth.poses[1].position.y,-0.9559187401246353
0.09084696743278026,1766740243.967340905,/ground_truth.poses[1].position.y,-0.9559187400796635
0.09084696745621779,1766740243.987679341,/ground_truth.poses[1].position.y,-0.9559187400347205
0.09084696748015868,1766740244.007820270,/ground_truth.poses[1].position.y,-0.9559187399897061
0.09084696750458122,1766740244.027567356,/ground_truth.poses[1].position.y,-0.9559187399445211
0.09084696752945953,1766740244.047885685,/ground_truth.poses[1].position.y,-0.9559187398990728
0.09084696755476018,1766740244.067643692,/ground_truth.poses[1].position.y,-0.9559187398532684
0.09084696758044628,1766740244.087958714,/ground_truth.poses[1].position.y,-0.9559187398070191
0.0908469676064759,1766740244.107821957,/ground_truth.poses[1].position.y,-0.9559187397602406
0.09084696763280287,1766740244.127789643,/ground_truth.poses[1].position.y,-0.9559187397128517
0.09084696765937379,1766740244.148056967,/ground_truth.poses[1].position.y,-0.9559187396647761
0.09084696768613508,1766740244.168079737,/ground_truth.poses[1].position.y,-0.9559187396159412
0.09084696771302717,1766740244.188059466,/ground_truth.poses[1].position.y,-0.955918739566279
0.09084696773998559,1766740244.208501786,/ground_truth.poses[1].position.y,-0.9559187395157251
0.0908469677669456,1766740244.228194019,/ground_truth.poses[1].position.y,-0.9559187394642196
0.09084696779383712,1766740244.248286418,/ground_truth.poses[1].position.y,-0.9559187394117095
0.09084696782058799,1766740244.268639943,/ground_truth.poses[1].position.y,-0.9559187393581434
0.09084696784712297,1766740244.288468450,/ground_truth.poses[1].position.y,-0.9559187393034763
0.09084696787336534,1766740244.308611403,/ground_truth.poses[1].position.y,-0.9559187392476682
0.09084696789923453,1766740244.328652006,/ground_truth.poses[1].position.y,-0.9559187391906839
0.09084696792465093,1766740244.348772526,/ground_truth.poses[1].position.y,-0.9559187391324921
0.0908469679495308,1766740244.368590885,/ground_truth.poses[1].position.y,-0.955918739073068
0.09084696797379091,1766740244.388468825,/ground_truth.poses[1].position.y,-0.9559187390123919
0.09084696799734639,1766740244.408576031,/ground_truth.poses[1].position.y,-0.9559187389504481
0.0908469680201104,1766740244.428853494,/ground_truth.poses[1].position.y,-0.9559187388872269
0.09084696804199656,1766740244.448555927,/ground_truth.poses[1].position.y,-0.955918738822722
0.09084696806291859,1766740244.468784960,/ground_truth.poses[1].position.y,-0.9559187387569332
0.09084696808278941,1766740244.489035012,/ground_truth.poses[1].position.y,-0.9559187386898672
0.09084696810152296,1766740244.508772150,/ground_truth.poses[1].position.y,-0.9559187386215315
0.09084696811802534,1766740244.529133929,/ground_truth.poses[1].position.y,-0.9559187385539041
0.09084696813463732,1766740244.549171536,/ground_truth.poses[1].position.y,-0.95591873848394
0.09084696814991132,1766740244.568956343,/ground_truth.poses[1].position.y,-0.9559187384127795
0.09084696816376664,1766740244.589308104,/ground_truth.poses[1].position.y,-0.9559187383404493
0.09084696817612388,1766740244.609179421,/ground_truth.poses[1].position.y,-0.9559187382669798
0.0908469681869054,1766740244.629342151,/ground_truth.poses[1].position.y,-0.9559187381924087
0.09084696819603338,1766740244.649545226,/ground_truth.poses[1].position.y,-0.955918738116775
0.0908469682034334,1766740244.669279127,/ground_truth.poses[1].position.y,-0.9559187380401223
0.09084696819496095,1766740244.689455442,/ground_truth.poses[1].position.y,-0.9559187379929307
0.09084696819676741,1766740244.709320427,/ground_truth.poses[1].position.y,-0.9559187379202454
0.09084696819943885,1766740244.729395293,/ground_truth.poses[1].position.y,-0.9559187378424799
0.09084696819968029,1766740244.749764327,/ground_truth.poses[1].position.y,-0.9559187377745857
0.09084696819892858,1766740244.769490304,/ground_truth.poses[1].position.y,-0.9559187377122573
0.09084696820126835,1766740244.789804906,/ground_truth.poses[1].position.y,-0.9559187376403602
0.09084696820332486,1766740244.809634726,/ground_truth.poses[1].position.y,-0.9559187376377575
0.09084696821017776,1766740244.829723127,/ground_truth.poses[1].position.y,-0.9559187376113478
0.09084696821017776,1766740244.850112799,/ground_truth.poses[1].position.y,-0.9559187376113478
0.09084696821017776,1766740244.869653982,/ground_truth.poses[1].position.y,-0.9559187376113478
0.09084696821017776,1766740244.889827652,/ground_truth.poses[1].position.y,-0.9559187376113478
0.09112150401520862,1766740244.910089876,/ground_truth.poses[1].position.y,-0.9559771269332227
0.09167058755654951,1766740244.929805383,/ground_truth.poses[1].position.y,-0.9560939080223718
0.09486310769716756,1766740244.950118283,/ground_truth.poses[1].position.y,-0.956772905331433
0.1015539116882657,1766740244.970175196,/ground_truth.poses[1].position.y,-0.958195930171323
0.11153698188277734,1766740244.990158531,/ground_truth.poses[1].position.y,-0.9603191662409548
0.12481231881840411,1766740245.010263243,/ground_truth.poses[1].position.y,-0.9631426134279739
0.14158596812834912,1766740245.030216152,/ground_truth.poses[1].position.y,-0.9667100942494224
0.16188419909444865,1766740245.050140368,/ground_truth.poses[1].position.y,-0.9710271963336949
0.18546594402622685,1766740245.070405047,/ground_truth.poses[1].position.y,-0.9760426479550045
0.2123224443330959,1766740245.090228355,/ground_truth.poses[1].position.y,-0.981754586148359
0.2400513718778327,1766740245.110225457,/ground_truth.poses[1].position.y,-0.9876520751273258
0.26778029942357334,1766740245.130365745,/ground_truth.poses[1].position.y,-0.9935495641063958
0.295509226969881,1766740245.150588607,/ground_truth.poses[1].position.y,-0.9994470530854576
0.3232381545167125,1766740245.170558127,/ground_truth.poses[1].position.y,-1.005344542064527
0.3509670820640569,1766740245.190475630,/ground_truth.poses[1].position.y,-1.0112420310435828
0.37869600961190136,1766740245.210471299,/ground_truth.poses[1].position.y,-1.017139520022659
0.4064249371602724,1766740245.230670276,/ground_truth.poses[1].position.y,-1.0230370090017282
0.43415386470909445,1766740245.250526926,/ground_truth.poses[1].position.y,-1.0289344979807868
0.461882792258418,1766740245.270672594,/ground_truth.poses[1].position.y,-1.0348319869598461
0.48961171980825136,1766740245.290869157,/ground_truth.poses[1].position.y,-1.0407294759389123
0.5173406473585095,1766740245.310477084,/ground_truth.poses[1].position.y,-1.0466269649179702
0.5450695749091975,1766740245.330722578,/ground_truth.poses[1].position.y,-1.0525244538970244
0.572360122355709,1766740245.350778839,/ground_truth.poses[1].position.y,-1.0583287066039873
0.5987739155370525,1766740245.370636301,/ground_truth.poses[1].position.y,-1.0639464880309415
0.624310921007715,1766740245.390846108,/ground_truth.poses[1].position.y,-1.0693777910645197
0.6480944060597903,1766740245.410646754,/ground_truth.poses[1].position.y,-1.0744361490096754
0.6714394978389631,1766740245.430903138,/ground_truth.poses[1].position.y,-1.0794012678819884
0.6943461963459535,1766740245.450992231,/ground_truth.poses[1].position.y,-1.0842731476815937
0.7147854764661141,1766740245.470890528,/ground_truth.poses[1].position.y,-1.0886202477848923
0.7339095983142693,1766740245.491234295,/ground_truth.poses[1].position.y,-1.0926876352489423
0.7498021649141187,1766740245.511037436,/ground_truth.poses[1].position.y,-1.0960677240026517
0.7622379068920093,1766740245.531157406,/ground_truth.poses[1].position.y,-1.0987126020863123
0.7700645808761681,1766740245.551635002,/ground_truth.poses[1].position.y,-1.1003772059478816
0.7732821868588972,1766740245.571207713,/ground_truth.poses[1].position.y,-1.1010615356610343
0.7732822064863898,1766740245.591392594,/ground_truth.poses[1].position.y,-1.1010615398091037
0.7732822064902757,1766740245.611439779,/ground_truth.poses[1].position.y,-1.1010615398724632
0.7732822065129482,1766740245.631537267,/ground_truth.poses[1].position.y,-1.1010615398659456
0.7732822065348943,1766740245.651925046,/ground_truth.poses[1].position.y,-1.1010615398636183
0.773282206556793,1766740245.671489743,/ground_truth.poses[1].position.y,-1.1010615398619388
0.7732822065836306,1766740245.691670105,/ground_truth.poses[1].position.y,-1.1010615398455714
0.7732822066069761,1766740245.711766171,/ground_truth.poses[1].position.y,-1.101061539846123
0.7732822066359712,1766740245.731521652,/ground_truth.poses[1].position.y,-1.1010615398354784
0.773282206668363,1766740245.752101138,/ground_truth.poses[1].position.y,-1.1010615398178252
0.77328220669631,1766740245.772318780,/ground_truth.poses[1].position.y,-1.101061539814542
0.7732822067198346,1766740245.791961331,/ground_truth.poses[1].position.y,-1.1010615398230312
0.773282206742323,1766740245.812064200,/ground_truth.poses[1].position.y,-1.1010615398334227
0.7732822067741706,1766740245.832502723,/ground_truth.poses[1].position.y,-1.1010615398257404
0.7732822068088393,1766740245.852493753,/ground_truth.poses[1].position.y,-1.10106153981487
0.7731152455844911,1766740245.872327851,/ground_truth.poses[1].position.y,-1.100961304103572
0.7716652182183503,1766740245.892256696,/ground_truth.poses[1].position.y,-1.1000293730222
0.769511211798836,1766740245.912479588,/ground_truth.poses[1].position.y,-1.098526565317117
0.764467868020522,1766740245.932721435,/ground_truth.poses[1].position.y,-1.0948583843562305
0.7566273274956528,1766740245.952921975,/ground_truth.poses[1].position.y,-1.0889068292293969
0.7460995100486526,1766740245.972589984,/ground_truth.poses[1].position.y,-1.080555770510588
0.7335816629364272,1766740245.992755699,/ground_truth.poses[1].position.y,-1.0696698630132648
0.7194589454441698,1766740246.012666299,/ground_truth.poses[1].position.y,-1.0561799305114474
0.7034829088196164,1766740246.032809944,/ground_truth.poses[1].position.y,-1.0400184165176456
0.6861393082542584,1766740246.052861757,/ground_truth.poses[1].position.y,-1.0211574346930592
0.6675090347042331,1766740246.073049895,/ground_truth.poses[1].position.y,-0.9995726407643215
0.6469566218707437,1766740246.093199039,/ground_truth.poses[1].position.y,-0.9751736862230119
0.6249418362015939,1766740246.113316575,/ground_truth.poses[1].position.y,-0.9479857846326403
0.6017503667693914,1766740246.133440793,/ground_truth.poses[1].position.y,-0.9180299104901892
0.5787057609232922,1766740246.153470666,/ground_truth.poses[1].position.y,-0.8869942155039511
0.5552603863148114,1766740246.173539401,/ground_truth.poses[1].position.y,-0.8554187686417989
0.5314142213416849,1766740246.193699446,/ground_truth.poses[1].position.y,-0.8233035507123756
0.5075680563678849,1766740246.213641836,/ground_truth.poses[1].position.y,-0.7911883327818156
0.483721891393624,1766740246.233735838,/ground_truth.poses[1].position.y,-0.7590731148503533
0.4598757264189044,1766740246.254231177,/ground_truth.poses[1].position.y,-0.7269578969180319
0.436029561443765,1766740246.273630225,/ground_truth.poses[1].position.y,-0.6948426789848232
0.412183396468227,1766740246.293957632,/ground_truth.poses[1].position.y,-0.662727461050768
0.388337231492224,1766740246.313961195,/ground_truth.poses[1].position.y,-0.6306122431158877
0.36449106651582364,1766740246.333896642,/ground_truth.poses[1].position.y,-0.5984970251801999
0.3406449015390036,1766740246.354487379,/ground_truth.poses[1].position.y,-0.5663818072437047
0.31760029108141136,1766740246.373967548,/ground_truth.poses[1].position.y,-0.5353460961420153
0.2955251593907879,1766740246.394027808,/ground_truth.poses[1].position.y,-0.5056160469574755
0.2762591767861836,1766740246.414240290,/ground_truth.poses[1].position.y,-0.4796692672498657
0.2598023438216667,1766740246.434164677,/ground_truth.poses[1].position.y,-0.45750575744629174
0.2461546597721401,1766740246.454675013,/ground_truth.poses[1].position.y,-0.43912551671231714
0.23531612494430645,1766740246.474410288,/ground_truth.poses[1].position.y,-0.4245285453329223
0.22728673931265778,1766740246.494279021,/ground_truth.poses[1].position.y,-0.41371484356068244
0.22206650307981865,1766740246.514477898,/ground_truth.poses[1].position.y,-0.40668441124524324
0.21965541594661622,1766740246.534350598,/ground_truth.poses[1].position.y,-0.4034372486088399
0.2195033033608545,1766740246.556050008,/ground_truth.poses[1].position.y,-0.40323239336946176
0.2195033033608545,1766740246.575594197,/ground_truth.poses[1].position.y,-0.40323239336946176
0.2195033033608545,1766740246.595595476,/ground_truth.poses[1].position.y,-0.40323239336946176
0.2195033033608545,1766740246.615462456,/ground_truth.poses[1].position.y,-0.40323239336946176
0.2195033033608545,1766740246.636009531,/ground_truth.poses[1].position.y,-0.40323239336946176
0.2195033033608545,1766740246.655819454,/ground_truth.poses[1].position.y,-0.40323239336946176
0.2195033033608545,1766740246.675650677,/ground_truth.poses[1].position.y,-0.40323239336946176
0.2195033033608545,1766740246.696006797,/ground_truth.poses[1].position.y,-0.40323239336946176
0.2195033033608545,1766740246.715974754,/ground_truth.poses[1].position.y,-0.40323239336946176
0.2195033033608545,1766740246.736153795,/ground_truth.poses[1].position.y,-0.40323239336946176
0.2195033033608545,1766740246.756215747,/ground_truth.poses[1].position.y,-0.40323239336946176
0.2195033033608545,1766740246.775985265,/ground_truth.poses[1].position.y,-0.40323239336946176
0.2195033033608545,1766740246.796496995,/ground_truth.poses[1].position.y,-0.40323239336946176
0.2195033033608545,1766740246.815721608,/ground_truth.poses[1].position.y,-0.40323239336946176
0.2195033033608545,1766740246.835699865,/ground_truth.poses[1].position.y,-0.40323239336946176
0.2195033033608545,1766740246.856294829,/ground_truth.poses[1].position.y,-0.40323239336946176
0.2195033033608545,1766740246.875859586,/ground_truth.poses[1].position.y,-0.40323239336946176
0.2195033033608545,1766740246.896225034,/ground_truth.poses[1].position.y,-0.40323239336946176
0.2195033033608545,1766740246.916001795,/ground_truth.poses[1].position.y,-0.40323239336946176
0.2195033033608545,1766740246.935862904,/ground_truth.poses[1].position.y,-0.40323239336946176
0.2195033033608545,1766740246.956928564,/ground_truth.poses[1].position.y,-0.40323239336946176
0.2195033033608545,1766740246.976141146,/ground_truth.poses[1].position.y,-0.40323239336946176
0.2195033033608545,1766740246.996453013,/ground_truth.poses[1].position.y,-0.40323239336946176
0.2195033033608545,1766740247.016307329,/ground_truth.poses[1].position.y,-0.40323239336946176
0.2195033033608545,1766740247.036347210,/ground_truth.poses[1].position.y,-0.40323239336946176
0.2195033033608545,1766740247.056706987,/ground_truth.poses[1].position.y,-0.40323239336946176
0.2195033033608545,1766740247.076493367,/ground_truth.poses[1].position.y,-0.40323239336946176
0.2195033033608545,1766740247.096548758,/ground_truth.poses[1].position.y,-0.40323239336946176
0.2195033033608545,1766740247.116735122,/ground_truth.poses[1].position.y,-0.40323239336946176
0.2195033033608545,1766740247.136366232,/ground_truth.poses[1].position.y,-0.40323239336946176
0.2195033033608545,1766740247.156773607,/ground_truth.poses[1].position.y,-0.40323239336946176
0.2195033033608545,1766740247.177249641,/ground_truth.poses[1].position.y,-0.40323239336946176
0.22111443169658304,1766740247.196796715,/ground_truth.poses[1].position.y,-0.4054022077068404
0.22412095223423797,1766740247.217061966,/ground_truth.poses[1].position.y,-0.40945128886210125
0.22927296857251306,1766740247.237011339,/ground_truth.poses[1].position.y,-0.4163898526534386
0.23655715803290997,1766740247.257250441,/ground_truth.poses[1].position.y,-0.4261999552373816
0.24584792849517884,1766740247.277402101,/ground_truth.poses[1].position.y,-0.43871245402090264
0.25633839330397645,1766740247.297083906,/ground_truth.poses[1].position.y,-0.4528406607293582
0.26762775828283625,1766740247.317414538,/ground_truth.poses[1].position.y,-0.4680447990163706
0.2794514960669376,1766740247.337429944,/ground_truth.poses[1].position.y,-0.48396861268279057
0.2914088305276441,1766740247.357315258,/ground_truth.poses[1].position.y,-0.5000723498743732
0.303499761664755,1766740247.377672961,/ground_truth.poses[1].position.y,-0.5163560105908646
0.3155906928022803,1766740247.397500688,/ground_truth.poses[1].position.y,-0.5326396713078565
0.32768162394015704,1766740247.417411419,/ground_truth.poses[1].position.y,-0.5489233320252231
0.33977255507838944,1766740247.437868747,/ground_truth.poses[1].position.y,-0.5652069927429844
0.35186348621698366,1766740247.457774249,/ground_truth.poses[1].position.y,-0.5814906534611372
0.36382082650403524,1766740247.477477283,/ground_truth.poses[1].position.y,-0.5975943984989431
0.3756445701153836,1766740247.497607813,/ground_truth.poses[1].position.y,-0.6135182200125786
0.38746831372699464,1766740247.517517773,/ground_truth.poses[1].position.y,-0.6294420415265207
0.3992920573389247,1766740247.537730686,/ground_truth.poses[1].position.y,-0.6453658630407906
0.41111580095114003,1766740247.557742886,/ground_truth.poses[1].position.y,-0.6612896845554003
0.42293954456364513,1766740247.577686047,/ground_truth.poses[1].position.y,-0.6772135060703428
0.43476328817644555,1766740247.597845742,/ground_truth.poses[1].position.y,-0.6931373275856006
0.4465870317895203,1766740247.617681794,/ground_truth.poses[1].position.y,-0.7090611491011747
0.4584107754028955,1766740247.637827993,/ground_truth.poses[1].position.y,-0.7249849706170716
0.47023451901654156,1766740247.658156222,/ground_truth.poses[1].position.y,-0.7409087921332671
0.48205826263047546,1766740247.677805115,/ground_truth.poses[1].position.y,-0.7568326136497437
0.49384468387159114,1766740247.698170142,/ground_truth.poses[1].position.y,-0.7727298740891653
0.5055327208108777,1766740247.717919292,/ground_truth.poses[1].position.y,-0.7886319983540342
0.5168577113112093,1766740247.737916434,/ground_truth.poses[1].position.y,-0.8047283915768566
0.5278327073127393,1766740247.758428915,/ground_truth.poses[1].position.y,-0.820952035123199
0.5383231397436742,1766740247.778225865,/ground_truth.poses[1].position.y,-0.8375060045185483
0.5471499674988678,1766740247.798465568,/ground_truth.poses[1].position.y,-0.8535546911674075
0.5543662746389237,1766740247.818220669,/ground_truth.poses[1].position.y,-0.8691318415506977
0.55995214891457,1766740247.838325001,/ground_truth.poses[1].position.y,-0.8849591252687125
0.5644768280187649,1766740247.858771770,/ground_truth.poses[1].position.y,-0.901169700637688
0.5679053780718162,1766740247.878463904,/ground_truth.poses[1].position.y,-0.9177146100962332
0.5703005299057018,1766740247.898518282,/ground_truth.poses[1].position.y,-0.9336361565784688
0.5717044527611559,1766740247.918800635,/ground_truth.poses[1].position.y,-0.9487806718048472
0.5719803857997383,1766740247.938602704,/ground_truth.poses[1].position.y,-0.9624571838799896
0.5712969215218492,1766740247.958883183,/ground_truth.poses[1].position.y,-0.9750218404332112
0.5703776578153662,1766740247.979061362,/ground_truth.poses[1].position.y,-0.987059756992774
0.5689464536890866,1766740247.998790645,/ground_truth.poses[1].position.y,-0.9989993731033927
0.5669460988118314,1766740248.019114776,/ground_truth.poses[1].position.y,-1.010850420258494
0.5643537739790829,1766740248.038963081,/ground_truth.poses[1].position.y,-1.0225821910043653
0.5611531296586226,1766740248.059297881,/ground_truth.poses[1].position.y,-1.0341581195229737
0.5576187379188559,1766740248.079264557,/ground_truth.poses[1].position.y,-1.0454432948162238
0.553365679920315,1766740248.099079439,/ground_truth.poses[1].position.y,-1.056584135485014
0.5489781323016759,1766740248.119124852,/ground_truth.poses[1].position.y,-1.067871600903907
0.5452461693227046,1766740248.139515165,/ground_truth.poses[1].position.y,-1.0790981723029611
0.5414244816950559,1766740248.159407833,/ground_truth.poses[1].position.y,-1.0899180930229704
0.5371656921740745,1766740248.179358979,/ground_truth.poses[1].position.y,-1.100494573030329
0.5324498260600931,1766740248.199280811,/ground_truth.poses[1].position.y,-1.1108052586904977
0.5271388713747883,1766740248.219271932,/ground_truth.poses[1].position.y,-1.1208711859435796
0.52168418892538,1766740248.239535681,/ground_truth.poses[1].position.y,-1.1300152918159014
0.5164166699871371,1766740248.259582134,/ground_truth.poses[1].position.y,-1.1376783034569435
0.5134834238052803,1766740248.279396166,/ground_truth.poses[1].position.y,-1.1420853312344978
0.5121690565343433,1766740248.299857962,/ground_truth.poses[1].position.y,-1.1436212888903308
0.5118388268073788,1766740248.319590703,/ground_truth.poses[1].position.y,-1.1440353323101256
0.5118388260853852,1766740248.339813845,/ground_truth.poses[1].position.y,-1.1440353380156398
0.5118388261162851,1766740248.360190945,/ground_truth.poses[1].position.y,-1.144035337885221
0.5118388261523148,1766740248.379929645,/ground_truth.poses[1].position.y,-1.1440353377556836
0.5118388261937712,1766740248.400185188,/ground_truth.poses[1].position.y,-1.1440353376300207
0.5118388262393772,1766740248.419892701,/ground_truth.poses[1].position.y,-1.1440353375039298
0.5118388262901779,1766740248.439974982,/ground_truth.poses[1].position.y,-1.1440353373792322
0.5118388263462224,1766740248.460735024,/ground_truth.poses[1].position.y,-1.1440353372561372
0.5118388264076159,1766740248.480079932,/ground_truth.poses[1].position.y,-1.1440353371372187
0.5118388264837076,1766740248.500356344,/ground_truth.poses[1].position.y,-1.144035337053631
0.5118388265554258,1766740248.520299776,/ground_truth.poses[1].position.y,-1.1440353369390643
0.5118388266306257,1766740248.540251844,/ground_truth.poses[1].position.y,-1.1440353368326777
0.5118388267086822,1766740248.560685789,/ground_truth.poses[1].position.y,-1.1440353367245468
0.5118388267626521,1766740248.580416706,/ground_truth.poses[1].position.y,-1.144035336693058
0.5118388268013505,1766740248.600482916,/ground_truth.poses[1].position.y,-1.144035336647309
0.5118388268100544,1766740248.620725205,/ground_truth.poses[1].position.y,-1.1440353366172114
0.5118388268153892,1766740248.640410787,/ground_truth.poses[1].position.y,-1.144035336590991
0.5118388268153892,1766740248.660775764,/ground_truth.poses[1].position.y,-1.144035336590991
0.5118388268153892,1766740248.680508003,/ground_truth.poses[1].position.y,-1.144035336590991
0.5118388268153892,1766740248.700482543,/ground_truth.poses[1].position.y,-1.144035336590991
0.5118388268153892,1766740248.721065876,/ground_truth.poses[1].position.y,-1.144035336590991
0.5118388268153892,1766740248.740673343,/ground_truth.poses[1].position.y,-1.144035336590991
0.5118388268153892,1766740248.760942010,/ground_truth.poses[1].position.y,-1.144035336590991
0.5118388268153892,1766740248.781109099,/ground_truth.poses[1].position.y,-1.144035336590991
0.5118388268153892,1766740248.800780985,/ground_truth.poses[1].position.y,-1.144035336590991
0.5118388268153892,1766740248.821070561,/ground_truth.poses[1].position.y,-1.144035336590991
0.5118388268153892,1766740248.841037067,/ground_truth.poses[1].position.y,-1.144035336590991
0.5118388268153892,1766740248.861360787,/ground_truth.poses[1].position.y,-1.144035336590991
0.5118388268153892,1766740248.881296074,/ground_truth.poses[1].position.y,-1.144035336590991
0.5118388268153892,1766740248.901092292,/ground_truth.poses[1].position.y,-1.144035336590991
0.5118388268153892,1766740248.921225787,/ground_truth.poses[1].position.y,-1.144035336590991
0.5118388268153892,1766740248.941540581,/ground_truth.poses[1].position.y,-1.144035336590991
0.5118388268153892,1766740248.961378547,/ground_truth.poses[1].position.y,-1.144035336590991
0.5118388268153892,1766740248.981548711,/ground_truth.poses[1].position.y,-1.144035336590991
0.5118388268153892,1766740249.001637343,/ground_truth.poses[1].position.y,-1.144035336590991
0.5118388268153892,1766740249.021617203,/ground_truth.poses[1].position.y,-1.144035336590991
0.5118388268153892,1766740249.041670820,/ground_truth.poses[1].position.y,-1.144035336590991
0.5118388268153892,1766740249.061821559,/ground_truth.poses[1].position.y,-1.144035336590991
0.5118388268153892,1766740249.081807740,/ground_truth.poses[1].position.y,-1.144035336590991
0.5118388268153892,1766740249.101980359,/ground_truth.poses[1].position.y,-1.144035336590991
0.5118388268153892,1766740249.122741073,/ground_truth.poses[1].position.y,-1.144035336590991
0.5118388268153892,1766740249.142211695,/ground_truth.poses[1].position.y,-1.144035336590991
0.5118388268153892,1766740249.162335373,/ground_truth.poses[1].position.y,-1.144035336590991
0.5118388268153892,1766740249.182377609,/ground_truth.poses[1].position.y,-1.144035336590991
0.5118388266618124,1766740249.202641558,/ground_truth.poses[1].position.y,-1.1440353368423544
0.5118388266500643,1766740249.222855063,/ground_truth.poses[1].position.y,-1.1440353369043608
0.5118388266335026,1766740249.242408579,/ground_truth.poses[1].position.y,-1.1440353369214886
0.5118388266142936,1766740249.262722902,/ground_truth.poses[1].position.y,-1.1440353369330494
0.5118388265912047,1766740249.282469638,/ground_truth.poses[1].position.y,-1.144035336961532
0.511838826564014,1766740249.302781316,/ground_truth.poses[1].position.y,-1.1440353369876575
0.5118388265372565,1766740249.323318714,/ground_truth.poses[1].position.y,-1.1440353370292182
0.5118388265117144,1766740249.342793704,/ground_truth.poses[1].position.y,-1.144035337073368
0.5118388264931493,1766740249.363047003,/ground_truth.poses[1].position.y,-1.1440353371870875
0.5118388264789692,1766740249.382865222,/ground_truth.poses[1].position.y,-1.1440353373013517
0.5118388264691929,1766740249.402946300,/ground_truth.poses[1].position.y,-1.1440353374161492
0.5118388264638264,1766740249.423685554,/ground_truth.poses[1].position.y,-1.1440353375313101
0.5118388264628707,1766740249.443277883,/ground_truth.poses[1].position.y,-1.1440353376466683
0.5118388264585264,1766740249.463532544,/ground_truth.poses[1].position.y,-1.1440353377304116
0.5118388264650497,1766740249.483326759,/ground_truth.poses[1].position.y,-1.1440353378393915
0.5118388264774205,1766740249.503255654,/ground_truth.poses[1].position.y,-1.1440353379518677
0.5118388264881807,1766740249.523862351,/ground_truth.poses[1].position.y,-1.1440353380335848
0.5118388265076154,1766740249.543475048,/ground_truth.poses[1].position.y,-1.1440353381328314
0.5118388265177837,1766740249.563652135,/ground_truth.poses[1].position.y,-1.1440353382017108
0.5118388265295221,1766740249.583666940,/ground_truth.poses[1].position.y,-1.144035338270546
0.5118388265297161,1766740249.603586398,/ground_truth.poses[1].position.y,-1.1440353383101123
0.5118388265315723,1766740249.624013831,/ground_truth.poses[1].position.y,-1.1440353383513402
0.5118388265352548,1766740249.643963034,/ground_truth.poses[1].position.y,-1.1440353383941706
0.5118388265409306,1766740249.664012353,/ground_truth.poses[1].position.y,-1.1440353384385333
0.5118388265487699,1766740249.685057025,/ground_truth.poses[1].position.y,-1.1440353384843447
0.5118388265589449,1766740249.705295857,/ground_truth.poses[1].position.y,-1.1440353385315087
0.5118388266100338,1766740249.725173778,/ground_truth.poses[1].position.y,-1.1440353386346935
0.5118388266568127,1766740249.745130134,/ground_truth.poses[1].position.y,-1.1440353387220261
0.5118388267055245,1766740249.765046195,/ground_truth.poses[1].position.y,-1.1440353388048152
0.5118388267369052,1766740249.784964811,/ground_truth.poses[1].position.y,-1.1440353388538032
0.5118388267369052,1766740249.805458348,/ground_truth.poses[1].position.y,-1.1440353388538032
0.5118388267369052,1766740249.825241541,/ground_truth.poses[1].position.y,-1.1440353388538032
0.5118388267369052,1766740249.845342597,/ground_truth.poses[1].position.y,-1.1440353388538032
0.5118388267369052,1766740249.865486763,/ground_truth.poses[1].position.y,-1.1440353388538032
0.5118388267369052,1766740249.885089461,/ground_truth.poses[1].position.y,-1.1440353388538032
0.5118388267369052,1766740249.905622671,/ground_truth.poses[1].position.y,-1.1440353388538032
0.5118388267369052,1766740249.925543471,/ground_truth.poses[1].position.y,-1.1440353388538032
0.5118388267369052,1766740249.945170625,/ground_truth.poses[1].position.y,-1.1440353388538032
0.5118388267369052,1766740249.965478746,/ground_truth.poses[1].position.y,-1.1440353388538032
0.5118388267369052,1766740249.985016263,/ground_truth.poses[1].position.y,-1.1440353388538032
0.5118388267369052,1766740250.005477308,/ground_truth.poses[1].position.y,-1.1440353388538032
0.5112787775955477,1766740250.026047979,/ground_truth.poses[1].position.y,-1.1445017900692973
0.5098142757937003,1766740250.045443591,/ground_truth.poses[1].position.y,-1.1457215376687782
0.5059287611366969,1766740250.065645114,/ground_truth.poses[1].position.y,-1.1489576868356663
0.4992950462564718,1766740250.085420443,/ground_truth.poses[1].position.y,-1.154482744775901
0.4904262446982409,1766740250.105664135,/ground_truth.poses[1].position.y,-1.1618693515436829
0.4796598704411296,1766740250.126042397,/ground_truth.poses[1].position.y,-1.1708364002368743
0.4676915850981514,1766740250.145598548,/ground_truth.poses[1].position.y,-1.1808044912696865
0.4552067049621615,1766740250.165929452,/ground_truth.poses[1].position.y,-1.1912028414226699
0.4430662036850594,1766740250.185593364,/ground_truth.poses[1].position.y,-1.2013143668788435
0.4312700962809647,1766740250.206021509,/ground_truth.poses[1].position.y,-1.211139055133309
0.4187852236510038,1766740250.226269488,/ground_truth.poses[1].position.y,-1.221537399034502
0.4063003435135855,1766740250.245860514,/ground_truth.poses[1].position.y,-1.2319357491884233
0.39381546337587126,1766740250.266091592,/ground_truth.poses[1].position.y,-1.242334099342534
0.3813305832378718,1766740250.286279440,/ground_truth.poses[1].position.y,-1.2527324494968268
0.36884570309959847,1766740250.305961896,/ground_truth.poses[1].position.y,-1.2631307996512844
0.3563608229610599,1766740250.326169140,/ground_truth.poses[1].position.y,-1.273529149805926
0.3438759428222404,1766740250.346195136,/ground_truth.poses[1].position.y,-1.2839274999607224
0.33139106268317925,1766740250.366336737,/ground_truth.poses[1].position.y,-1.2943258501156771
0.31890618254385805,1766740250.386322057,/ground_truth.poses[1].position.y,-1.304724200270797
0.3064213024042864,1766740250.406328788,/ground_truth.poses[1].position.y,-1.3151225504260924
0.2939364222644692,1766740250.426532865,/ground_truth.poses[1].position.y,-1.3255209005815352
0.28380391032614494,1766740250.447143179,/ground_truth.poses[1].position.y,-1.3361875540242574
0.2763810584895478,1766740250.468446873,/ground_truth.poses[1].position.y,-1.343777149651046
0.27500686288451853,1766740250.487352444,/ground_truth.poses[1].position.y,-1.348073000575229
0.2732725662074243,1766740250.507102917,/ground_truth.poses[1].position.y,-1.3540922255840295
0.27111626048167087,1766740250.526794711,/ground_truth.poses[1].position.y,-1.3620113320186467
0.2686639294496422,1766740250.547042711,/ground_truth.poses[1].position.y,-1.3717345818565678
0.26598806130742053,1766740250.566776713,/ground_truth.poses[1].position.y,-1.3826374697855022
0.26250641835138766,1766740250.586779456,/ground_truth.poses[1].position.y,-1.3939228963364723
0.2572093590922545,1766740250.608093199,/ground_truth.poses[1].position.y,-1.4043156214368895
0.24794630596599623,1766740250.627562199,/ground_truth.poses[1].position.y,-1.4137559738898011
0.23744845215247715,1766740250.647118911,/ground_truth.poses[1].position.y,-1.4222964242805172
0.2258005480873224,1766740250.667506090,/ground_truth.poses[1].position.y,-1.42993954207454
0.2141647413083019,1766740250.686962024,/ground_truth.poses[1].position.y,-1.4368748263956186
0.2030423910041006,1766740250.707314548,/ground_truth.poses[1].position.y,-1.4452511126973286
0.19286249799221944,1766740250.727133840,/ground_truth.poses[1].position.y,-1.4528352492327086
0.18384096889821164,1766740250.747104944,/ground_truth.poses[1].position.y,-1.4597621068678563
0.17614295414322986,1766740250.767421010,/ground_truth.poses[1].position.y,-1.466037265322491
0.16876176169623547,1766740250.787507629,/ground_truth.poses[1].position.y,-1.4719535044759644
0.16370810575136766,1766740250.807652837,/ground_truth.poses[1].position.y,-1.4766477301779612
0.16292116473147242,1766740250.827614764,/ground_truth.poses[1].position.y,-1.4773858900436196
0.16292116247698657,1766740250.847414058,/ground_truth.poses[1].position.y,-1.4773858921645813
0.16292116246623012,1766740250.867767433,/ground_truth.poses[1].position.y,-1.4773858921749445
0.16292116245547367,1766740250.888035029,/ground_truth.poses[1].position.y,-1.4773858921853078
0.16292116244471722,1766740250.907759394,/ground_truth.poses[1].position.y,-1.477385892195671
0.16292116243396076,1766740250.928114873,/ground_truth.poses[1].position.y,-1.4773858922060343
0.1629211624232043,1766740250.947699638,/ground_truth.poses[1].position.y,-1.4773858922163976
0.16292116241244786,1766740250.968084091,/ground_truth.poses[1].position.y,-1.4773858922267609
0.1629211624016914,1766740250.988293479,/ground_truth.poses[1].position.y,-1.4773858922371241
0.16292116239093496,1766740251.008170137,/ground_truth.poses[1].position.y,-1.4773858922474874
0.1629211623801785,1766740251.028335453,/ground_truth.poses[1].position.y,-1.4773858922578507
0.16292116236942206,1766740251.048219084,/ground_truth.poses[1].position.y,-1.477385892268214
0.1629211623586656,1766740251.068319208,/ground_truth.poses[1].position.y,-1.4773858922785772
0.16292116234790915,1766740251.088463204,/ground_truth.poses[1].position.y,-1.4773858922889405
0.1629211623371527,1766740251.108476907,/ground_truth.poses[1].position.y,-1.4773858922993037
0.16292116232639625,1766740251.128554861,/ground_truth.poses[1].position.y,-1.477385892309667
0.1629211623156398,1766740251.148675713,/ground_truth.poses[1].position.y,-1.4773858923200303
0.16292116230488335,1766740251.168586545,/ground_truth.poses[1].position.y,-1.4773858923303935
0.1629211622941269,1766740251.188441072,/ground_truth.poses[1].position.y,-1.4773858923407568
0.16292116228337045,1766740251.208850613,/ground_truth.poses[1].position.y,-1.47738589235112
0.162921162272614,1766740251.228897928,/ground_truth.poses[1].position.y,-1.4773858923614833
0.16292116226185754,1766740251.248869623,/ground_truth.poses[1].position.y,-1.4773858923718466
0.1629211622511011,1766740251.268762011,/ground_truth.poses[1].position.y,-1.4773858923822099
0.16292116224034464,1766740251.288968584,/ground_truth.poses[1].position.y,-1.4773858923925731
0.1629211622295882,1766740251.308791933,/ground_truth.poses[1].position.y,-1.4773858924029364
0.16292116221883174,1766740251.328784357,/ground_truth.poses[1].position.y,-1.4773858924132997
0.1629211622080753,1766740251.348587969,/ground_truth.poses[1].position.y,-1.477385892423663
0.16292116219731884,1766740251.368811523,/ground_truth.poses[1].position.y,-1.4773858924340262
0.16292116218656238,1766740251.388677501,/ground_truth.poses[1].position.y,-1.4773858924443894
0.16292116217580593,1766740251.409101829,/ground_truth.poses[1].position.y,-1.4773858924547527
0.16292116216504948,1766740251.429132083,/ground_truth.poses[1].position.y,-1.477385892465116
0.16292116215429303,1766740251.448861327,/ground_truth.poses[1].position.y,-1.4773858924754792
0.16292116214353658,1766740251.469206377,/ground_truth.poses[1].position.y,-1.4773858924858425
0.16292116213278013,1766740251.489182150,/ground_truth.poses[1].position.y,-1.4773858924962058
0.16292116212202368,1766740251.509127065,/ground_truth.poses[1].position.y,-1.477385892506569
0.16292116211126723,1766740251.529783816,/ground_truth.poses[1].position.y,-1.4773858925169323
0.16292116210051077,1766740251.549230153,/ground_truth.poses[1].position.y,-1.4773858925272956
0.16292116208975432,1766740251.569571566,/ground_truth.poses[1].position.y,-1.4773858925376588
0.16292116207899787,1766740251.589310689,/ground_truth.poses[1].position.y,-1.477385892548022
0.16292116206824142,1766740251.609602700,/ground_truth.poses[1].position.y,-1.4773858925583854
0.16292116205748497,1766740251.630167980,/ground_truth.poses[1].position.y,-1.4773858925687486
0.16292116204672852,1766740251.649451264,/ground_truth.poses[1].position.y,-1.477385892579112
0.16292116203597207,1766740251.669556578,/ground_truth.poses[1].position.y,-1.4773858925894752
0.16292116202521562,1766740251.689784891,/ground_truth.poses[1].position.y,-1.4773858925998384
0.16292116201445916,1766740251.709543169,/ground_truth.poses[1].position.y,-1.4773858926102017
0.1629211620037027,1766740251.729941558,/ground_truth.poses[1].position.y,-1.477385892620565
0.16292116199294626,1766740251.749496217,/ground_truth.poses[1].position.y,-1.4773858926309282
0.1629211619821898,1766740251.769797716,/ground_truth.poses[1].position.y,-1.4773858926412915
0.16292116197143336,1766740251.789899123,/ground_truth.poses[1].position.y,-1.4773858926516548
0.1629211619606769,1766740251.809808743,/ground_truth.poses[1].position.y,-1.477385892662018
0.16292116194992046,1766740251.830511549,/ground_truth.poses[1].position.y,-1.4773858926723813
0.162921161939164,1766740251.849899888,/ground_truth.poses[1].position.y,-1.4773858926827446
0.16292116192840755,1766740251.869931645,/ground_truth.poses[1].position.y,-1.4773858926931078
0.16292116191403452,1766740251.890169275,/ground_truth.poses[1].position.y,-1.4773858928866173
0.16292116189450948,1766740251.910025896,/ground_truth.poses[1].position.y,-1.4773858933453758
0.16292116187498443,1766740251.930490499,/ground_truth.poses[1].position.y,-1.4773858938041347
0.1629211615873478,1766740251.950341580,/ground_truth.poses[1].position.y,-1.4773859033145842
0.16292115981432032,1766740251.970349132,/ground_truth.poses[1].position.y,-1.4773859614609237
0.16292115644518035,1766740251.990196616,/ground_truth.poses[1].position.y,-1.4773860715105365
0.16292115151168599,1766740252.010457148,/ground_truth.poses[1].position.y,-1.4773862324306615
0.16292114504496105,1766740252.030978106,/ground_truth.poses[1].position.y,-1.4773864432091464
0.1629211370755078,1766740252.050647720,/ground_truth.poses[1].position.y,-1.4773867028540362
0.16292112763321936,1766740252.070796204,/ground_truth.poses[1].position.y,-1.477387010393168
0.1629211167473921,1766740252.090853398,/ground_truth.poses[1].position.y,-1.4773873648737752
0.16292110444673746,1766740252.110896607,/ground_truth.poses[1].position.y,-1.4773877653620986
0.1629210907593937,1766740252.131239082,/ground_truth.poses[1].position.y,-1.4773882109430063
0.16292107571293746,1766740252.151325271,/ground_truth.poses[1].position.y,-1.47738870071962
0.1629210593343949,1766740252.171218671,/ground_truth.poses[1].position.y,-1.4773892338129513
0.1629210416502529,1766740252.191364981,/ground_truth.poses[1].position.y,-1.4773898093615425
0.16292102217208182,1766740252.211279710,/ground_truth.poses[1].position.y,-1.477390425814414
0.1629209990711255,1766740252.231809585,/ground_truth.poses[1].position.y,-1.4773910802397645
0.16292095421089323,1766740252.251355838,/ground_truth.poses[1].position.y,-1.477391751565832
0.16292088320031273,1766740252.271676082,/ground_truth.poses[1].position.y,-1.4773924354441386
0.16292078624855083,1766740252.291478603,/ground_truth.poses[1].position.y,-1.4773931314259234
0.16292066387246654,1766740252.311516672,/ground_truth.poses[1].position.y,-1.4773938392705335
0.16292051658483594,1766740252.332810749,/ground_truth.poses[1].position.y,-1.4773945587419701
0.1629203448913623,1766740252.351485600,/ground_truth.poses[1].position.y,-1.4773952896088538
0.1629201492777039,1766740252.371790746,/ground_truth.poses[1].position.y,-1.4773960316446075
0.16291993021985435,1766740252.392002518,/ground_truth.poses[1].position.y,-1.4773967846271536
0.16291968818433586,1766740252.411736782,/ground_truth.poses[1].position.y,-1.4773975483388242
0.16291942362838674,1766740252.432219128,/ground_truth.poses[1].position.y,-1.4773983225662728
0.16311701947143087,1766740252.451765401,/ground_truth.poses[1].position.y,-1.476294276707436
0.1633143537918329,1766740252.472177506,/ground_truth.poses[1].position.y,-1.4699019536653806
0.16381331554262082,1766740252.492390350,/ground_truth.poses[1].position.y,-1.458527226002144
0.16429386530846776,1766740252.512143910,/ground_truth.poses[1].position.y,-1.4432442968945605
0.1644142274501783,1766740252.533318294,/ground_truth.poses[1].position.y,-1.4254419888010579
0.1643160373885328,1766740252.552320374,/ground_truth.poses[1].position.y,-1.4068864950810867
0.1648094017446984,1766740252.572502371,/ground_truth.poses[1].position.y,-1.3886326641714004
0.1658068988719991,1766740252.592679088,/ground_truth.poses[1].position.y,-1.3703657695010218
0.16628755693455569,1766740252.612594409,/ground_truth.poses[1].position.y,-1.3513071935373933
0.165892732584744,1766740252.632834874,/ground_truth.poses[1].position.y,-1.331246316400178
0.16580482697281515,1766740252.652689171,/ground_truth.poses[1].position.y,-1.311081912572776
0.16601606331873628,1766740252.672579004,/ground_truth.poses[1].position.y,-1.290798915533638
0.16857919426037316,1766740252.692662939,/ground_truth.poses[1].position.y,-1.2694468214119867
0.17931393396369247,1766740252.713703183,/ground_truth.poses[1].position.y,-1.2480533449059614
0.19232240791935087,1766740252.733577677,/ground_truth.poses[1].position.y,-1.2261174944739264
0.20870755243163897,1766740252.752884235,/ground_truth.poses[1].position.y,-1.2038524804004025
0.22294386145939726,1766740252.773118058,/ground_truth.poses[1].position.y,-1.1809452093047386
0.23753849613619826,1766740252.792851960,/ground_truth.poses[1].position.y,-1.158568328084737
0.2529892058284092,1766740252.814390703,/ground_truth.poses[1].position.y,-1.1370351387308861
0.26932325311298105,1766740252.834302727,/ground_truth.poses[1].position.y,-1.1163523748186501
0.28678663922459097,1766740252.854259575,/ground_truth.poses[1].position.y,-1.0965186924470676
0.3100089841473592,1766740252.874386289,/ground_truth.poses[1].position.y,-1.069904342490654
0.3325765520385344,1766740252.894032358,/ground_truth.poses[1].position.y,-1.042533674118432
0.35449010206570275,1766740252.914411732,/ground_truth.poses[1].position.y,-1.0151358644954958
0.3757495563764295,1766740252.934540109,/ground_truth.poses[1].position.y,-0.9877109107087463
0.3963548376392092,1766740252.954284281,/ground_truth.poses[1].position.y,-0.9602588098765368
0.4163058691595697,1766740252.974589828,/ground_truth.poses[1].position.y,-0.9327795591368272
0.43560257486738674,1766740252.994459283,/ground_truth.poses[1].position.y,-0.9052731556468799
0.4542448793044881,1766740253.014582541,/ground_truth.poses[1].position.y,-0.8777395965826099
0.4722327076124632,1766740253.035526386,/ground_truth.poses[1].position.y,-0.8501788791386165
0.48956598552074404,1766740253.054547271,/ground_truth.poses[1].position.y,-0.8225910005274572
0.5062446393349057,1766740253.074427617,/ground_truth.poses[1].position.y,-0.794975957979506
0.5222685959252079,1766740253.094227793,/ground_truth.poses[1].position.y,-0.7673337487425005
0.5378172873448993,1766740253.114597369,/ground_truth.poses[1].position.y,-0.7421946537869224
0.5529285652676634,1766740253.135009505,/ground_truth.poses[1].position.y,-0.7202699992443751
0.5664380308344861,1766740253.154479917,/ground_truth.poses[1].position.y,-0.7031618116558445
0.5781777312077231,1766740253.174576475,/ground_truth.poses[1].position.y,-0.6911223184966158
0.5885462215370262,1766740253.194921375,/ground_truth.poses[1].position.y,-0.6846132203735602
0.5977115307770952,1766740253.214665537,/ground_truth.poses[1].position.y,-0.6837030822310756
0.6059146618600898,1766740253.235232461,/ground_truth.poses[1].position.y,-0.6841943529320034
0.6132374114607692,1766740253.254768506,/ground_truth.poses[1].position.y,-0.6846331004958577
0.6196798305351614,1766740253.274905068,/ground_truth.poses[1].position.y,-0.685019325326496
0.62524196951755,1766740253.295399757,/ground_truth.poses[1].position.y,-0.685353030697917
0.6299238785287674,1766740253.315081322,/ground_truth.poses[1].position.y,-0.6856342198605535
0.6337256073824239,1766740253.335309696,/ground_truth.poses[1].position.y,-0.6858628960417413
0.636647205591008,1766740253.355044761,/ground_truth.poses[1].position.y,-0.6860390624461754
0.6386887223718746,1766740253.375104901,/ground_truth.poses[1].position.y,-0.6861627222563603
0.6398502066531122,1766740253.395354864,/ground_truth.poses[1].position.y,-0.6862338786330513
0.640131707079286,1766740253.415153388,/ground_truth.poses[1].position.y,-0.6862525347156837
0.6401323450369965,1766740253.435607311,/ground_truth.poses[1].position.y,-0.6862544272653148
0.6401329975695544,1766740253.455505249,/ground_truth.poses[1].position.y,-0.6862563103819986
0.64013366467308,1766740253.475413496,/ground_truth.poses[1].position.y,-0.686258184270072
0.6401343460469281,1766740253.495425767,/ground_truth.poses[1].position.y,-0.6862600491122888
0.6401350413963479,1766740253.515959299,/ground_truth.poses[1].position.y,-0.6862619050877642
0.6401357504323708,1766740253.535542872,/ground_truth.poses[1].position.y,-0.6862637523720483
0.6401364728716998,1766740253.555635152,/ground_truth.poses[1].position.y,-0.6862655911371978
0.6401372084366026,1766740253.575656821,/ground_truth.poses[1].position.y,-0.6862674215518443
0.6401379568548045,1766740253.595672748,/ground_truth.poses[1].position.y,-0.6862692437812641
0.6401387178593853,1766740253.615762524,/ground_truth.poses[1].position.y,-0.6862710579874444
0.6401394911886763,1766740253.636166815,/ground_truth.poses[1].position.y,-0.6862728643291487
0.64014027658616,1766740253.655972481,/ground_truth.poses[1].position.y,-0.6862746629619824
0.6401410738003719,1766740253.676289940,/ground_truth.poses[1].position.y,-0.686276454038454
0.6401418825848031,1766740253.695927955,/ground_truth.poses[1].position.y,-0.686278237708038
0.6401427026978049,1766740253.716257717,/ground_truth.poses[1].position.y,-0.6862800141172365
0.6401435339024968,1766740253.736187534,/ground_truth.poses[1].position.y,-0.6862817834096359
0.6401443759666736,1766740253.755844053,/ground_truth.poses[1].position.y,-0.6862835457259668
0.6401452286627153,1766740253.776001625,/ground_truth.poses[1].position.y,-0.6862853012041608
0.6401460917674996,1766740253.795946330,/ground_truth.poses[1].position.y,-0.6862870499794059
0.640146965062314,1766740253.816019745,/ground_truth.poses[1].position.y,-0.686288792184202
0.6401478483327715,1766740253.836628957,/ground_truth.poses[1].position.y,-0.6862905279484134
0.640148741368727,1766740253.856153370,/ground_truth.poses[1].position.y,-0.6862922573993219
0.6401496439641946,1766740253.876287047,/ground_truth.poses[1].position.y,-0.686293980661678
0.6401505559172677,1766740253.896499260,/ground_truth.poses[1].position.y,-0.686295697857752
0.6401514770300392,1766740253.916523995,/ground_truth.poses[1].position.y,-0.6862974091073828
0.6401524071085246,1766740253.936793024,/ground_truth.poses[1].position.y,-0.6862991145280265
0.6401533459625856,1766740253.956296718,/ground_truth.poses[1].position.y,-0.6863008142348043
0.6401542934058547,1766740253.976464198,/ground_truth.poses[1].position.y,-0.6863025083405482
0.6401552492556634,1766740253.997009511,/ground_truth.poses[1].position.y,-0.6863041969558475
0.6401562133329682,1766740254.016558460,/ground_truth.poses[1].position.y,-0.686305880189093
0.6401571854622816,1766740254.037070251,/ground_truth.poses[1].position.y,-0.6863075581465204
0.6401581654716023,1766740254.056727391,/ground_truth.poses[1].position.y,-0.6863092309322538
0.6401591531923462,1766740254.076791018,/ground_truth.poses[1].position.y,-0.6863108986483485
0.6401601484592813,1766740254.096798310,/ground_truth.poses[1].position.y,-0.6863125613948303
0.640161151110461,1766740254.116757873,/ground_truth.poses[1].position.y,-0.6863142192697371
0.6401621609871605,1766740254.136815509,/ground_truth.poses[1].position.y,-0.6863158723691589
0.6401631779338133,1766740254.156980124,/ground_truth.poses[1].position.y,-0.6863175207872754
0.6401642017979495,1766740254.176821146,/ground_truth.poses[1].position.y,-0.6863191646163949
0.6401652324301355,1766740254.196902516,/ground_truth.poses[1].position.y,-0.6863208039469914
0.6401662696839138,1766740254.217087368,/ground_truth.poses[1].position.y,-0.6863224388677407
0.6401673134157451,1766740254.237341360,/ground_truth.poses[1].position.y,-0.6863240694655571
0.6401683634849508,1766740254.257321140,/ground_truth.poses[1].position.y,-0.686325695825627
0.6401694197536568,1766740254.277135563,/ground_truth.poses[1].position.y,-0.6863273180314445
0.6401704820867385,1766740254.297217344,/ground_truth.poses[1].position.y,-0.6863289361648454
0.640171550351767,1766740254.317547206,/ground_truth.poses[1].position.y,-0.6863305503060385
0.6401726244189551,1766740254.338013312,/ground_truth.poses[1].position.y,-0.68633216053364
0.6401737041611061,1766740254.357393617,/ground_truth.poses[1].position.y,-0.6863337669247033
0.6401747894535628,1766740254.377545238,/ground_truth.poses[1].position.y,-0.6863353695547514
0.6401758801741568,1766740254.397722616,/ground_truth.poses[1].position.y,-0.6863369684978068
0.6401769762031604,1766740254.417725630,/ground_truth.poses[1].position.y,-0.6863385638264221
0.6401780774232372,1766740254.437571722,/ground_truth.poses[1].position.y,-0.6863401556117077
0.6401791837193959,1766740254.457436338,/ground_truth.poses[1].position.y,-0.6863417439233621
0.6401802949789436,1766740254.477598008,/ground_truth.poses[1].position.y,-0.6863433288296987
0.6401814110914406,1766740254.497508049,/ground_truth.poses[1].position.y,-0.6863449103976746
0.640182531948655,1766740254.517671632,/ground_truth.poses[1].position.y,-0.6863464886929167
0.6401836574445204,1766740254.537917878,/ground_truth.poses[1].position.y,-0.6863480637797483
0.6401847874750922,1766740254.557723274,/ground_truth.poses[1].position.y,-0.6863496357212151
0.6401859219385054,1766740254.578213215,/ground_truth.poses[1].position.y,-0.6863512045791105
0.6401870607349345,1766740254.598491862,/ground_truth.poses[1].position.y,-0.6863527704140008
0.6401882037665514,1766740254.618358703,/ground_truth.poses[1].position.y,-0.6863543332852495
0.6401926243858863,1766740254.638916790,/ground_truth.poses[1].position.y,-0.6863547501165919
0.6401975859063092,1766740254.658462353,/ground_truth.poses[1].position.y,-0.6863550109103157
0.640214713400527,1766740254.678614514,/ground_truth.poses[1].position.y,-0.6863515299719302
0.6402354448099691,1766740254.699148176,/ground_truth.poses[1].position.y,-0.6863474000665115
0.6402598093136581,1766740254.718619210,/ground_truth.poses[1].position.y,-0.6863429066643768
0.6402847503428526,1766740254.739013071,/ground_truth.poses[1].position.y,-0.6863390411377804
0.6403108076045722,1766740254.758680721,/ground_truth.poses[1].position.y,-0.6863357483359995
0.640338243328021,1766740254.778804680,/ground_truth.poses[1].position.y,-0.6863330924517608
0.6403659124513577,1766740254.799650473,/ground_truth.poses[1].position.y,-0.6863313441254696
0.6403940620152795,1766740254.819047829,/ground_truth.poses[1].position.y,-0.686330502909038
0.6404218199113988,1766740254.839124911,/ground_truth.poses[1].position.y,-0.6863306611938755
0.6404494317208633,1766740254.859304544,/ground_truth.poses[1].position.y,-0.6863317768660202
0.6404771417504185,1766740254.879173558,/ground_truth.poses[1].position.y,-0.6863338460639263
0.6405046381684604,1766740254.899641368,/ground_truth.poses[1].position.y,-0.6863368714858333
0.6405316153763465,1766740254.919170129,/ground_truth.poses[1].position.y,-0.6863408164008985
0.640558588565326,1766740254.939342037,/ground_truth.poses[1].position.y,-0.6863457068695102
0.6405847158314986,1766740254.959506943,/ground_truth.poses[1].position.y,-0.6863514277835345
0.6406107779501422,1766740254.979326365,/ground_truth.poses[1].position.y,-0.6863580647491749
0.640636213829312,1766740254.999700329,/ground_truth.poses[1].position.y,-0.686365507794453
0.6406617801090899,1766740255.019773374,/ground_truth.poses[1].position.y,-0.6863739211327747
0.6406869187597826,1766740255.039608385,/ground_truth.poses[1].position.y,-0.6863831835581846
0.6407111006351961,1766740255.059858129,/ground_truth.poses[1].position.y,-0.6863931032589768
0.6407348161295142,1766740255.079842679,/ground_truth.poses[1].position.y,-0.6864037989494053
0.6407580405892268,1766740255.100098954,/ground_truth.poses[1].position.y,-0.6864152505546564
0.6407809870586416,1766740255.120653806,/ground_truth.poses[1].position.y,-0.6864275467409334
0.6408036179956595,1766740255.140336213,/ground_truth.poses[1].position.y,-0.6864406891866073
0.6408256683476972,1766740255.160455774,/ground_truth.poses[1].position.y,-0.6864545526578495
0.6408455696344647,1766740255.180555669,/ground_truth.poses[1].position.y,-0.686468191033034
0.6408634108370072,1766740255.200862178,/ground_truth.poses[1].position.y,-0.6864814396009263
0.6408719781716221,1766740255.220581764,/ground_truth.poses[1].position.y,-0.686489113208103
0.6408760117347743,1766740255.240991365,/ground_truth.poses[1].position.y,-0.6864939054710467
0.6408755488702748,1766740255.260473740,/ground_truth.poses[1].position.y,-0.6864957945131105
0.6382011237587148,1766740255.280723424,/ground_truth.poses[1].position.y,-0.6882276689686118
0.6339559388862742,1766740255.300762705,/ground_truth.poses[1].position.y,-0.690790947630726
0.6255622990571954,1766740255.320492551,/ground_truth.poses[1].position.y,-0.6962988694394022
0.6137324766943096,1766740255.340880201,/ground_truth.poses[1].position.y,-0.7041170729543204
0.6015092198801815,1766740255.360491075,/ground_truth.poses[1].position.y,-0.7122101798329807
0.5892859658191963,1766740255.380769452,/ground_truth.poses[1].position.y,-0.7203032878184285
0.5770627144656263,1766740255.401544964,/ground_truth.poses[1].position.y,-0.7283963969007119
0.5648394657739673,1766740255.420738301,/ground_truth.poses[1].position.y,-0.7364895070705408
0.5528804990402636,1766740255.441096026,/ground_truth.poses[1].position.y,-0.7444076668237698
0.5411857960454761,1766740255.460914015,/ground_truth.poses[1].position.y,-0.752150887910772
0.529491074134821,1766740255.480978624,/ground_truth.poses[1].position.y,-0.7598941239803703
0.5184570416993161,1766740255.501603025,/ground_truth.poses[1].position.y,-0.7671999893359048
0.5080836246918926,1766740255.521077876,/ground_truth.poses[1].position.y,-0.7740685326877825
0.4982387812856438,1766740255.541387070,/ground_truth.poses[1].position.y,-0.7805871657136529
0.4883938879363615,1766740255.561170946,/ground_truth.poses[1].position.y,-0.7871058338625219
0.4785489969630036,1766740255.581218644,/ground_truth.poses[1].position.y,-0.7936245029548009
0.4689684035225393,1766740255.601802209,/ground_truth.poses[1].position.y,-0.7999682109772641
0.45965208389414336,1766740255.621393667,/ground_truth.poses[1].position.y,-0.8061369735393483
0.4505999783004012,1766740255.641468986,/ground_truth.poses[1].position.y,-0.8121308294946701
0.4418121760277141,1766740255.661692580,/ground_truth.poses[1].position.y,-0.8179497204268605
0.4332886393397019,1766740255.681494700,/ground_truth.poses[1].position.y,-0.8235936712240743
0.4250293195139725,1766740255.701894894,/ground_truth.poses[1].position.y,-0.8290627134365084
0.4172940274314992,1766740255.721630460,/ground_truth.poses[1].position.y,-0.8341848531878129
0.4096954542393074,1766740255.741810564,/ground_truth.poses[1].position.y,-0.839216488402656
0.4022290085086467,1766740255.761893537,/ground_truth.poses[1].position.y,-0.8441606581396602
0.3947625631094158,1766740255.781749087,/ground_truth.poses[1].position.y,-0.8491048298239324
0.38742825065562114,1766740255.802006074,/ground_truth.poses[1].position.y,-0.8539615324436586
0.3802260661297656,1766740255.822191918,/ground_truth.poses[1].position.y,-0.8587307688040737
0.37328814373773056,1766740255.841968942,/ground_truth.poses[1].position.y,-0.8633250670747588
0.3663502193901372,1766740255.862155447,/ground_truth.poses[1].position.y,-0.8679193684492974
0.35941229537941466,1766740255.882195380,/ground_truth.poses[1].position.y,-0.8725136716283534
0.3524743717061768,1766740255.902312357,/ground_truth.poses[1].position.y,-0.8771079765870081
0.3455364483710047,1766740255.922334567,/ground_truth.poses[1].position.y,-0.8817022833008418
0.33859852537446544,1766740255.943453779,/ground_truth.poses[1].position.y,-0.8862965917459118
0.3316606027170991,1766740255.963328253,/ground_truth.poses[1].position.y,-0.8908909018987528
0.32472268039945507,1766740255.983763462,/ground_truth.poses[1].position.y,-0.8954852137363413
0.31778475842203907,1766740256.003294748,/ground_truth.poses[1].position.y,-0.9000795272361239
0.31084683678538316,1766740256.023446098,/ground_truth.poses[1].position.y,-0.904673842375962
0.3039089154899433,1766740256.043691384,/ground_truth.poses[1].position.y,-0.9092681591341909
0.2969709945362117,1766740256.063565298,/ground_truth.poses[1].position.y,-0.9138624774895378
0.29003307392464706,1766740256.083592708,/ground_truth.poses[1].position.y,-0.9184567974211593
0.28309515365570553,1766740256.103989555,/ground_truth.poses[1].position.y,-0.9230511189086116
0.2761572337297932,1766740256.123602724,/ground_truth.poses[1].position.y,-0.9276454419318761
0.26921931414734224,1766740256.143823543,/ground_truth.poses[1].position.y,-0.9322397664713008
0.2622813949087636,1766740256.163545034,/ground_truth.poses[1].position.y,-0.9368340925076243
0.25534347601445495,1766740256.183687338,/ground_truth.poses[1].position.y,-0.9414284200219627
0.24840555746480994,1766740256.203812559,/ground_truth.poses[1].position.y,-0.9460227489957964
0.24146763926018416,1766740256.223468197,/ground_truth.poses[1].position.y,-0.9506170794109857
0.2345297214009396,1766740256.243807958,/ground_truth.poses[1].position.y,-0.9552114112497333
0.22759180388743425,1766740256.263735452,/ground_truth.poses[1].position.y,-0.959805744494587
0.22065388672000208,1766740256.283844473,/ground_truth.poses[1].position.y,-0.9644000791284435
0.21371596989896918,1766740256.304171962,/ground_truth.poses[1].position.y,-0.9689944151345339
0.20677805342464603,1766740256.323755245,/ground_truth.poses[1].position.y,-0.9735887524964189
0.19984013729734917,1766740256.344190303,/ground_truth.poses[1].position.y,-0.9781830911979718
0.192902221517364,1766740256.364201182,/ground_truth.poses[1].position.y,-0.9827774312233941
0.18596430608499226,1766740256.384112967,/ground_truth.poses[1].position.y,-0.9873717725571807
0.17902639100050902,1766740256.404301286,/ground_truth.poses[1].position.y,-0.9919661151841396
0.17208847626415852,1766740256.424362819,/ground_truth.poses[1].position.y,-0.9965604590893906
0.1679843056496599,1766740256.444304620,/ground_truth.poses[1].position.y,-0.9992740995145764
0.16474083603221265,1766740256.464532332,/ground_truth.poses[1].position.y,-1.0014114476999711
0.16176205777490377,1766740256.484417377,/ground_truth.poses[1].position.y,-1.003374493374669
0.16037134968695324,1766740256.504616697,/ground_truth.poses[1].position.y,-1.0042917706396162
0.1598075946792203,1766740256.524556854,/ground_truth.poses[1].position.y,-1.0046644870749897
0.16007082693158767,1766740256.544719746,/ground_truth.poses[1].position.y,-1.0044926210484266
0.16112809564753539,1766740256.564597047,/ground_truth.poses[1].position.y,-1.003797870653068
0.16331630286928997,1766740256.584888147,/ground_truth.poses[1].position.y,-1.002358275324952
0.1667552802743789,1766740256.604689867,/ground_truth.poses[1].position.y,-1.0000941490395188
0.17098819167282348,1766740256.624868628,/ground_truth.poses[1].position.y,-0.9973069782727199
0.1757503944932307,1766740256.644741791,/ground_truth.poses[1].position.y,-0.9941711099513948
0.1810419143938953,1766740256.664797503,/ground_truth.poses[1].position.y,-0.990686527636296
0.1867304009284904,1766740256.685146892,/ground_truth.poses[1].position.y,-0.9869404241242923
0.192683539096463,1766740256.705081780,/ground_truth.poses[1].position.y,-0.9830199684329033
0.1987690047605067,1766740256.725132533,/ground_truth.poses[1].position.y,-0.9790123360108246
0.2048544706781804,1766740256.745769527,/ground_truth.poses[1].position.y,-0.9750047044889597
0.21093993684934795,1766740256.765031482,/ground_truth.poses[1].position.y,-0.9709970738571222
0.21702540327392403,1766740256.785281186,/ground_truth.poses[1].position.y,-0.9669894441051146
0.22311086995183366,1766740256.805236351,/ground_truth.poses[1].position.y,-0.9629818152229324
0.22946098139900148,1766740256.825238474,/ground_truth.poses[1].position.y,-0.9587998387870528
0.23692891920926,1766740256.845682229,/ground_truth.poses[1].position.y,-0.9538814353812741
0.2459255167366143,1766740256.865424427,/ground_truth.poses[1].position.y,-0.9479559631069282
0.25478980433958714,1766740256.885281540,/ground_truth.poses[1].position.y,-0.942117657484668
0.26352176238972175,1766740256.905734753,/ground_truth.poses[1].position.y,-0.9363665318339545
0.2735769373618288,1766740256.925311233,/ground_truth.poses[1].position.y,-0.9297436700041024
0.28389677819825565,1766740256.945744548,/ground_truth.poses[1].position.y,-0.9229464476871391
0.2944812770293337,1766740256.965365612,/ground_truth.poses[1].position.y,-0.915974869135472
0.307182920987832,1766740256.985503798,/ground_truth.poses[1].position.y,-0.9076085129714062
0.32067853658579965,1766740257.006093474,/ground_truth.poses[1].position.y,-0.8987190900996264
0.33443882016780624,1766740257.025611135,/ground_truth.poses[1].position.y,-0.8896553041970967
0.3484637472344703,1766740257.045776231,/ground_truth.poses[1].position.y,-0.8804171718361922
0.36248867857169326,1766740257.065783434,/ground_truth.poses[1].position.y,-0.871179037326574
0.3767782491308814,1766740257.085760460,/ground_truth.poses[1].position.y,-0.8617665592603856
0.39133247833740215,1766740257.105992450,/ground_truth.poses[1].position.y,-0.8521797243607507
0.40562206440374987,1766740257.125706136,/ground_truth.poses[1].position.y,-0.8427672372423676
0.4193823597913789,1766740257.145941543,/ground_truth.poses[1].position.y,-0.8337034481073236
0.4320516725401931,1766740257.166083757,/ground_truth.poses[1].position.y,-0.8251495320575242
0.44069814828217324,1766740257.185938756,/ground_truth.poses[1].position.y,-0.8193724991409578
0.4453889119714121,1766740257.206267968,/ground_truth.poses[1].position.y,-0.8159418942794928
0.4468445037466129,1766740257.226319743,/ground_truth.poses[1].position.y,-0.8149401695416888
0.44723427727458653,1766740257.246178880,/ground_truth.poses[1].position.y,-0.8146724847971727
0.44723289230295066,1766740257.266312557,/ground_truth.poses[1].position.y,-0.8146749807438798
0.4469059175273648,1766740257.286425476,/ground_truth.poses[1].position.y,-0.8149023674953846
0.44674226444271004,1766740257.306576156,/ground_truth.poses[1].position.y,-0.8150170084934585
0.4467419523876822,1766740257.326522605,/ground_truth.poses[1].position.y,-0.8150188896165147
0.44674164006900435,1766740257.346494662,/ground_truth.poses[1].position.y,-0.8150207706292172
0.4467413274855681,1766740257.366484943,/ground_truth.poses[1].position.y,-0.8150226515251288
0.4467410146365817,1766740257.386671850,/ground_truth.poses[1].position.y,-0.8150245322977848
0.4467407015212697,1766740257.406730177,/ground_truth.poses[1].position.y,-0.8150264129408501
0.4467403881388731,1766740257.426880125,/ground_truth.poses[1].position.y,-0.8150282934481171
0.44674007448864833,1766740257.446783584,/ground_truth.poses[1].position.y,-0.8150301738135027
0.44673976056986764,1766740257.466674039,/ground_truth.poses[1].position.y,-0.8150320540310463
0.4467394463818179,1766740257.486922921,/ground_truth.poses[1].position.y,-0.8150339340949068
0.4467391319238007,1766740257.506986058,/ground_truth.poses[1].position.y,-0.8150358139993604
0.44582262305362735,1766740257.526829195,/ground_truth.poses[1].position.y,-0.8157849667639147
0.4415900695071506,1766740257.547015380,/ground_truth.poses[1].position.y,-0.8187087224165068
0.43505783871791254,1766740257.566513104,/ground_truth.poses[1].position.y,-0.8232707416279407
0.42534051899470476,1766740257.586898360,/ground_truth.poses[1].position.y,-0.8299778192472276
0.4132755815245537,1766740257.606982656,/ground_truth.poses[1].position.y,-0.8383048638844622
0.4012106096702474,1766740257.626811626,/ground_truth.poses[1].position.y,-0.8466319304806897
0.38914563756550685,1766740257.647009343,/ground_truth.poses[1].position.y,-0.8549589968469503
0.37708066520922756,1766740257.666776258,/ground_truth.poses[1].position.y,-0.8632860629772079
0.3650156926003038,1766740257.687061939,/ground_truth.poses[1].position.y,-0.8716131288655409
0.3529507197376364,1766740257.707276097,/ground_truth.poses[1].position.y,-0.8799401945061398
0.3406249088611995,1766740257.727068299,/ground_truth.poses[1].position.y,-0.888447250386142
0.32829909210846225,1766740257.747356825,/ground_truth.poses[1].position.y,-0.896954309811756
0.31597327509665646,1766740257.767122277,/ground_truth.poses[1].position.y,-0.9054613689699603
0.30364745782466945,1766740257.787258569,/ground_truth.poses[1].position.y,-0.9139684278553946
0.29145205636661686,1766740257.807687347,/ground_truth.poses[1].position.y,-0.9223854931265463
0.2793870819581915,1766740257.827293362,/ground_truth.poses[1].position.y,-0.9307125571650321
0.2699942202916527,1766740257.847499194,/ground_truth.poses[1].position.y,-0.9372098976704931
0.26159408394164363,1766740257.867715826,/ground_truth.poses[1].position.y,-0.9430359292704328
0.2537148467904861,1766740257.887567750,/ground_truth.poses[1].position.y,-0.9485007868089129
0.24583560940712534,1766740257.907922679,/ground_truth.poses[1].position.y,-0.9539656440933261
0.2378261583989604,1766740257.927831869,/ground_truth.poses[1].position.y,-0.9595207867363693
0.2296864825532801,1766740257.947679775,/ground_truth.poses[1].position.y,-0.9651662223831131
0.22154680646899394,1766740257.967916284,/ground_truth.poses[1].position.y,-0.9708116577598259
0.21074380401875042,1766740257.987795889,/ground_truth.poses[1].position.y,-0.978391702938669
0.19833156437930563,1766740258.008087080,/ground_truth.poses[1].position.y,-0.9870522359350229
0.1851317472913403,1766740258.028225797,/ground_truth.poses[1].position.y,-0.99624549771148
0.17022043396034395,1766740258.048261282,/ground_truth.poses[1].position.y,-1.0065855993578907
0.15530724101284185,1766740258.068400460,/ground_truth.poses[1].position.y,-1.016923047074728
0.1402638137852649,1766740258.088998813,/ground_truth.poses[1].position.y,-1.0273507545080298
0.12509014422119755,1766740258.108704534,/ground_truth.poses[1].position.y,-1.0378687273959608
0.10991647410152887,1766740258.129314027,/ground_truth.poses[1].position.y,-1.0483866997388862
0.0947428034472932,1766740258.148899204,/ground_truth.poses[1].position.y,-1.058904671562642
0.07956913230957217,1766740258.168949627,/ground_truth.poses[1].position.y,-1.0694226429371134
0.06452569440813072,1766740258.188868916,/ground_truth.poses[1].position.y,-1.079850353598675
0.050393897514393216,1766740258.209165967,/ground_truth.poses[1].position.y,-1.0896462380883452
0.037043552287435486,1766740258.228985420,/ground_truth.poses[1].position.y,-1.0989005256133546
0.02691825456048875,1766740258.249116424,/ground_truth.poses[1].position.y,-1.1062964223438545
0.020426160448231083,1766740258.268848345,/ground_truth.poses[1].position.y,-1.1108986011249429
0.017913407027069023,1766740258.289231887,/ground_truth.poses[1].position.y,-1.1126961365605013
0.017913078508628232,1766740258.309470030,/ground_truth.poses[1].position.y,-1.1126980104843822
0.017912775049640537,1766740258.329125037,/ground_truth.poses[1].position.y,-1.112699860448682
0.01791247765711596,1766740258.349526854,/ground_truth.poses[1].position.y,-1.1127016733601325
0.0179121902669068,1766740258.369242975,/ground_truth.poses[1].position.y,-1.112703448562215
0.017911906447156373,1766740258.389203961,/ground_truth.poses[1].position.y,-1.1127051791649016
0.01791162826511452,1766740258.409943447,/ground_truth.poses[1].position.y,-1.112706875341632
0.01791135560888551,1766740258.429435641,/ground_truth.poses[1].position.y,-1.1127085377771246
0.017911088368727367,1766740258.449740157,/ground_truth.poses[1].position.y,-1.1127101671424047
0.01791082643707291,1766740258.469424619,/ground_truth.poses[1].position.y,-1.112711764095161
0.01791056970848749,1766740258.489649035,/ground_truth.poses[1].position.y,-1.1127133292800109
0.017910318079626314,1766740258.510382841,/ground_truth.poses[1].position.y,-1.1127148633287605
0.01791007144919328,1766740258.529621593,/ground_truth.poses[1].position.y,-1.112716366860657
0.017909829717900557,1766740258.549805895,/ground_truth.poses[1].position.y,-1.1127178404826403
0.01805748039325733,1766740258.569988393,/ground_truth.poses[1].position.y,-1.1118315873091273
0.018775335161896996,1766740258.589787258,/ground_truth.poses[1].position.y,-1.1073910725845255
0.020065002448134264,1766740258.610460250,/ground_truth.poses[1].position.y,-1.0993965818015992
0.02177638964572767,1766740258.629916515,/ground_truth.poses[1].position.y,-1.0884934545074572
0.02360931582656052,1766740258.650166620,/ground_truth.poses[1].position.y,-1.0768741434942837
0.025442247127636,1766740258.670287674,/ground_truth.poses[1].position.y,-1.0652548003305826
0.02734501957354845,1766740258.690270321,/ground_truth.poses[1].position.y,-1.0531927201937878
0.029389632678335366,1766740258.710741497,/ground_truth.poses[1].position.y,-1.0402419291645733
0.03184278111935832,1766740258.730390573,/ground_truth.poses[1].position.y,-1.0246593142344103
0.03447418696672436,1766740258.750427371,/ground_truth.poses[1].position.y,-1.0079479339516635
0.0372798815662355,1766740258.770594401,/ground_truth.poses[1].position.y,-0.9901296754713046
0.040294721284542805,1766740258.790411589,/ground_truth.poses[1].position.y,-0.9709832018810413
0.04341413517795709,1766740258.810862438,/ground_truth.poses[1].position.y,-0.9511726017450736
0.04663812464753212,1766740258.830834495,/ground_truth.poses[1].position.y,-0.9306978596782949
0.05017431008268416,1766740258.850569230,/ground_truth.poses[1].position.y,-0.9082269621687545
0.05401874035262873,1766740258.870493468,/ground_truth.poses[1].position.y,-0.8855812551820412
0.05858234161591194,1766740258.890747560,/ground_truth.poses[1].position.y,-0.863048619673372
0.06299420557112793,1766740258.911064329,/ground_truth.poses[1].position.y,-0.8400384072743265
0.06718469418434729,1766740258.930815525,/ground_truth.poses[1].position.y,-0.8169933552927049
0.07137518610894727,1766740258.950700490,/ground_truth.poses[1].position.y,-0.7939482823317284
0.07600842582471468,1766740258.970813088,/ground_truth.poses[1].position.y,-0.7709728133132782
0.08038549178576249,1766740258.990991269,/ground_truth.poses[1].position.y,-0.7481838826587781
0.08450636808650966,1766740259.011291287,/ground_truth.poses[1].position.y,-0.7255814981146973
0.08862724743152481,1766740259.031191260,/ground_truth.poses[1].position.y,-0.7029790942948178
0.09274812975834844,1766740259.051406470,/ground_truth.poses[1].position.y,-0.6803766715980282
0.09686901500562907,1766740259.072391693,/ground_truth.poses[1].position.y,-0.6577742304147416
0.10105952752366913,1766740259.092277670,/ground_truth.poses[1].position.y,-0.6347290270756596
0.1054366015977423,1766740259.113416709,/ground_truth.poses[1].position.y,-0.611939982709677
0.11000024446476822,1766740259.132061165,/ground_truth.poses[1].position.y,-0.5894071135442599
0.11412114558858955,1766740259.152362565,/ground_truth.poses[1].position.y,-0.5668046029055943
0.11868478897078094,1766740259.172330315,/ground_truth.poses[1].position.y,-0.5442716993230502
0.12280569530641762,1766740259.192345362,/ground_truth.poses[1].position.y,-0.5216691557153853
0.12692659938614326,1766740259.213365340,/ground_truth.poses[1].position.y,-0.4990665953796279
0.13104750594029194,1766740259.232034612,/ground_truth.poses[1].position.y,-0.4764640193952681
0.13538978470872765,1766740259.252649616,/ground_truth.poses[1].position.y,-0.4538962399364448
0.13995344519871014,1766740259.272617555,/ground_truth.poses[1].position.y,-0.4313632588184695
0.14451710800538964,1766740259.292601675,/ground_truth.poses[1].position.y,-0.4088302629951708
0.1488593985204841,1766740259.313390022,/ground_truth.poses[1].position.y,-0.3862624401670519
0.15320169604705702,1766740259.332093137,/ground_truth.poses[1].position.y,-0.36369460398261416
0.15711374350000665,1766740259.352420676,/ground_truth.poses[1].position.y,-0.34242017083502935
0.15906988113512407,1766740259.373090422,/ground_truth.poses[1].position.y,-0.3327904265846969
0.15972558172961,1766740259.393410507,/ground_truth.poses[1].position.y,-0.3328638118068258
0.1597273657406467,1766740259.413220623,/ground_truth.poses[1].position.y,-0.33288050954365184
0.15972914042096176,1766740259.433204021,/ground_truth.poses[1].position.y,-0.3328971652378839
0.1597309179957081,1766740259.453391449,/ground_truth.poses[1].position.y,-0.3329137848442189
0.15973269827254474,1766740259.473547559,/ground_truth.poses[1].position.y,-0.3329303708441146
0.15973448126007214,1766740259.493305668,/ground_truth.poses[1].position.y,-0.3329469204619324
0.15973626672252111,1766740259.513558087,/ground_truth.poses[1].position.y,-0.332963437899812
0.1597380546239013,1766740259.533489088,/ground_truth.poses[1].position.y,-0.3329799221040788
0.15973984493765297,1766740259.553578263,/ground_truth.poses[1].position.y,-0.3329963720101331
0.15974163744854175,1766740259.573206580,/ground_truth.poses[1].position.y,-0.3330127917780836
0.15974343214324926,1766740259.593779556,/ground_truth.poses[1].position.y,-0.3330291803175158
0.1597452289490253,1766740259.613786779,/ground_truth.poses[1].position.y,-0.33304553827165884
0.1595506116830817,1766740259.633979056,/ground_truth.poses[1].position.y,-0.3330594275357004
0.15914398542542926,1766740259.653669228,/ground_truth.poses[1].position.y,-0.3330710794075663
0.15852285556584067,1766740259.675093869,/ground_truth.poses[1].position.y,-0.3330734899630714
0.1576865776016391,1766740259.694128822,/ground_truth.poses[1].position.y,-0.3330877346450617
0.15658842570186002,1766740259.714176670,/ground_truth.poses[1].position.y,-0.33309777802236396
0.15530730463670478,1766740259.733885698,/ground_truth.poses[1].position.y,-0.3335307393629913
0.15451597055567154,1766740259.754426083,/ground_truth.poses[1].position.y,-0.3344948229489045
0.15379081495648617,1766740259.774193800,/ground_truth.poses[1].position.y,-0.3353536876257386
0.15313362062744065,1766740259.794166338,/ground_truth.poses[1].position.y,-0.3361125559323689
0.15252864193593638,1766740259.814468099,/ground_truth.poses[1].position.y,-0.33679545599729477
0.15195398207268423,1766740259.834164723,/ground_truth.poses[1].position.y,-0.3374308561638743
0.1511773621135087,1766740259.854475411,/ground_truth.poses[1].position.y,-0.33821191643223286
0.14980886779924987,1766740259.874035391,/ground_truth.poses[1].position.y,-0.3407387672426494
0.14762541468849463,1766740259.893842361,/ground_truth.poses[1].position.y,-0.34677108733225004
0.14459830567901943,1766740259.914651487,/ground_truth.poses[1].position.y,-0.35630213196116084
0.14069559875217985,1766740259.934155022,/ground_truth.poses[1].position.y,-0.36932395875499857
0.13620519336602827,1766740259.954339895,/ground_truth.poses[1].position.y,-0.3856149270861273
0.13112602804509532,1766740259.974133229,/ground_truth.poses[1].position.y,-0.4043977516834401
0.12605413701158144,1766740259.994272758,/ground_truth.poses[1].position.y,-0.423107434796904
0.12109951102062338,1766740260.014725701,/ground_truth.poses[1].position.y,-0.44138453918892656
0.1170781909021246,1766740260.033965876,/ground_truth.poses[1].position.y,-0.45625522033969834
0.11384847394400151,1766740260.054281964,/ground_truth.poses[1].position.y,-0.4682077451446817
0.11163046565954225,1766740260.074144778,/ground_truth.poses[1].position.y,-0.4764285249092922
0.1103341029949837,1766740260.094215929,/ground_truth.poses[1].position.y,-0.4812431361929537
0.10956266528024391,1766740260.114640259,/ground_truth.poses[1].position.y,-0.4841103811150488
0.10918306941955379,1766740260.134386907,/ground_truth.poses[1].position.y,-0.4855174801244817
0.10918315142940928,1766740260.154470281,/ground_truth.poses[1].position.y,-0.4855171641413122
0.1091832349949019,1766740260.174807588,/ground_truth.poses[1].position.y,-0.48551684226278063
0.1091833168935204,1766740260.194649644,/ground_truth.poses[1].position.y,-0.48551652678856944
0.10918339715844153,1766740260.214935425,/ground_truth.poses[1].position.y,-0.4855162175912344
0.10918347582218153,1766740260.234869913,/ground_truth.poses[1].position.y,-0.4855159145458676
0.10918355291660951,1766740260.254824868,/ground_truth.poses[1].position.y,-0.4855156175300464
0.1091836284843234,1766740260.275006435,/ground_truth.poses[1].position.y,-0.4855153264179625
0.10918370256751947,1766740260.294883957,/ground_truth.poses[1].position.y,-0.485515041101456
0.10918377519728953,1766740260.315359612,/ground_truth.poses[1].position.y,-0.4855147614685899
0.10918384640209258,1766740260.335160791,/ground_truth.poses[1].position.y,-0.4855144874061261
0.10918391620983971,1766740260.355100268,/ground_truth.poses[1].position.y,-0.4855142188030848
0.10918398464790402,1766740260.375111568,/ground_truth.poses[1].position.y,-0.48551395555070004
0.109184051743131,1766740260.395242181,/ground_truth.poses[1].position.y,-0.48551369754237483
0.10918411751969831,1766740260.415481616,/ground_truth.poses[1].position.y,-0.48551344467487456
0.10918418199304933,1766740260.435486424,/ground_truth.poses[1].position.y,-0.48551319684799865
0.10918424518311871,1766740260.455418757,/ground_truth.poses[1].position.y,-0.48551295395291905
0.1091843071153665,1766740260.475421572,/ground_truth.poses[1].position.y,-0.48551271589135797
0.1091843678158977,1766740260.495488937,/ground_truth.poses[1].position.y,-0.4855124825665111
0.10918442731363352,1766740260.515825302,/ground_truth.poses[1].position.y,-0.4855122538836102
0.10918448563379192,1766740260.535614479,/ground_truth.poses[1].position.y,-0.48551202975379826
0.10912990962188313,1766740260.555909788,/ground_truth.poses[1].position.y,-0.48549707171093587
0.10902069691677002,1766740260.575545640,/ground_truth.poses[1].position.y,-0.48546737902062304
0.10646222664457793,1766740260.595949341,/ground_truth.poses[1].position.y,-0.48463932574682544
0.10201515350755001,1766740260.616260560,/ground_truth.poses[1].position.y,-0.48196972001696436
0.09616774886106648,1766740260.635722708,/ground_truth.poses[1].position.y,-0.4771691760792551
0.08740361766361303,1766740260.656019259,/ground_truth.poses[1].position.y,-0.47110100623353773
0.07655384054375076,1766740260.675784502,/ground_truth.poses[1].position.y,-0.4632907947083203
0.06430273817205229,1766740260.695732735,/ground_truth.poses[1].position.y,-0.4533468844886144
0.05078790580104626,1766740260.716440431,/ground_truth.poses[1].position.y,-0.44119066846566823
0.03695192650850147,1766740260.735836086,/ground_truth.poses[1].position.y,-0.4284722515974937
0.02311594622462172,1766740260.756039073,/ground_truth.poses[1].position.y,-0.41575383826881757
0.009279965024470467,1766740260.776168143,/ground_truth.poses[1].position.y,-0.40303542850709456
-0.004556017074190123,1766740260.796158664,/ground_truth.poses[1].position.y,-0.3903170222414781
-0.018392000053961317,1766740260.816470795,/ground_truth.poses[1].position.y,-0.37759861940247236
-0.032227983897757356,1766740260.835968138,/ground_truth.poses[1].position.y,-0.36488021992197794
-0.04606396858880813,1766740260.856389602,/ground_truth.poses[1].position.y,-0.35216182373327104
-0.05989995411066186,1766740260.876614871,/ground_truth.poses[1].position.y,-0.3394434307709378
-0.0737359404471836,1766740260.896294694,/ground_truth.poses[1].position.y,-0.3267250409708269
-0.08757192758253471,1766740260.916687916,/ground_truth.poses[1].position.y,-0.3140066542701407
-0.09503393628580742,1766740260.937269057,/ground_truth.poses[1].position.y,-0.30669840965418094
-0.09402183510586977,1766740260.957018259,/ground_truth.poses[1].position.y,-0.30129520231810764
-0.08847385839683022,1766740260.977307357,/ground_truth.poses[1].position.y,-0.29358284575850563
-0.08305491074714086,1766740260.996987561,/ground_truth.poses[1].position.y,-0.2854241985160446
-0.08421540624782194,1766740261.017934123,/ground_truth.poses[1].position.y,-0.28642527758637115
-0.08734808887908324,1766740261.037460521,/ground_truth.poses[1].position.y,-0.28512491194942813
-0.08623269880104169,1766740261.057324106,/ground_truth.poses[1].position.y,-0.28079168713373276
-0.08937081725569121,1766740261.078253927,/ground_truth.poses[1].position.y,-0.27905766212369454
-0.09224488497817941,1766740261.098518519,/ground_truth.poses[1].position.y,-0.2772520646897797
-0.09524917435363396,1766740261.118573170,/ground_truth.poses[1].position.y,-0.27500068619750473
-0.09760959941006848,1766740261.137960660,/ground_truth.poses[1].position.y,-0.2734159378615449
-0.09731819911038542,1766740261.158868459,/ground_truth.poses[1].position.y,-0.2709101978047533
-0.09866105652685174,1766740261.178877636,/ground_truth.poses[1].position.y,-0.2700792903858004
-0.09867718177591653,1766740261.198332089,/ground_truth.poses[1].position.y,-0.2700924504474202
-0.0986933660705052,1766740261.218463714,/ground_truth.poses[1].position.y,-0.2701055160650351
-0.0987096088096405,1766740261.238503838,/ground_truth.poses[1].position.y,-0.2701184863031778
-0.09872590844879088,1766740261.258492587,/ground_truth.poses[1].position.y,-0.2701313623887496
-0.09874226391330351,1766740261.278711584,/ground_truth.poses[1].position.y,-0.27014414545767074
-0.09875867876038615,1766740261.298708909,/ground_truth.poses[1].position.y,-0.270156838931977
-0.09877515684762539,1766740261.319060833,/ground_truth.poses[1].position.y,-0.27016944665512116
-0.09880210525097344,1766740261.338683991,/ground_truth.poses[1].position.y,-0.270186698654937
-0.09887032837423784,1766740261.359038581,/ground_truth.poses[1].position.y,-0.2702181755424894
-0.09953842105892872,1766740261.379246878,/ground_truth.poses[1].position.y,-0.2713168218124689
-0.09995155536077482,1766740261.398485881,/ground_truth.poses[1].position.y,-0.27236975984861483
-0.09881140316058952,1766740261.419459423,/ground_truth.poses[1].position.y,-0.27108917262161225
-0.0988674260983897,1766740261.439183239,/ground_truth.poses[1].position.y,-0.2717406054612353
-0.09901967980013336,1766740261.459004485,/ground_truth.poses[1].position.y,-0.272191348372332
-0.0989227420235057,1766740261.478659403,/ground_truth.poses[1].position.y,-0.2726410407863547
-0.10587767041191304,1766740261.498768024,/ground_truth.poses[1].position.y,-0.28302344017221803
-0.11047000843955669,1766740261.518877939,/ground_truth.poses[1].position.y,-0.2928382870213602
-0.11648385006544591,1766740261.538764888,/ground_truth.poses[1].position.y,-0.30255547788243164
-0.12406511081823315,1766740261.558621741,/ground_truth.poses[1].position.y,-0.31220326579712465
-0.12823557219503398,1766740261.578643591,/ground_truth.poses[1].position.y,-0.3216286846268667
-0.1395067333130269,1766740261.598608816,/ground_truth.poses[1].position.y,-0.32962449427468904
-0.14688964428748258,1766740261.619210155,/ground_truth.poses[1].position.y,-0.3379504892297007
-0.15064185891941875,1766740261.638704192,/ground_truth.poses[1].position.y,-0.34693971881164504
-0.15088190646200836,1766740261.659038504,/ground_truth.poses[1].position.y,-0.35664188576469574
-0.14748253459517613,1766740261.680976481,/ground_truth.poses[1].position.y,-0.3671462735889281
-0.14022942739401012,1766740261.699151363,/ground_truth.poses[1].position.y,-0.3785200252500506
-0.12908679253198505,1766740261.719726413,/ground_truth.poses[1].position.y,-0.39082567669487134
-0.11641147584685058,1766740261.739193220,/ground_truth.poses[1].position.y,-0.40383542206272033
-0.10332402044279934,1766740261.759035656,/ground_truth.poses[1].position.y,-0.41608574570444035
-0.0898227362542652,1766740261.779551186,/ground_truth.poses[1].position.y,-0.4301187294683575
-0.07643521650308323,1766740261.799262147,/ground_truth.poses[1].position.y,-0.4467552456907746
-0.06331968316063752,1766740261.819399442,/ground_truth.poses[1].position.y,-0.4659861039496365
-0.05000110474806051,1766740261.839533612,/ground_truth.poses[1].position.y,-0.4878295227196489
-0.03647937599331852,1766740261.859395113,/ground_truth.poses[1].position.y,-0.5122834065667855
-0.02433763669635384,1766740261.880035395,/ground_truth.poses[1].position.y,-0.5392800976022321
-0.011201103648080215,1766740261.899763659,/ground_truth.poses[1].position.y,-0.5689186022994034
0.0019804801028621196,1766740261.919629298,/ground_truth.poses[1].position.y,-0.6011562632256343
0.014766696171232383,1766740261.939682998,/ground_truth.poses[1].position.y,-0.6351820685651708
0.027552920199966156,1766740261.959556181,/ground_truth.poses[1].position.y,-0.6692078895768196
0.040339152571763626,1766740261.980023861,/ground_truth.poses[1].position.y,-0.7032337134898962
0.05312539311793654,1766740261.999894941,/ground_truth.poses[1].position.y,-0.7372595402454691
0.0659116416732465,1766740262.019942269,/ground_truth.poses[1].position.y,-0.7712853697858335
0.07869789807583386,1766740262.039888869,/ground_truth.poses[1].position.y,-0.8053112020544095
0.09148416216719336,1766740262.060122303,/ground_truth.poses[1].position.y,-0.8393370369958576
0.10427043379201928,1766740262.080182525,/ground_truth.poses[1].position.y,-0.8733628745558475
0.11705671279823195,1766740262.100064445,/ground_truth.poses[1].position.y,-0.9073887146813376
0.12984299903683152,1766740262.120703614,/ground_truth.poses[1].position.y,-0.9414145573202799
0.14262929236187885,1766740262.140267001,/ground_truth.poses[1].position.y,-0.9754404024217967
0.15489203118548148,1766740262.160501037,/ground_truth.poses[1].position.y,-1.0069293165114315
0.16703449042337593,1766740262.180572129,/ground_truth.poses[1].position.y,-1.0350651399426805
0.18039354679805647,1766740262.201547745,/ground_truth.poses[1].position.y,-1.0599021341269235
0.1918916931898407,1766740262.221863893,/ground_truth.poses[1].position.y,-1.0813035167422071
0.20085471159467122,1766740262.241479657,/ground_truth.poses[1].position.y,-1.0992429234675951
0.2094903306449512,1766740262.261416149,/ground_truth.poses[1].position.y,-1.1138151903187437
0.21859006835586686,1766740262.282126771,/ground_truth.poses[1].position.y,-1.1250559064678782
0.227895877380659,1766740262.301662807,/ground_truth.poses[1].position.y,-1.1352203784281045
0.2373530214047237,1766740262.322082098,/ground_truth.poses[1].position.y,-1.145550136703452
0.2462414046379987,1766740262.342035090,/ground_truth.poses[1].position.y,-1.1510625337805294
0.25517232944589524,1766740262.361929804,/ground_truth.poses[1].position.y,-1.1537437328379405
0.26417709076985246,1766740262.382571898,/ground_truth.poses[1].position.y,-1.159007335596536
0.2730469327576891,1766740262.401892103,/ground_truth.poses[1].position.y,-1.1668326399131719
0.27952893877090834,1766740262.422172474,/ground_truth.poses[1].position.y,-1.1726623824667086
0.2828071932057496,1766740262.442212619,/ground_truth.poses[1].position.y,-1.176202393079552
0.28360590061134766,1766740262.461700615,/ground_truth.poses[1].position.y,-1.1770292596369667
0.28360566208634874,1766740262.482302165,/ground_truth.poses[1].position.y,-1.1770291789713834
0.2836054230375103,1766740262.501732865,/ground_truth.poses[1].position.y,-1.177029094110659
0.2836051887430158,1766740262.522058711,/ground_truth.poses[1].position.y,-1.1770290109385266
0.28360495910825284,1766740262.542081914,/ground_truth.poses[1].position.y,-1.1770289294213834
0.28360473404049164,1766740262.561913871,/ground_truth.poses[1].position.y,-1.1770288495262946
0.28360451344884774,1766740262.582180527,/ground_truth.poses[1].position.y,-1.1770287712209808
0.28360429724424574,1766740262.601770504,/ground_truth.poses[1].position.y,-1.1770286944738055
0.28360408534073617,1766740262.622322090,/ground_truth.poses[1].position.y,-1.1770286192538324
0.2836038776666475,1766740262.642312191,/ground_truth.poses[1].position.y,-1.1770285455314033
0.28360367414078513,1766740262.662163003,/ground_truth.poses[1].position.y,-1.1770284732768734
0.28360347468024916,1766740262.682624933,/ground_truth.poses[1].position.y,-1.177028402461013
0.28360327920380257,1766740262.702582434,/ground_truth.poses[1].position.y,-1.1770283330551743
0.28360308763183906,1766740262.722646653,/ground_truth.poses[1].position.y,-1.177028265031281
0.28360289988634896,1766740262.742718637,/ground_truth.poses[1].position.y,-1.1770281983618156
0.2836027158908869,1766740262.762641232,/ground_truth.poses[1].position.y,-1.1770281330198091
0.2836025355685169,1766740262.782688840,/ground_truth.poses[1].position.y,-1.1770280689787234
0.2836023588357306,1766740262.802568596,/ground_truth.poses[1].position.y,-1.1770280062121212
0.2836021856196907,1766740262.822783246,/ground_truth.poses[1].position.y,-1.1770279446945662
0.2836020158504141,1766740262.842692055,/ground_truth.poses[1].position.y,-1.1770278844012025
0.2830010086138337,1766740262.862969602,/ground_truth.poses[1].position.y,-1.1763566177143907
0.2808251868774364,1766740262.883220839,/ground_truth.poses[1].position.y,-1.1739355535219576
0.27624559328376674,1766740262.902983898,/ground_truth.poses[1].position.y,-1.1688300301371464
0.26926196245310297,1766740262.923166798,/ground_truth.poses[1].position.y,-1.1610402858297806
0.26033348877287843,1766740262.943129478,/ground_truth.poses[1].position.y,-1.1510995710648138
0.2500641328767998,1766740262.963281301,/ground_truth.poses[1].position.y,-1.1396883231629753
0.23979476307778716,1766740262.983326184,/ground_truth.poses[1].position.y,-1.1282770606927406
0.22952539620764315,1766740263.003156929,/ground_truth.poses[1].position.y,-1.1168657992588686
0.21925603220820708,1766740263.023482334,/ground_truth.poses[1].position.y,-1.1054545388408406
0.20898667102242355,1766740263.043231057,/ground_truth.poses[1].position.y,-1.0940432794185353
0.19871731259440936,1766740263.063513572,/ground_truth.poses[1].position.y,-1.0826320209722653
0.18829805579363565,1766740263.083669111,/ground_truth.poses[1].position.y,-1.0710541926741126
0.17772889403108172,1766740263.103675223,/ground_truth.poses[1].position.y,-1.0593097872430384
0.1671597348649808,1766740263.123935056,/ground_truth.poses[1].position.y,-1.0475653827309095
0.15659057824383227,1766740263.143792521,/ground_truth.poses[1].position.y,-1.0358209791196422
0.14602142411709249,1766740263.163526826,/ground_truth.poses[1].position.y,-1.0240765763913726
0.13545227243519253,1766740263.184016908,/ground_truth.poses[1].position.y,-1.0123321745286102
0.12488312314954841,1766740263.203662298,/ground_truth.poses[1].position.y,-1.0005877735142235
0.11461377876356416,1766740263.223994496,/ground_truth.poses[1].position.y,-0.9891765153925602
0.10543165079209112,1766740263.244051663,/ground_truth.poses[1].position.y,-0.9789746378344194
0.09913558985412085,1766740263.263836572,/ground_truth.poses[1].position.y,-0.9719810066595029
0.09572569367267378,1766740263.283942840,/ground_truth.poses[1].position.y,-0.9681955348952395
0.09520186462691853,1766740263.303971543,/ground_truth.poses[1].position.y,-0.9676170297953849
0.09520175983361628,1766740263.324071519,/ground_truth.poses[1].position.y,-0.9676169925727186
0.09520165712572083,1766740263.344176755,/ground_truth.poses[1].position.y,-0.9676169560908074
0.09520155646171244,1766740263.364161036,/ground_truth.poses[1].position.y,-0.967616920334888
0.09520145780091774,1766740263.384310343,/ground_truth.poses[1].position.y,-0.9676168852905129
0.09520136110347283,1766740263.404096565,/ground_truth.poses[1].position.y,-0.9676168509435225
0.09520131347876643,1766740263.424337103,/ground_truth.poses[1].position.y,-0.9676168340271987
0.09520121965333238,1766740263.444360837,/ground_truth.poses[1].position.y,-0.9676168007003502
0.09520112769502452,1766740263.464643423,/ground_truth.poses[1].position.y,-0.9676167680367074
0.09520103756668707,1766740263.484398026,/ground_truth.poses[1].position.y,-0.9676167360230723
0.09520094923190364,1766740263.504490658,/ground_truth.poses[1].position.y,-0.96761670464651
0.09520086265498245,1766740263.524609670,/ground_truth.poses[1].position.y,-0.9676166738943425
0.09520077780094204,1766740263.544539699,/ground_truth.poses[1].position.y,-0.9676166437541444
0.09520069463549712,1766740263.564847192,/ground_truth.poses[1].position.y,-0.9676166142137373
0.09520061312504477,1766740263.584712441,/ground_truth.poses[1].position.y,-0.9676165852611855
0.09520053323665044,1766740263.604607405,/ground_truth.poses[1].position.y,-0.9676165568847906
0.09520045493803539,1766740263.625338656,/ground_truth.poses[1].position.y,-0.967616529073087
0.09520037819756291,1766740263.644762834,/ground_truth.poses[1].position.y,-0.9676165018148373
0.09520030298422602,1766740263.664857831,/ground_truth.poses[1].position.y,-0.9676164750990276
0.09520022926763481,1766740263.684970541,/ground_truth.poses[1].position.y,-0.9676164489148636
0.09520015701800388,1766740263.705108167,/ground_truth.poses[1].position.y,-0.9676164232517654
0.09520008620614091,1766740263.725259258,/ground_truth.poses[1].position.y,-0.9676163980993637
0.09520001680343418,1766740263.745167206,/ground_truth.poses[1].position.y,-0.9676163734474956
0.09519994878184151,1766740263.765133824,/ground_truth.poses[1].position.y,-0.9676163492862004
0.0951998821138788,1766740263.785453429,/ground_truth.poses[1].position.y,-0.9676163256057159
0.09519981677260872,1766740263.805161926,/ground_truth.poses[1].position.y,-0.9676163023964737
0.09519975273163013,1766740263.825235092,/ground_truth.poses[1].position.y,-0.9676162796490962
0.09519968996506722,1766740263.845120759,/ground_truth.poses[1].position.y,-0.9676162573543923
0.09519962844755918,1766740263.865185069,/ground_truth.poses[1].position.y,-0.9676162355033537
0.09519956815424979,1766740263.885394328,/ground_truth.poses[1].position.y,-0.9676162140871514
0.09519950906077743,1766740263.905244399,/ground_truth.poses[1].position.y,-0.9676161930971323
0.09519945114326549,1766740263.925428271,/ground_truth.poses[1].position.y,-0.967616172524815
0.09519939437831232,1766740263.945508420,/ground_truth.poses[1].position.y,-0.9676161523618875
0.09519933874298193,1766740263.965456814,/ground_truth.poses[1].position.y,-0.9676161326002028
0.09519928421479491,1766740263.985805914,/ground_truth.poses[1].position.y,-0.9676161132317763
0.09519923077171895,1766740264.005420857,/ground_truth.poses[1].position.y,-0.9676160942487819
0.09519917839216063,1766740264.025648571,/ground_truth.poses[1].position.y,-0.9676160756435497
0.09519912705495556,1766740264.045918293,/ground_truth.poses[1].position.y,-0.967616057408562
0.09519907673936123,1766740264.065810703,/ground_truth.poses[1].position.y,-0.9676160395364511
0.09519902742504754,1766740264.086093830,/ground_truth.poses[1].position.y,-0.9676160220199957
0.09519897909208898,1766740264.106235955,/ground_truth.poses[1].position.y,-0.9676160048521182
0.09519893172095642,1766740264.126337353,/ground_truth.poses[1].position.y,-0.9676159880258818
0.09519886242591631,1766740264.146282261,/ground_truth.poses[1].position.y,-0.9676159634122694
0.09519886242591631,1766740264.166480019,/ground_truth.poses[1].position.y,-0.9676159634122694
0.0951987951890089,1766740264.186519963,/ground_truth.poses[1].position.y,-0.9676159395297068
0.09519872994910542,1766740264.206322957,/ground_truth.poses[1].position.y,-0.9676159163564813
0.09519872994910542,1766740264.226389731,/ground_truth.poses[1].position.y,-0.9676159163564813
0.09519866664689275,1766740264.246536003,/ground_truth.poses[1].position.y,-0.9676158938715244
0.09519860522481967,1766740264.266616674,/ground_truth.poses[1].position.y,-0.967615872054394
0.09519860522481967,1766740264.286745193,/ground_truth.poses[1].position.y,-0.967615872054394
0.09519854562704397,1766740264.306554468,/ground_truth.poses[1].position.y,-0.9676158508852549
0.0951984877993823,1766740264.326658672,/ground_truth.poses[1].position.y,-0.9676158303448611
0.0951984877993823,1766740264.346666817,/ground_truth.poses[1].position.y,-0.9676158303448611
0.09519843168926065,1766740264.366934886,/ground_truth.poses[1].position.y,-0.9676158104145385
0.09519837724566607,1766740264.386983086,/ground_truth.poses[1].position.y,-0.9676157910761668
0.09519837724566607,1766740264.406766373,/ground_truth.poses[1].position.y,-0.9676157910761668
0.09519832441910117,1766740264.427214126,/ground_truth.poses[1].position.y,-0.9676157723121648
0.09519827316153862,1766740264.447276653,/ground_truth.poses[1].position.y,-0.9676157541054731
0.09519827316153862,1766740264.467431851,/ground_truth.poses[1].position.y,-0.9676157541054731
0.09519822342637738,1766740264.488008074,/ground_truth.poses[1].position.y,-0.9676157364395387
0.09519817516840058,1766740264.507734485,/ground_truth.poses[1].position.y,-0.9676157192983006
0.09519817516840058,1766740264.527702115,/ground_truth.poses[1].position.y,-0.9676157192983006
0.09519811304663103,1766740264.547358455,/ground_truth.poses[1].position.y,-0.9676156972326426
0.09519811304663103,1766740264.567605234,/ground_truth.poses[1].position.y,-0.9676156972326426
0.095198053372708,1766740264.588225509,/ground_truth.poses[1].position.y,-0.9676156760364607
0.095198053372708,1766740264.607620303,/ground_truth.poses[1].position.y,-0.9676156760364607
0.09519799605017626,1766740264.627766334,/ground_truth.poses[1].position.y,-0.9676156556754936
0.09519799605017626,1766740264.648276464,/ground_truth.poses[1].position.y,-0.9676156556754936
0.09519794098638147,1766740264.667754012,/ground_truth.poses[1].position.y,-0.9676156361168304
0.09519794098638147,1766740264.688431653,/ground_truth.poses[1].position.y,-0.9676156361168304
0.09519788809232088,1766740264.707906906,/ground_truth.poses[1].position.y,-0.9676156173288575
0.09519788809232088,1766740264.728020448,/ground_truth.poses[1].position.y,-0.9676156173288575
0.09519783728249788,1766740264.748227794,/ground_truth.poses[1].position.y,-0.9676155992812063
0.09519783728249788,1766740264.768086791,/ground_truth.poses[1].position.y,-0.9676155992812063
0.09519778847478526,1766740264.788703810,/ground_truth.poses[1].position.y,-0.9676155819447052
0.09519778847478526,1766740264.808460276,/ground_truth.poses[1].position.y,-0.9676155819447052
0.09519778847478526,1766740264.828320086,/ground_truth.poses[1].position.y,-0.9676155819447052
0.09519773016072437,1766740264.848524406,/ground_truth.poses[1].position.y,-0.9676155612315492
0.09519773016072437,1766740264.868310558,/ground_truth.poses[1].position.y,-0.9676155612315492
0.09519767470463358,1766740264.888753924,/ground_truth.poses[1].position.y,-0.9676155415335449
0.09519767470463358,1766740264.908457031,/ground_truth.poses[1].position.y,-0.9676155415335449
0.09519767470463358,1766740264.928548251,/ground_truth.poses[1].position.y,-0.9676155415335449
0.09519762196644381,1766740264.948663625,/ground_truth.poses[1].position.y,-0.9676155228009395
0.09519762196644381,1766740264.968944458,/ground_truth.poses[1].position.y,-0.9676155228009395
0.09519757181295106,1766740264.989073348,/ground_truth.poses[1].position.y,-0.9676155049864188
0.09519757181295106,1766740265.008790953,/ground_truth.poses[1].position.y,-0.9676155049864188
0.09519757181295106,1766740265.028808235,/ground_truth.poses[1].position.y,-0.9676155049864188
0.09519752411747918,1766740265.048965798,/ground_truth.poses[1].position.y,-0.9676154880449878
0.09519752411747918,1766740265.069091313,/ground_truth.poses[1].position.y,-0.9676154880449878
0.09519752411747918,1766740265.089050657,/ground_truth.poses[1].position.y,-0.9676154880449878
0.09519746995830146,1766740265.109114075,/ground_truth.poses[1].position.y,-0.9676154688076489
0.09519746995830146,1766740265.129283932,/ground_truth.poses[1].position.y,-0.9676154688076489
0.09519746995830146,1766740265.148991217,/ground_truth.poses[1].position.y,-0.9676154688076489
0.09519741896851186,1766740265.169253926,/ground_truth.poses[1].position.y,-0.9676154506960767
0.09519741896851186,1766740265.189463466,/ground_truth.poses[1].position.y,-0.9676154506960767
0.09519741896851186,1766740265.209178777,/ground_truth.poses[1].position.y,-0.9676154506960767
0.09519737096263815,1766740265.229569635,/ground_truth.poses[1].position.y,-0.9676154336443916
0.09519737096263815,1766740265.249270648,/ground_truth.poses[1].position.y,-0.9676154336443916
0.09519737096263815,1766740265.269391443,/ground_truth.poses[1].position.y,-0.9676154336443916
0.09519731849473796,1766740265.289640547,/ground_truth.poses[1].position.y,-0.9676154150077957
0.09519731849473796,1766740265.309370855,/ground_truth.poses[1].position.y,-0.9676154150077957
0.09519731849473796,1766740265.330808391,/ground_truth.poses[1].position.y,-0.9676154150077957
0.09519731849473796,1766740265.350306558,/ground_truth.poses[1].position.y,-0.9676154150077957
0.09519726959122776,1766740265.370643044,/ground_truth.poses[1].position.y,-0.9676153976372711
0.09519726959122776,1766740265.391825856,/ground_truth.poses[1].position.y,-0.9676153976372711
0.09519726959122776,1766740265.410454203,/ground_truth.poses[1].position.y,-0.9676153976372711
0.09519726959122776,1766740265.430608430,/ground_truth.poses[1].position.y,-0.9676153976372711
0.09519721775619887,1766740265.450890956,/ground_truth.poses[1].position.y,-0.9676153792254715
0.09519721775619887,1766740265.470570219,/ground_truth.poses[1].position.y,-0.9676153792254715
0.09519721775619887,1766740265.491049883,/ground_truth.poses[1].position.y,-0.9676153792254715
0.09519721775619887,1766740265.510751167,/ground_truth.poses[1].position.y,-0.9676153792254715
0.09519716992570246,1766740265.531076012,/ground_truth.poses[1].position.y,-0.9676153622360819
0.09519716992570246,1766740265.551375509,/ground_truth.poses[1].position.y,-0.9676153622360819
0.09519716992570246,1766740265.571025037,/ground_truth.poses[1].position.y,-0.9676153622360819
0.09519716992570246,1766740265.590960357,/ground_truth.poses[1].position.y,-0.9676153622360819
0.0951971205188006,1766740265.610733645,/ground_truth.poses[1].position.y,-0.9676153446867539
0.0951971205188006,1766740265.630780393,/ground_truth.poses[1].position.y,-0.9676153446867539
0.0951971205188006,1766740265.650785192,/ground_truth.poses[1].position.y,-0.9676153446867539
0.0951971205188006,1766740265.670820027,/ground_truth.poses[1].position.y,-0.9676153446867539
0.0951971205188006,1766740265.691172864,/ground_truth.poses[1].position.y,-0.9676153446867539
0.09519707061723533,1766740265.710989763,/ground_truth.poses[1].position.y,-0.9676153269617217
0.09519707061723533,1766740265.731087766,/ground_truth.poses[1].position.y,-0.9676153269617217
0.09519707061723533,1766740265.751227406,/ground_truth.poses[1].position.y,-0.9676153269617217
0.09519707061723533,1766740265.771463646,/ground_truth.poses[1].position.y,-0.9676153269617217
0.09519707061723533,1766740265.791453187,/ground_truth.poses[1].position.y,-0.9676153269617217
0.09519707061723533,1766740265.811230362,/ground_truth.poses[1].position.y,-0.9676153269617217
0.09519702121862213,1766740265.831365804,/ground_truth.poses[1].position.y,-0.9676153094153385
0.09519702121862213,1766740265.851267191,/ground_truth.poses[1].position.y,-0.9676153094153385
0.09519702121862213,1766740265.871444651,/ground_truth.poses[1].position.y,-0.9676153094153385
0.09519702121862213,1766740265.891603417,/ground_truth.poses[1].position.y,-0.9676153094153385
0.09519702121862213,1766740265.911439182,/ground_truth.poses[1].position.y,-0.9676153094153385
0.09519702121862213,1766740265.932051442,/ground_truth.poses[1].position.y,-0.9676153094153385
0.0951969732065923,1766740265.951975470,/ground_truth.poses[1].position.y,-0.9676152923614699
0.0951969732065923,1766740265.972050530,/ground_truth.poses[1].position.y,-0.9676152923614699
0.0951969732065923,1766740265.992483517,/ground_truth.poses[1].position.y,-0.9676152923614699
0.0951969732065923,1766740266.011900953,/ground_truth.poses[1].position.y,-0.9676152923614699
0.0951969732065923,1766740266.032404230,/ground_truth.poses[1].position.y,-0.9676152923614699
0.0951969732065923,1766740266.052111235,/ground_truth.poses[1].position.y,-0.9676152923614699
0.0951969732065923,1766740266.072317990,/ground_truth.poses[1].position.y,-0.9676152923614699
0.0951969240423457,1766740266.092762708,/ground_truth.poses[1].position.y,-0.9676152748983348
0.0951969240423457,1766740266.112471015,/ground_truth.poses[1].position.y,-0.9676152748983348
0.0951969240423457,1766740266.132655209,/ground_truth.poses[1].position.y,-0.9676152748983348
0.0951969240423457,1766740266.152522021,/ground_truth.poses[1].position.y,-0.9676152748983348
0.0951969240423457,1766740266.172676850,/ground_truth.poses[1].position.y,-0.9676152748983348
0.0951969240423457,1766740266.192824475,/ground_truth.poses[1].position.y,-0.9676152748983348
0.0951969240423457,1766740266.212580130,/ground_truth.poses[1].position.y,-0.9676152748983348
0.0951969240423457,1766740266.232982640,/ground_truth.poses[1].position.y,-0.9676152748983348
0.09519687570543853,1766740266.252975647,/ground_truth.poses[1].position.y,-0.9676152577290706
0.09519687570543853,1766740266.272659690,/ground_truth.poses[1].position.y,-0.9676152577290706
0.09519687570543853,1766740266.293015302,/ground_truth.poses[1].position.y,-0.9676152577290706
0.09519687570543853,1766740266.312793389,/ground_truth.poses[1].position.y,-0.9676152577290706
0.09519687570543853,1766740266.333019210,/ground_truth.poses[1].position.y,-0.9676152577290706
0.09519687570543853,1766740266.353607586,/ground_truth.poses[1].position.y,-0.9676152577290706
0.09519687570543853,1766740266.373037254,/ground_truth.poses[1].position.y,-0.9676152577290706
0.09519687570543853,1766740266.393160744,/ground_truth.poses[1].position.y,-0.9676152577290706
0.09519687570543853,1766740266.413062181,/ground_truth.poses[1].position.y,-0.9676152577290706
0.0951968275417017,1766740266.432992091,/ground_truth.poses[1].position.y,-0.9676152406213169
0.0951968275417017,1766740266.453924948,/ground_truth.poses[1].position.y,-0.9676152406213169
0.0951968275417017,1766740266.473572903,/ground_truth.poses[1].position.y,-0.9676152406213169
0.0951968275417017,1766740266.493542437,/ground_truth.poses[1].position.y,-0.9676152406213169
0.0951968275417017,1766740266.513426702,/ground_truth.poses[1].position.y,-0.9676152406213169
0.0951968275417017,1766740266.533346172,/ground_truth.poses[1].position.y,-0.9676152406213169
0.0951968275417017,1766740266.553738383,/ground_truth.poses[1].position.y,-0.9676152406213169
0.0951968275417017,1766740266.574001623,/ground_truth.poses[1].position.y,-0.9676152406213169
0.0951968275417017,1766740266.593763270,/ground_truth.poses[1].position.y,-0.9676152406213169
0.0951968275417017,1766740266.613700534,/ground_truth.poses[1].position.y,-0.9676152406213169
0.0951968275417017,1766740266.633951972,/ground_truth.poses[1].position.y,-0.9676152406213169
0.0951968275417017,1766740266.654145693,/ground_truth.poses[1].position.y,-0.9676152406213169
0.09519677848174758,1766740266.673933007,/ground_truth.poses[1].position.y,-0.9676152231952273
0.09519677848174758,1766740266.693824125,/ground_truth.poses[1].position.y,-0.9676152231952273
0.09519677848174758,1766740266.713696408,/ground_truth.poses[1].position.y,-0.9676152231952273
0.09519677848174758,1766740266.734031111,/ground_truth.poses[1].position.y,-0.9676152231952273
0.09519677848174758,1766740266.754124936,/ground_truth.poses[1].position.y,-0.9676152231952273
0.09519677848174758,1766740266.773906059,/ground_truth.poses[1].position.y,-0.9676152231952273
0.09519677848174758,1766740266.794066628,/ground_truth.poses[1].position.y,-0.9676152231952273
0.09519677848174758,1766740266.814054025,/ground_truth.poses[1].position.y,-0.9676152231952273
0.09519677848174758,1766740266.833950242,/ground_truth.poses[1].position.y,-0.9676152231952273
0.09519677848174758,1766740266.854457136,/ground_truth.poses[1].position.y,-0.9676152231952273
0.09519677848174758,1766740266.874362741,/ground_truth.poses[1].position.y,-0.9676152231952273
0.09519677848174758,1766740266.894584574,/ground_truth.poses[1].position.y,-0.9676152231952273
0.09519677848174758,1766740266.914337545,/ground_truth.poses[1].position.y,-0.9676152231952273
0.09519677848174758,1766740266.934399210,/ground_truth.poses[1].position.y,-0.9676152231952273
0.09519677848174758,1766740266.954701072,/ground_truth.poses[1].position.y,-0.9676152231952273
0.09519677848174758,1766740266.974301970,/ground_truth.poses[1].position.y,-0.9676152231952273
0.09519673033707875,1766740266.994731299,/ground_truth.poses[1].position.y,-0.9676152060942476
0.09519673033707875,1766740267.014332087,/ground_truth.poses[1].position.y,-0.9676152060942476
0.09519673033707875,1766740267.034540084,/ground_truth.poses[1].position.y,-0.9676152060942476
0.09519673033707875,1766740267.054752971,/ground_truth.poses[1].position.y,-0.9676152060942476
0.09519673033707875,1766740267.074818484,/ground_truth.poses[1].position.y,-0.9676152060942476
0.09519673033707875,1766740267.094878917,/ground_truth.poses[1].position.y,-0.9676152060942476
0.09519673033707875,1766740267.115087265,/ground_truth.poses[1].position.y,-0.9676152060942476
0.09519673033707875,1766740267.135045548,/ground_truth.poses[1].position.y,-0.9676152060942476
0.09519673033707875,1766740267.155302707,/ground_truth.poses[1].position.y,-0.9676152060942476
0.09519673033707875,1766740267.175405148,/ground_truth.poses[1].position.y,-0.9676152060942476
0.09519673033707875,1766740267.195440375,/ground_truth.poses[1].position.y,-0.9676152060942476
0.09519673033707875,1766740267.215387917,/ground_truth.poses[1].position.y,-0.9676152060942476
0.09519673033707875,1766740267.235244872,/ground_truth.poses[1].position.y,-0.9676152060942476
0.09519673033707875,1766740267.255602758,/ground_truth.poses[1].position.y,-0.9676152060942476
0.09519673033707875,1766740267.275665085,/ground_truth.poses[1].position.y,-0.9676152060942476
0.09519673033707875,1766740267.295554810,/ground_truth.poses[1].position.y,-0.9676152060942476
0.09519673033707875,1766740267.315399221,/ground_truth.poses[1].position.y,-0.9676152060942476
0.09519673033707875,1766740267.335918739,/ground_truth.poses[1].position.y,-0.9676152060942476
0.09519673033707875,1766740267.355809767,/ground_truth.poses[1].position.y,-0.9676152060942476
0.09519673033707875,1766740267.375678563,/ground_truth.poses[1].position.y,-0.9676152060942476
0.09519673033707875,1766740267.395669556,/ground_truth.poses[1].position.y,-0.9676152060942476
0.09519673033707875,1766740267.415593015,/ground_truth.poses[1].position.y,-0.9676152060942476
0.09519668242154954,1766740267.435930183,/ground_truth.poses[1].position.y,-0.9676151890746585
0.09519668242154954,1766740267.455820429,/ground_truth.poses[1].position.y,-0.9676151890746585
0.09519668242154954,1766740267.476029348,/ground_truth.poses[1].position.y,-0.9676151890746585
0.09519668242154954,1766740267.496315201,/ground_truth.poses[1].position.y,-0.9676151890746585
0.09519668242154954,1766740267.516000586,/ground_truth.poses[1].position.y,-0.9676151890746585
0.09519668242154954,1766740267.536247646,/ground_truth.poses[1].position.y,-0.9676151890746585
0.09519668242154954,1766740267.556234272,/ground_truth.poses[1].position.y,-0.9676151890746585
0.09519668242154954,1766740267.576155846,/ground_truth.poses[1].position.y,-0.9676151890746585
0.09519668242154954,1766740267.596508874,/ground_truth.poses[1].position.y,-0.9676151890746585
0.09519668242154954,1766740267.616281061,/ground_truth.poses[1].position.y,-0.9676151890746585
0.09519668242154954,1766740267.636448473,/ground_truth.poses[1].position.y,-0.9676151890746585
0.09519668242154954,1766740267.657012373,/ground_truth.poses[1].position.y,-0.9676151890746585
0.09519668242154954,1766740267.676843950,/ground_truth.poses[1].position.y,-0.9676151890746585
0.09519668242154954,1766740267.697131506,/ground_truth.poses[1].position.y,-0.9676151890746585
0.09519668242154954,1766740267.716893473,/ground_truth.poses[1].position.y,-0.9676151890746585
0.09519668242154954,1766740267.736982039,/ground_truth.poses[1].position.y,-0.9676151890746585
0.09519668242154954,1766740267.757311443,/ground_truth.poses[1].position.y,-0.9676151890746585
0.09519668242154954,1766740267.777049966,/ground_truth.poses[1].position.y,-0.9676151890746585
0.09519668242154954,1766740267.797356387,/ground_truth.poses[1].position.y,-0.9676151890746585
0.09519668242154954,1766740267.817280837,/ground_truth.poses[1].position.y,-0.9676151890746585
0.09519668242154954,1766740267.837217430,/ground_truth.poses[1].position.y,-0.9676151890746585
0.09519668242154954,1766740267.857531284,/ground_truth.poses[1].position.y,-0.9676151890746585
0.09519668242154954,1766740267.877252145,/ground_truth.poses[1].position.y,-0.9676151890746585
0.09519668242154954,1766740267.897570368,/ground_truth.poses[1].position.y,-0.9676151890746585
0.09519668242154954,1766740267.917401013,/ground_truth.poses[1].position.y,-0.9676151890746585
0.09519668242154954,1766740267.937462889,/ground_truth.poses[1].position.y,-0.9676151890746585
0.09519668242154954,1766740267.957777425,/ground_truth.poses[1].position.y,-0.9676151890746585
0.09519668242154954,1766740267.977548369,/ground_truth.poses[1].position.y,-0.9676151890746585
0.09519668242154954,1766740267.997799678,/ground_truth.poses[1].position.y,-0.9676151890746585
0.09519668242154954,1766740268.017694152,/ground_truth.poses[1].position.y,-0.9676151890746585
0.09519668242154954,1766740268.037749506,/ground_truth.poses[1].position.y,-0.9676151890746585
0.09519668242154954,1766740268.057954368,/ground_truth.poses[1].position.y,-0.9676151890746585
0.09519668242154954,1766740268.078044727,/ground_truth.poses[1].position.y,-0.9676151890746585
0.09519668242154954,1766740268.098004292,/ground_truth.poses[1].position.y,-0.9676151890746585
0.09519668242154954,1766740268.117970039,/ground_truth.poses[1].position.y,-0.9676151890746585
0.09519668242154954,1766740268.138283463,/ground_truth.poses[1].position.y,-0.9676151890746585
0.09519668242154954,1766740268.158796980,/ground_truth.poses[1].position.y,-0.9676151890746585
0.09519668242154954,1766740268.178503564,/ground_truth.poses[1].position.y,-0.9676151890746585
0.09519668242154954,1766740268.198629449,/ground_truth.poses[1].position.y,-0.9676151890746585
0.09519668242154954,1766740268.218496422,/ground_truth.poses[1].position.y,-0.9676151890746585
0.09519668242154954,1766740268.238778829,/ground_truth.poses[1].position.y,-0.9676151890746585
0.09519668242154954,1766740268.259691448,/ground_truth.poses[1].position.y,-0.9676151890746585
0.09519663501713102,1766740268.278873396,/ground_truth.poses[1].position.y,-0.9676151722366154
0.09519663501713102,1766740268.299173666,/ground_truth.poses[1].position.y,-0.9676151722366154
0.09519663501713102,1766740268.319029137,/ground_truth.poses[1].position.y,-0.9676151722366154
0.09519663501713102,1766740268.339174789,/ground_truth.poses[1].position.y,-0.9676151722366154
0.09519663501713102,1766740268.359492672,/ground_truth.poses[1].position.y,-0.9676151722366154
0.09519663501713102,1766740268.379004444,/ground_truth.poses[1].position.y,-0.9676151722366154
0.09519663501713102,1766740268.399413886,/ground_truth.poses[1].position.y,-0.9676151722366154
0.09519663501713102,1766740268.419147311,/ground_truth.poses[1].position.y,-0.9676151722366154
0.09519663501713102,1766740268.439481063,/ground_truth.poses[1].position.y,-0.9676151722366154
0.09519663501713102,1766740268.460952523,/ground_truth.poses[1].position.y,-0.9676151722366154
0.09519663501713102,1766740268.480185335,/ground_truth.poses[1].position.y,-0.9676151722366154
0.09519663501713102,1766740268.500539175,/ground_truth.poses[1].position.y,-0.9676151722366154
0.09519663501713102,1766740268.520653298,/ground_truth.poses[1].position.y,-0.9676151722366154
0.09519663501713102,1766740268.540362177,/ground_truth.poses[1].position.y,-0.9676151722366154
0.09519663501713102,1766740268.561454861,/ground_truth.poses[1].position.y,-0.9676151722366154
0.09519663501713102,1766740268.580072028,/ground_truth.poses[1].position.y,-0.9676151722366154
0.09519663501713102,1766740268.600745743,/ground_truth.poses[1].position.y,-0.9676151722366154
0.09519663501713102,1766740268.620782171,/ground_truth.poses[1].position.y,-0.9676151722366154
0.09519663501713102,1766740268.640712182,/ground_truth.poses[1].position.y,-0.9676151722366154
0.09519663501713102,1766740268.661213115,/ground_truth.poses[1].position.y,-0.9676151722366154
0.09519663501713102,1766740268.680719046,/ground_truth.poses[1].position.y,-0.9676151722366154
0.09519663501713102,1766740268.700804836,/ground_truth.poses[1].position.y,-0.9676151722366154
0.09519663501713102,1766740268.720427655,/ground_truth.poses[1].position.y,-0.9676151722366154
0.09519663501713102,1766740268.740472639,/ground_truth.poses[1].position.y,-0.9676151722366154
0.09519663501713102,1766740268.761060264,/ground_truth.poses[1].position.y,-0.9676151722366154
0.09519663501713102,1766740268.780657064,/ground_truth.poses[1].position.y,-0.9676151722366154
0.09519663501713102,1766740268.800734789,/ground_truth.poses[1].position.y,-0.9676151722366154
0.09519663501713102,1766740268.820648800,/ground_truth.poses[1].position.y,-0.9676151722366154
0.09519663501713102,1766740268.841228299,/ground_truth.poses[1].position.y,-0.9676151722366154
0.09519663501713102,1766740268.861080896,/ground_truth.poses[1].position.y,-0.9676151722366154
0.09519663501713102,1766740268.880801907,/ground_truth.poses[1].position.y,-0.9676151722366154
0.09519663501713102,1766740268.901182867,/ground_truth.poses[1].position.y,-0.9676151722366154
0.09519663501713102,1766740268.920847804,/ground_truth.poses[1].position.y,-0.9676151722366154
0.09519663501713102,1766740268.940903378,/ground_truth.poses[1].position.y,-0.9676151722366154
0.09519663501713102,1766740268.961372261,/ground_truth.poses[1].position.y,-0.9676151722366154
0.09519663501713102,1766740268.980971747,/ground_truth.poses[1].position.y,-0.9676151722366154
0.09519663501713102,1766740269.001204410,/ground_truth.poses[1].position.y,-0.9676151722366154
0.09519663501713102,1766740269.021025027,/ground_truth.poses[1].position.y,-0.9676151722366154
0.09519663501713102,1766740269.041179806,/ground_truth.poses[1].position.y,-0.9676151722366154
0.09519663501713102,1766740269.061394196,/ground_truth.poses[1].position.y,-0.9676151722366154
0.09519663501713102,1766740269.081245150,/ground_truth.poses[1].position.y,-0.9676151722366154
0.09519663501713102,1766740269.101545950,/ground_truth.poses[1].position.y,-0.9676151722366154
0.09519663501713102,1766740269.121281820,/ground_truth.poses[1].position.y,-0.9676151722366154
0.09519663501713102,1766740269.141380324,/ground_truth.poses[1].position.y,-0.9676151722366154
0.09519663501713102,1766740269.163383704,/ground_truth.poses[1].position.y,-0.9676151722366154
0.09519663501713102,1766740269.181674724,/ground_truth.poses[1].position.y,-0.9676151722366154
0.09519663501713102,1766740269.202120023,/ground_truth.poses[1].position.y,-0.9676151722366154
0.09519663501713102,1766740269.221804096,/ground_truth.poses[1].position.y,-0.9676151722366154
0.09519663501713102,1766740269.241829013,/ground_truth.poses[1].position.y,-0.9676151722366154
0.09519663501713102,1766740269.262684507,/ground_truth.poses[1].position.y,-0.9676151722366154
0.09519663501713102,1766740269.281884408,/ground_truth.poses[1].position.y,-0.9676151722366154
0.09519663501713102,1766740269.302259207,/ground_truth.poses[1].position.y,-0.9676151722366154
0.09519663501713102,1766740269.322118796,/ground_truth.poses[1].position.y,-0.9676151722366154
0.09519663501713102,1766740269.342129056,/ground_truth.poses[1].position.y,-0.9676151722366154
0.09519663501713102,1766740269.362954614,/ground_truth.poses[1].position.y,-0.9676151722366154
0.09519663501713102,1766740269.382080758,/ground_truth.poses[1].position.y,-0.9676151722366154
0.09519663501713102,1766740269.402362373,/ground_truth.poses[1].position.y,-0.9676151722366154
0.09519663501713102,1766740269.422850352,/ground_truth.poses[1].position.y,-0.9676151722366154
0.09519663501713102,1766740269.442988951,/ground_truth.poses[1].position.y,-0.9676151722366154
0.09519663501713102,1766740269.463036871,/ground_truth.poses[1].position.y,-0.9676151722366154
0.09519663501713102,1766740269.482939781,/ground_truth.poses[1].position.y,-0.9676151722366154
0.09519663501713102,1766740269.502842872,/ground_truth.poses[1].position.y,-0.9676151722366154
0.09519663501713102,1766740269.522735483,/ground_truth.poses[1].position.y,-0.9676151722366154
0.09519663501713102,1766740269.542752686,/ground_truth.poses[1].position.y,-0.9676151722366154
0.09519663501713102,1766740269.562861139,/ground_truth.poses[1].position.y,-0.9676151722366154
0.09519663501713102,1766740269.582859547,/ground_truth.poses[1].position.y,-0.9676151722366154
0.09519663501713102,1766740269.602835703,/ground_truth.poses[1].position.y,-0.9676151722366154
0.09519663501713102,1766740269.622950678,/ground_truth.poses[1].position.y,-0.9676151722366154
0.09519663501713102,1766740269.643248934,/ground_truth.poses[1].position.y,-0.9676151722366154
0.09519663501713102,1766740269.663309588,/ground_truth.poses[1].position.y,-0.9676151722366154
0.09519663501713102,1766740269.683327161,/ground_truth.poses[1].position.y,-0.9676151722366154
0.09519663501713102,1766740269.703640776,/ground_truth.poses[1].position.y,-0.9676151722366154
0.09519663501713102,1766740269.723121150,/ground_truth.poses[1].position.y,-0.9676151722366154
0.09519663501713102,1766740269.743349856,/ground_truth.poses[1].position.y,-0.9676151722366154
0.09519663501713102,1766740269.763566921,/ground_truth.poses[1].position.y,-0.9676151722366154
0.09519663501713102,1766740269.783305645,/ground_truth.poses[1].position.y,-0.9676151722366154
0.09519663501713102,1766740269.803794436,/ground_truth.poses[1].position.y,-0.9676151722366154
0.09519663501713102,1766740269.823482767,/ground_truth.poses[1].position.y,-0.9676151722366154
0.09519663501713102,1766740269.843495291,/ground_truth.poses[1].position.y,-0.9676151722366154
0.09519663501713102,1766740269.864041669,/ground_truth.poses[1].position.y,-0.9676151722366154
0.09519663501713102,1766740269.883525970,/ground_truth.poses[1].position.y,-0.9676151722366154
0.09519663501713102,1766740269.903975678,/ground_truth.poses[1].position.y,-0.9676151722366154
0.09519663501713102,1766740269.923655994,/ground_truth.poses[1].position.y,-0.9676151722366154
0.09519663501713102,1766740269.943741173,/ground_truth.poses[1].position.y,-0.9676151722366154
0.09519663501713102,1766740269.964417844,/ground_truth.poses[1].position.y,-0.9676151722366154
0.09519663501713102,1766740269.983784305,/ground_truth.poses[1].position.y,-0.9676151722366154
0.09519663501713102,1766740270.004151540,/ground_truth.poses[1].position.y,-0.9676151722366154
0.09519663501713102,1766740270.024332497,/ground_truth.poses[1].position.y,-0.9676151722366154
0.09519663501713102,1766740270.044025707,/ground_truth.poses[1].position.y,-0.9676151722366154
0.09519663501713102,1766740270.064428298,/ground_truth.poses[1].position.y,-0.9676151722366154
0.09519663501713102,1766740270.084229058,/ground_truth.poses[1].position.y,-0.9676151722366154
0.09519663501713102,1766740270.104399296,/ground_truth.poses[1].position.y,-0.9676151722366154
0.09519663501713102,1766740270.124468927,/ground_truth.poses[1].position.y,-0.9676151722366154
0.09519663501713102,1766740270.145042626,/ground_truth.poses[1].position.y,-0.9676151722366154
0.09519663501713102,1766740270.164615852,/ground_truth.poses[1].position.y,-0.9676151722366154
0.09519663501713102,1766740270.184991703,/ground_truth.poses[1].position.y,-0.9676151722366154
0.09519663501713102,1766740270.204695592,/ground_truth.poses[1].position.y,-0.9676151722366154
0.09519663501713102,1766740270.224707005,/ground_truth.poses[1].position.y,-0.9676151722366154
0.09519663501713102,1766740270.244680787,/ground_truth.poses[1].position.y,-0.9676151722366154
0.09519663501713102,1766740270.265009961,/ground_truth.poses[1].position.y,-0.9676151722366154
0.09519663501713102,1766740270.284968805,/ground_truth.poses[1].position.y,-0.9676151722366154
0.09519663501713102,1766740270.304810582,/ground_truth.poses[1].position.y,-0.9676151722366154
0.09519663501713102,1766740270.324909026,/ground_truth.poses[1].position.y,-0.9676151722366154
0.09519663501713102,1766740270.345147731,/ground_truth.poses[1].position.y,-0.9676151722366154
0.09519663501713102,1766740270.365641712,/ground_truth.poses[1].position.y,-0.9676151722366154
0.09519663501713102,1766740270.385275612,/ground_truth.poses[1].position.y,-0.9676151722366154
0.09519663501713102,1766740270.405133979,/ground_truth.poses[1].position.y,-0.9676151722366154
0.09519663501713102,1766740270.425412448,/ground_truth.poses[1].position.y,-0.9676151722366154
0.09519663501713102,1766740270.445427597,/ground_truth.poses[1].position.y,-0.9676151722366154
0.09519663501713102,1766740270.465425134,/ground_truth.poses[1].position.y,-0.9676151722366154
0.09519663501713102,1766740270.485319639,/ground_truth.poses[1].position.y,-0.9676151722366154
0.09519663501713102,1766740270.505385202,/ground_truth.poses[1].position.y,-0.9676151722366154
0.09519663501713102,1766740270.525336181,/ground_truth.poses[1].position.y,-0.9676151722366154
0.09519663501713102,1766740270.545474801,/ground_truth.poses[1].position.y,-0.9676151722366154
0.09519663501713102,1766740270.565563697,/ground_truth.poses[1].position.y,-0.9676151722366154
0.09519663501713102,1766740270.585448163,/ground_truth.poses[1].position.y,-0.9676151722366154
0.09519663501713102,1766740270.605799909,/ground_truth.poses[1].position.y,-0.9676151722366154
0.09519663501713102,1766740270.625613994,/ground_truth.poses[1].position.y,-0.9676151722366154
0.09519663501713102,1766740270.645649200,/ground_truth.poses[1].position.y,-0.9676151722366154
0.09519663501713102,1766740270.666342111,/ground_truth.poses[1].position.y,-0.9676151722366154
0.09519663501713102,1766740270.685693124,/ground_truth.poses[1].position.y,-0.9676151722366154
0.09519663501713102,1766740270.705969740,/ground_truth.poses[1].position.y,-0.9676151722366154
0.09519663501713102,1766740270.725867130,/ground_truth.poses[1].position.y,-0.9676151722366154
0.09519663501713102,1766740270.745871990,/ground_truth.poses[1].position.y,-0.9676151722366154
0.09519663501713102,1766740270.766434278,/ground_truth.poses[1].position.y,-0.9676151722366154
0.09519663501713102,1766740270.785977158,/ground_truth.poses[1].position.y,-0.9676151722366154
0.09519663501713102,1766740270.806182090,/ground_truth.poses[1].position.y,-0.9676151722366154
0.09519663501713102,1766740270.826385450,/ground_truth.poses[1].position.y,-0.9676151722366154
0.09519663501713102,1766740270.846237586,/ground_truth.poses[1].position.y,-0.9676151722366154
0.09519663501713102,1766740270.866541633,/ground_truth.poses[1].position.y,-0.9676151722366154
0.09519663501713102,1766740270.886230244,/ground_truth.poses[1].position.y,-0.9676151722366154
0.09519663501713102,1766740270.906461465,/ground_truth.poses[1].position.y,-0.9676151722366154
0.09519663501713102,1766740270.926553398,/ground_truth.poses[1].position.y,-0.9676151722366154
0.09519663501713102,1766740270.946403449,/ground_truth.poses[1].position.y,-0.9676151722366154
0.09519663501713102,1766740270.966852256,/ground_truth.poses[1].position.y,-0.9676151722366154
0.09519663501713102,1766740270.986681519,/ground_truth.poses[1].position.y,-0.9676151722366154
0.09519663501713102,1766740271.006546399,/ground_truth.poses[1].position.y,-0.9676151722366154
0.09519663501713102,1766740271.026708772,/ground_truth.poses[1].position.y,-0.9676151722366154
0.09519663501713102,1766740271.046654102,/ground_truth.poses[1].position.y,-0.9676151722366154
0.09519663501713102,1766740271.066881576,/ground_truth.poses[1].position.y,-0.9676151722366154
0.09519663501713102,1766740271.086689660,/ground_truth.poses[1].position.y,-0.9676151722366154
0.09519663501713102,1766740271.106994849,/ground_truth.poses[1].position.y,-0.9676151722366154
0.09519663501713102,1766740271.127009298,/ground_truth.poses[1].position.y,-0.9676151722366154
0.09519663501713102,1766740271.147113322,/ground_truth.poses[1].position.y,-0.9676151722366154
0.09519663501713102,1766740271.167174197,/ground_truth.poses[1].position.y,-0.9676151722366154
0.09519663501713102,1766740271.187183796,/ground_truth.poses[1].position.y,-0.9676151722366154
0.09519663501713102,1766740271.207198204,/ground_truth.poses[1].position.y,-0.9676151722366154
0.09519663501713102,1766740271.227196843,/ground_truth.poses[1].position.y,-0.9676151722366154
0.09519663501713102,1766740271.247308061,/ground_truth.poses[1].position.y,-0.9676151722366154
0.09519663501713102,1766740271.268464926,/ground_truth.poses[1].position.y,-0.9676151722366154
0.09519663501713102,1766740271.287719559,/ground_truth.poses[1].position.y,-0.9676151722366154
0.09519663501713102,1766740271.307770205,/ground_truth.poses[1].position.y,-0.9676151722366154
0.09519663501713102,1766740271.327942607,/ground_truth.poses[1].position.y,-0.9676151722366154
0.09519663501713102,1766740271.347898596,/ground_truth.poses[1].position.y,-0.9676151722366154
0.09519663501713102,1766740271.368479739,/ground_truth.poses[1].position.y,-0.9676151722366154
0.09519663501713102,1766740271.388568305,/ground_truth.poses[1].position.y,-0.9676151722366154
0.09519663501713102,1766740271.408317139,/ground_truth.poses[1].position.y,-0.9676151722366154
0.09519663501713102,1766740271.428419120,/ground_truth.poses[1].position.y,-0.9676151722366154
0.09519663501713102,1766740271.448299819,/ground_truth.poses[1].position.y,-0.9676151722366154
0.09519663501713102,1766740271.468809870,/ground_truth.poses[1].position.y,-0.9676151722366154
0.09519663501713102,1766740271.488363570,/ground_truth.poses[1].position.y,-0.9676151722366154
0.09519663501713102,1766740271.508648822,/ground_truth.poses[1].position.y,-0.9676151722366154
0.09519663501713102,1766740271.529094112,/ground_truth.poses[1].position.y,-0.9676151722366154
0.09519663501713102,1766740271.548651790,/ground_truth.poses[1].position.y,-0.9676151722366154
0.09519663501713102,1766740271.568996984,/ground_truth.poses[1].position.y,-0.9676151722366154
0.09519663501713102,1766740271.589895578,/ground_truth.poses[1].position.y,-0.9676151722366154
0.09519663501713102,1766740271.609856066,/ground_truth.poses[1].position.y,-0.9676151722366154
0.09519663501713102,1766740271.630233088,/ground_truth.poses[1].position.y,-0.9676151722366154
0.09519663501713102,1766740271.649905460,/ground_truth.poses[1].position.y,-0.9676151722366154
0.09519663501713102,1766740271.670004746,/ground_truth.poses[1].position.y,-0.9676151722366154
0.09519663501713102,1766740271.690131944,/ground_truth.poses[1].position.y,-0.9676151722366154
0.09519663501713102,1766740271.710445378,/ground_truth.poses[1].position.y,-0.9676151722366154
0.09519663501713102,1766740271.731060294,/ground_truth.poses[1].position.y,-0.9676151722366154
0.09519663501713102,1766740271.750285002,/ground_truth.poses[1].position.y,-0.9676151722366154
0.09519663501713102,1766740271.770512617,/ground_truth.poses[1].position.y,-0.9676151722366154
0.09519663501713102,1766740271.790409927,/ground_truth.poses[1].position.y,-0.9676151722366154
0.09519663501713102,1766740271.810522818,/ground_truth.poses[1].position.y,-0.9676151722366154
0.09519663501713102,1766740271.830952169,/ground_truth.poses[1].position.y,-0.9676151722366154
0.09519663501713102,1766740271.850228433,/ground_truth.poses[1].position.y,-0.9676151722366154
0.09519663501713102,1766740271.870261666,/ground_truth.poses[1].position.y,-0.9676151722366154
0.09519663501713102,1766740271.890472099,/ground_truth.poses[1].position.y,-0.9676151722366154
0.09519663501713102,1766740271.910670870,/ground_truth.poses[1].position.y,-0.9676151722366154
0.09519663501713102,1766740271.931233789,/ground_truth.poses[1].position.y,-0.9676151722366154
0.09519663501713102,1766740271.950577098,/ground_truth.poses[1].position.y,-0.9676151722366154
0.09519663501713102,1766740271.970845939,/ground_truth.poses[1].position.y,-0.9676151722366154
0.09519663501713102,1766740271.990870086,/ground_truth.poses[1].position.y,-0.9676151722366154
0.09519663501713102,1766740272.010897267,/ground_truth.poses[1].position.y,-0.9676151722366154
0.09519663501713102,1766740272.031499991,/ground_truth.poses[1].position.y,-0.9676151722366154
0.09519663501713102,1766740272.051087013,/ground_truth.poses[1].position.y,-0.9676151722366154
0.09519663501713102,1766740272.071591113,/ground_truth.poses[1].position.y,-0.9676151722366154
0.09519663501713102,1766740272.091054385,/ground_truth.poses[1].position.y,-0.9676151722366154
0.09519663501713102,1766740272.111357821,/ground_truth.poses[1].position.y,-0.9676151722366154
0.09519663501713102,1766740272.132370498,/ground_truth.poses[1].position.y,-0.9676151722366154
0.09519663501713102,1766740272.151658975,/ground_truth.poses[1].position.y,-0.9676151722366154
0.09519663501713102,1766740272.173083588,/ground_truth.poses[1].position.y,-0.9676151722366154
0.09519663501713102,1766740272.192086343,/ground_truth.poses[1].position.y,-0.9676151722366154
0.09519663501713102,1766740272.212212279,/ground_truth.poses[1].position.y,-0.9676151722366154
0.09519663501713102,1766740272.232908727,/ground_truth.poses[1].position.y,-0.9676151722366154
0.09519663501713102,1766740272.252401383,/ground_truth.poses[1].position.y,-0.9676151722366154
0.09519663501713102,1766740272.272895264,/ground_truth.poses[1].position.y,-0.9676151722366154
0.09519663501713102,1766740272.292193138,/ground_truth.poses[1].position.y,-0.9676151722366154
0.09519663501713102,1766740272.312634361,/ground_truth.poses[1].position.y,-0.9676151722366154
0.09519663501713102,1766740272.333250550,/ground_truth.poses[1].position.y,-0.9676151722366154
0.09519663501713102,1766740272.352770007,/ground_truth.poses[1].position.y,-0.9676151722366154
0.09519663501713102,1766740272.372740964,/ground_truth.poses[1].position.y,-0.9676151722366154
0.09519663501713102,1766740272.392723252,/ground_truth.poses[1].position.y,-0.9676151722366154
0.09519663501713102,1766740272.412662069,/ground_truth.poses[1].position.y,-0.9676151722366154
0.09519663501713102,1766740272.432963382,/ground_truth.poses[1].position.y,-0.9676151722366154
0.09519663501713102,1766740272.452819034,/ground_truth.poses[1].position.y,-0.9676151722366154
0.09519663501713102,1766740272.472997017,/ground_truth.poses[1].position.y,-0.9676151722366154
0.09519663501713102,1766740272.493285095,/ground_truth.poses[1].position.y,-0.9676151722366154
0.09519663501713102,1766740272.513058344,/ground_truth.poses[1].position.y,-0.9676151722366154
0.09519663501713102,1766740272.533083101,/ground_truth.poses[1].position.y,-0.9676151722366154
0.09519663501713102,1766740272.553052826,/ground_truth.poses[1].position.y,-0.9676151722366154
0.09519663501713102,1766740272.572901616,/ground_truth.poses[1].position.y,-0.9676151722366154
0.09519663501713102,1766740272.592771475,/ground_truth.poses[1].position.y,-0.9676151722366154
0.09519663501713102,1766740272.612821339,/ground_truth.poses[1].position.y,-0.9676151722366154
0.09519663501713102,1766740272.633006295,/ground_truth.poses[1].position.y,-0.9676151722366154
0.09519663501713102,1766740272.653139434,/ground_truth.poses[1].position.y,-0.9676151722366154
0.09519663501713102,1766740272.673102677,/ground_truth.poses[1].position.y,-0.9676151722366154
0.09519663501713102,1766740272.693309143,/ground_truth.poses[1].position.y,-0.9676151722366154
0.09519663501713102,1766740272.713364617,/ground_truth.poses[1].position.y,-0.9676151722366154
0.09519663501713102,1766740272.733306050,/ground_truth.poses[1].position.y,-0.9676151722366154
0.09519663501713102,1766740272.753329675,/ground_truth.poses[1].position.y,-0.9676151722366154
0.09519663501713102,1766740272.773337762,/ground_truth.poses[1].position.y,-0.9676151722366154
0.09519663501713102,1766740272.793269937,/ground_truth.poses[1].position.y,-0.9676151722366154
0.09519663501713102,1766740272.813590344,/ground_truth.poses[1].position.y,-0.9676151722366154
0.09519663501713102,1766740272.833509916,/ground_truth.poses[1].position.y,-0.9676151722366154
0.09519663501713102,1766740272.853550383,/ground_truth.poses[1].position.y,-0.9676151722366154
